file_index,category,line_number,text
53,Sedang,1,"[582382] Artificial intelligence models require structured training datasets to improve accuracy. Data science combines statistical analysis, machine learning, and domain expertise to solve problems. Keamanan informasi menjadi pilar utama dalam pengembangan aplikasi berbasis web saat ini. Protokol jaringan bertugas mengatur komunikasi data antar perangkat agar berjalan lancar."
53,Sedang,2,"[935074] Artificial intelligence models require structured training datasets to improve accuracy. Cloud computing provides scalable resources over the internet for modern applications. Data science combines statistical analysis, machine learning, and domain expertise to solve problems. Software engineering principles emphasize clean code, documentation, and thorough testing."
53,Sedang,3,[948966] Keamanan informasi menjadi pilar utama dalam pengembangan aplikasi berbasis web saat ini. Sistem kriptografi ini digunakan untuk mengamankan data sensitif dari akses yang tidak sah. Pengujian performa algoritma dilakukan dengan mengukur waktu eksekusi dan penggunaan memori. Sistem kriptografi ini digunakan untuk mengamankan data sensitif dari akses yang tidak sah.
53,Sedang,4,"[980063] Implementasi fungsi hash membantu menjaga integritas data dari manipulasi pihak ketiga. Sistem kriptografi ini digunakan untuk mengamankan data sensitif dari akses yang tidak sah. Data science combines statistical analysis, machine learning, and domain expertise to solve problems. Protokol jaringan bertugas mengatur komunikasi data antar perangkat agar berjalan lancar."
53,Sedang,5,[244090] Artificial intelligence models require structured training datasets to improve accuracy. Sistem kriptografi ini digunakan untuk mengamankan data sensitif dari akses yang tidak sah. Protokol jaringan bertugas mengatur komunikasi data antar perangkat agar berjalan lancar. Implementasi fungsi hash membantu menjaga integritas data dari manipulasi pihak ketiga.
53,Sedang,6,"[247969] Software engineering principles emphasize clean code, documentation, and thorough testing. Optimasi kode pemrograman dapat meningkatkan kecepatan pemrosesan data secara signifikan. Sistem kriptografi ini digunakan untuk mengamankan data sensitif dari akses yang tidak sah. Implementasi fungsi hash membantu menjaga integritas data dari manipulasi pihak ketiga."
53,Sedang,7,[822267] Protokol jaringan bertugas mengatur komunikasi data antar perangkat agar berjalan lancar. The quick brown fox jumps over the lazy dog to test typography and rendering speeds. Optimasi kode pemrograman dapat meningkatkan kecepatan pemrosesan data secara signifikan. Keamanan informasi menjadi pilar utama dalam pengembangan aplikasi berbasis web saat ini.
53,Sedang,8,[139789] Proses enkripsi mengubah plaintext menjadi ciphertext menggunakan kunci rahasia tertentu. Implementasi fungsi hash membantu menjaga integritas data dari manipulasi pihak ketiga. Proses enkripsi mengubah plaintext menjadi ciphertext menggunakan kunci rahasia tertentu. Keamanan informasi menjadi pilar utama dalam pengembangan aplikasi berbasis web saat ini.
53,Sedang,9,[204140] Optimasi kode pemrograman dapat meningkatkan kecepatan pemrosesan data secara signifikan. Artificial intelligence models require structured training datasets to improve accuracy. Mahasiswa wajib memastikan variasi ukuran file dan isi data tidak boleh ada yang identik. Analisis data skala besar memerlukan infrastruktur komputasi yang kuat dan efisien.
53,Sedang,10,"[797658] Pengujian performa algoritma dilakukan dengan mengukur waktu eksekusi dan penggunaan memori. Proses enkripsi mengubah plaintext menjadi ciphertext menggunakan kunci rahasia tertentu. Data science combines statistical analysis, machine learning, and domain expertise to solve problems. Software engineering principles emphasize clean code, documentation, and thorough testing."
53,Sedang,11,"[884161] Cloud computing provides scalable resources over the internet for modern applications. Optimasi kode pemrograman dapat meningkatkan kecepatan pemrosesan data secara signifikan. Data science combines statistical analysis, machine learning, and domain expertise to solve problems. The quick brown fox jumps over the lazy dog to test typography and rendering speeds."
53,Sedang,12,[172450] Protokol jaringan bertugas mengatur komunikasi data antar perangkat agar berjalan lancar. The quick brown fox jumps over the lazy dog to test typography and rendering speeds. Implementasi fungsi hash membantu menjaga integritas data dari manipulasi pihak ketiga. Pengujian performa algoritma dilakukan dengan mengukur waktu eksekusi dan penggunaan memori.
53,Sedang,13,[705964] Analisis data skala besar memerlukan infrastruktur komputasi yang kuat dan efisien. Mahasiswa wajib memastikan variasi ukuran file dan isi data tidak boleh ada yang identik. Kombinasi antara metode simetris dan asimetris menghasilkan sistem keamanan yang hibrida. Proses enkripsi mengubah plaintext menjadi ciphertext menggunakan kunci rahasia tertentu.
53,Sedang,14,[947656] Mahasiswa wajib memastikan variasi ukuran file dan isi data tidak boleh ada yang identik. Artificial intelligence models require structured training datasets to improve accuracy. Sistem kriptografi ini digunakan untuk mengamankan data sensitif dari akses yang tidak sah. Protokol jaringan bertugas mengatur komunikasi data antar perangkat agar berjalan lancar.
53,Sedang,15,[256470] Optimasi kode pemrograman dapat meningkatkan kecepatan pemrosesan data secara signifikan. Analisis data skala besar memerlukan infrastruktur komputasi yang kuat dan efisien. Protokol jaringan bertugas mengatur komunikasi data antar perangkat agar berjalan lancar. Keamanan informasi menjadi pilar utama dalam pengembangan aplikasi berbasis web saat ini.
53,Sedang,16,"[951649] Data science combines statistical analysis, machine learning, and domain expertise to solve problems. Data science combines statistical analysis, machine learning, and domain expertise to solve problems. The quick brown fox jumps over the lazy dog to test typography and rendering speeds. Data science combines statistical analysis, machine learning, and domain expertise to solve problems."
53,Sedang,17,"[420173] Implementasi fungsi hash membantu menjaga integritas data dari manipulasi pihak ketiga. Analisis data skala besar memerlukan infrastruktur komputasi yang kuat dan efisien. Software engineering principles emphasize clean code, documentation, and thorough testing. Keamanan informasi menjadi pilar utama dalam pengembangan aplikasi berbasis web saat ini."
53,Sedang,18,[754819] Sistem kriptografi ini digunakan untuk mengamankan data sensitif dari akses yang tidak sah. Sistem kriptografi ini digunakan untuk mengamankan data sensitif dari akses yang tidak sah. Pengujian performa algoritma dilakukan dengan mengukur waktu eksekusi dan penggunaan memori. Mahasiswa wajib memastikan variasi ukuran file dan isi data tidak boleh ada yang identik.
53,Sedang,19,"[784707] Optimasi kode pemrograman dapat meningkatkan kecepatan pemrosesan data secara signifikan. Artificial intelligence models require structured training datasets to improve accuracy. Software engineering principles emphasize clean code, documentation, and thorough testing. Pengujian performa algoritma dilakukan dengan mengukur waktu eksekusi dan penggunaan memori."
53,Sedang,20,[898420] Mahasiswa wajib memastikan variasi ukuran file dan isi data tidak boleh ada yang identik. Implementasi fungsi hash membantu menjaga integritas data dari manipulasi pihak ketiga. Implementasi fungsi hash membantu menjaga integritas data dari manipulasi pihak ketiga. Keamanan informasi menjadi pilar utama dalam pengembangan aplikasi berbasis web saat ini.
53,Sedang,21,[993345] Kombinasi antara metode simetris dan asimetris menghasilkan sistem keamanan yang hibrida. Protokol jaringan bertugas mengatur komunikasi data antar perangkat agar berjalan lancar. Mahasiswa wajib memastikan variasi ukuran file dan isi data tidak boleh ada yang identik. Artificial intelligence models require structured training datasets to improve accuracy.
53,Sedang,22,[363171] Artificial intelligence models require structured training datasets to improve accuracy. The quick brown fox jumps over the lazy dog to test typography and rendering speeds. Artificial intelligence models require structured training datasets to improve accuracy. Cloud computing provides scalable resources over the internet for modern applications.
53,Sedang,23,"[210254] Software engineering principles emphasize clean code, documentation, and thorough testing. Keamanan informasi menjadi pilar utama dalam pengembangan aplikasi berbasis web saat ini. Software engineering principles emphasize clean code, documentation, and thorough testing. Keamanan informasi menjadi pilar utama dalam pengembangan aplikasi berbasis web saat ini."
53,Sedang,24,[598471] Pengujian performa algoritma dilakukan dengan mengukur waktu eksekusi dan penggunaan memori. Cloud computing provides scalable resources over the internet for modern applications. Artificial intelligence models require structured training datasets to improve accuracy. Keamanan informasi menjadi pilar utama dalam pengembangan aplikasi berbasis web saat ini.
53,Sedang,25,"[301344] Analisis data skala besar memerlukan infrastruktur komputasi yang kuat dan efisien. Software engineering principles emphasize clean code, documentation, and thorough testing. Analisis data skala besar memerlukan infrastruktur komputasi yang kuat dan efisien. Data science combines statistical analysis, machine learning, and domain expertise to solve problems."
53,Sedang,26,"[422582] Artificial intelligence models require structured training datasets to improve accuracy. Kombinasi antara metode simetris dan asimetris menghasilkan sistem keamanan yang hibrida. Data science combines statistical analysis, machine learning, and domain expertise to solve problems. Artificial intelligence models require structured training datasets to improve accuracy."
53,Sedang,27,[280340] Artificial intelligence models require structured training datasets to improve accuracy. Cloud computing provides scalable resources over the internet for modern applications. Kombinasi antara metode simetris dan asimetris menghasilkan sistem keamanan yang hibrida. Optimasi kode pemrograman dapat meningkatkan kecepatan pemrosesan data secara signifikan.
53,Sedang,28,"[563167] Cloud computing provides scalable resources over the internet for modern applications. Software engineering principles emphasize clean code, documentation, and thorough testing. Cloud computing provides scalable resources over the internet for modern applications. Implementasi fungsi hash membantu menjaga integritas data dari manipulasi pihak ketiga."
53,Sedang,29,"[434633] Software engineering principles emphasize clean code, documentation, and thorough testing. Implementasi fungsi hash membantu menjaga integritas data dari manipulasi pihak ketiga. Artificial intelligence models require structured training datasets to improve accuracy. Kombinasi antara metode simetris dan asimetris menghasilkan sistem keamanan yang hibrida."
53,Sedang,30,[715867] The quick brown fox jumps over the lazy dog to test typography and rendering speeds. Proses enkripsi mengubah plaintext menjadi ciphertext menggunakan kunci rahasia tertentu. Pengujian performa algoritma dilakukan dengan mengukur waktu eksekusi dan penggunaan memori. Optimasi kode pemrograman dapat meningkatkan kecepatan pemrosesan data secara signifikan.
53,Sedang,31,[790905] Proses enkripsi mengubah plaintext menjadi ciphertext menggunakan kunci rahasia tertentu. Proses enkripsi mengubah plaintext menjadi ciphertext menggunakan kunci rahasia tertentu. Artificial intelligence models require structured training datasets to improve accuracy. Cloud computing provides scalable resources over the internet for modern applications.
53,Sedang,32,"[329774] Sistem kriptografi ini digunakan untuk mengamankan data sensitif dari akses yang tidak sah. Analisis data skala besar memerlukan infrastruktur komputasi yang kuat dan efisien. Analisis data skala besar memerlukan infrastruktur komputasi yang kuat dan efisien. Software engineering principles emphasize clean code, documentation, and thorough testing."
53,Sedang,33,[361644] Kombinasi antara metode simetris dan asimetris menghasilkan sistem keamanan yang hibrida. Proses enkripsi mengubah plaintext menjadi ciphertext menggunakan kunci rahasia tertentu. Artificial intelligence models require structured training datasets to improve accuracy. Protokol jaringan bertugas mengatur komunikasi data antar perangkat agar berjalan lancar.
53,Sedang,34,"[770807] Sistem kriptografi ini digunakan untuk mengamankan data sensitif dari akses yang tidak sah. Data science combines statistical analysis, machine learning, and domain expertise to solve problems. Sistem kriptografi ini digunakan untuk mengamankan data sensitif dari akses yang tidak sah. Software engineering principles emphasize clean code, documentation, and thorough testing."
53,Sedang,35,"[475378] Cloud computing provides scalable resources over the internet for modern applications. Keamanan informasi menjadi pilar utama dalam pengembangan aplikasi berbasis web saat ini. Data science combines statistical analysis, machine learning, and domain expertise to solve problems. Kombinasi antara metode simetris dan asimetris menghasilkan sistem keamanan yang hibrida."
53,Sedang,36,"[642443] Proses enkripsi mengubah plaintext menjadi ciphertext menggunakan kunci rahasia tertentu. Artificial intelligence models require structured training datasets to improve accuracy. Data science combines statistical analysis, machine learning, and domain expertise to solve problems. Keamanan informasi menjadi pilar utama dalam pengembangan aplikasi berbasis web saat ini."
53,Sedang,37,[726489] The quick brown fox jumps over the lazy dog to test typography and rendering speeds. Artificial intelligence models require structured training datasets to improve accuracy. Keamanan informasi menjadi pilar utama dalam pengembangan aplikasi berbasis web saat ini. Keamanan informasi menjadi pilar utama dalam pengembangan aplikasi berbasis web saat ini.
53,Sedang,38,[953167] The quick brown fox jumps over the lazy dog to test typography and rendering speeds. Analisis data skala besar memerlukan infrastruktur komputasi yang kuat dan efisien. Keamanan informasi menjadi pilar utama dalam pengembangan aplikasi berbasis web saat ini. Optimasi kode pemrograman dapat meningkatkan kecepatan pemrosesan data secara signifikan.
53,Sedang,39,[767363] Analisis data skala besar memerlukan infrastruktur komputasi yang kuat dan efisien. Kombinasi antara metode simetris dan asimetris menghasilkan sistem keamanan yang hibrida. Sistem kriptografi ini digunakan untuk mengamankan data sensitif dari akses yang tidak sah. Analisis data skala besar memerlukan infrastruktur komputasi yang kuat dan efisien.
53,Sedang,40,[576246] Artificial intelligence models require structured training datasets to improve accuracy. Proses enkripsi mengubah plaintext menjadi ciphertext menggunakan kunci rahasia tertentu. Artificial intelligence models require structured training datasets to improve accuracy. Artificial intelligence models require structured training datasets to improve accuracy.
53,Sedang,41,[914044] Sistem kriptografi ini digunakan untuk mengamankan data sensitif dari akses yang tidak sah. Implementasi fungsi hash membantu menjaga integritas data dari manipulasi pihak ketiga. Pengujian performa algoritma dilakukan dengan mengukur waktu eksekusi dan penggunaan memori. Keamanan informasi menjadi pilar utama dalam pengembangan aplikasi berbasis web saat ini.
53,Sedang,42,[495067] Cloud computing provides scalable resources over the internet for modern applications. Pengujian performa algoritma dilakukan dengan mengukur waktu eksekusi dan penggunaan memori. Keamanan informasi menjadi pilar utama dalam pengembangan aplikasi berbasis web saat ini. Analisis data skala besar memerlukan infrastruktur komputasi yang kuat dan efisien.
53,Sedang,43,"[218560] Analisis data skala besar memerlukan infrastruktur komputasi yang kuat dan efisien. Optimasi kode pemrograman dapat meningkatkan kecepatan pemrosesan data secara signifikan. Kombinasi antara metode simetris dan asimetris menghasilkan sistem keamanan yang hibrida. Data science combines statistical analysis, machine learning, and domain expertise to solve problems."
53,Sedang,44,[486083] Pengujian performa algoritma dilakukan dengan mengukur waktu eksekusi dan penggunaan memori. The quick brown fox jumps over the lazy dog to test typography and rendering speeds. Proses enkripsi mengubah plaintext menjadi ciphertext menggunakan kunci rahasia tertentu. Pengujian performa algoritma dilakukan dengan mengukur waktu eksekusi dan penggunaan memori.
53,Sedang,45,"[317670] Software engineering principles emphasize clean code, documentation, and thorough testing. Artificial intelligence models require structured training datasets to improve accuracy. Protokol jaringan bertugas mengatur komunikasi data antar perangkat agar berjalan lancar. The quick brown fox jumps over the lazy dog to test typography and rendering speeds."
53,Sedang,46,"[672115] Sistem kriptografi ini digunakan untuk mengamankan data sensitif dari akses yang tidak sah. Keamanan informasi menjadi pilar utama dalam pengembangan aplikasi berbasis web saat ini. Software engineering principles emphasize clean code, documentation, and thorough testing. Keamanan informasi menjadi pilar utama dalam pengembangan aplikasi berbasis web saat ini."
53,Sedang,47,[228963] Kombinasi antara metode simetris dan asimetris menghasilkan sistem keamanan yang hibrida. Cloud computing provides scalable resources over the internet for modern applications. Kombinasi antara metode simetris dan asimetris menghasilkan sistem keamanan yang hibrida. Implementasi fungsi hash membantu menjaga integritas data dari manipulasi pihak ketiga.
53,Sedang,48,[384677] Keamanan informasi menjadi pilar utama dalam pengembangan aplikasi berbasis web saat ini. Kombinasi antara metode simetris dan asimetris menghasilkan sistem keamanan yang hibrida. Analisis data skala besar memerlukan infrastruktur komputasi yang kuat dan efisien. Kombinasi antara metode simetris dan asimetris menghasilkan sistem keamanan yang hibrida.
53,Sedang,49,"[638581] Artificial intelligence models require structured training datasets to improve accuracy. Keamanan informasi menjadi pilar utama dalam pengembangan aplikasi berbasis web saat ini. Keamanan informasi menjadi pilar utama dalam pengembangan aplikasi berbasis web saat ini. Data science combines statistical analysis, machine learning, and domain expertise to solve problems."
53,Sedang,50,[993283] The quick brown fox jumps over the lazy dog to test typography and rendering speeds. Implementasi fungsi hash membantu menjaga integritas data dari manipulasi pihak ketiga. Implementasi fungsi hash membantu menjaga integritas data dari manipulasi pihak ketiga. Sistem kriptografi ini digunakan untuk mengamankan data sensitif dari akses yang tidak sah.
53,Sedang,51,"[641264] Pengujian performa algoritma dilakukan dengan mengukur waktu eksekusi dan penggunaan memori. Software engineering principles emphasize clean code, documentation, and thorough testing. Mahasiswa wajib memastikan variasi ukuran file dan isi data tidak boleh ada yang identik. Keamanan informasi menjadi pilar utama dalam pengembangan aplikasi berbasis web saat ini."
53,Sedang,52,"[425232] Data science combines statistical analysis, machine learning, and domain expertise to solve problems. Cloud computing provides scalable resources over the internet for modern applications. Implementasi fungsi hash membantu menjaga integritas data dari manipulasi pihak ketiga. Proses enkripsi mengubah plaintext menjadi ciphertext menggunakan kunci rahasia tertentu."
53,Sedang,53,[750849] Proses enkripsi mengubah plaintext menjadi ciphertext menggunakan kunci rahasia tertentu. Mahasiswa wajib memastikan variasi ukuran file dan isi data tidak boleh ada yang identik. Sistem kriptografi ini digunakan untuk mengamankan data sensitif dari akses yang tidak sah. Protokol jaringan bertugas mengatur komunikasi data antar perangkat agar berjalan lancar.
53,Sedang,54,"[736006] Mahasiswa wajib memastikan variasi ukuran file dan isi data tidak boleh ada yang identik. The quick brown fox jumps over the lazy dog to test typography and rendering speeds. Cloud computing provides scalable resources over the internet for modern applications. Software engineering principles emphasize clean code, documentation, and thorough testing."
53,Sedang,55,"[300652] Cloud computing provides scalable resources over the internet for modern applications. Mahasiswa wajib memastikan variasi ukuran file dan isi data tidak boleh ada yang identik. Pengujian performa algoritma dilakukan dengan mengukur waktu eksekusi dan penggunaan memori. Software engineering principles emphasize clean code, documentation, and thorough testing."
53,Sedang,56,[143554] Protokol jaringan bertugas mengatur komunikasi data antar perangkat agar berjalan lancar. Proses enkripsi mengubah plaintext menjadi ciphertext menggunakan kunci rahasia tertentu. Keamanan informasi menjadi pilar utama dalam pengembangan aplikasi berbasis web saat ini. Sistem kriptografi ini digunakan untuk mengamankan data sensitif dari akses yang tidak sah.
53,Sedang,57,"[681918] Analisis data skala besar memerlukan infrastruktur komputasi yang kuat dan efisien. Software engineering principles emphasize clean code, documentation, and thorough testing. Analisis data skala besar memerlukan infrastruktur komputasi yang kuat dan efisien. Optimasi kode pemrograman dapat meningkatkan kecepatan pemrosesan data secara signifikan."
53,Sedang,58,"[285385] Analisis data skala besar memerlukan infrastruktur komputasi yang kuat dan efisien. Kombinasi antara metode simetris dan asimetris menghasilkan sistem keamanan yang hibrida. Data science combines statistical analysis, machine learning, and domain expertise to solve problems. Analisis data skala besar memerlukan infrastruktur komputasi yang kuat dan efisien."
53,Sedang,59,"[503543] Protokol jaringan bertugas mengatur komunikasi data antar perangkat agar berjalan lancar. Data science combines statistical analysis, machine learning, and domain expertise to solve problems. Kombinasi antara metode simetris dan asimetris menghasilkan sistem keamanan yang hibrida. Software engineering principles emphasize clean code, documentation, and thorough testing."
53,Sedang,60,[806061] Mahasiswa wajib memastikan variasi ukuran file dan isi data tidak boleh ada yang identik. Cloud computing provides scalable resources over the internet for modern applications. Cloud computing provides scalable resources over the internet for modern applications. Proses enkripsi mengubah plaintext menjadi ciphertext menggunakan kunci rahasia tertentu.
53,Sedang,61,"[159697] Pengujian performa algoritma dilakukan dengan mengukur waktu eksekusi dan penggunaan memori. Software engineering principles emphasize clean code, documentation, and thorough testing. Mahasiswa wajib memastikan variasi ukuran file dan isi data tidak boleh ada yang identik. The quick brown fox jumps over the lazy dog to test typography and rendering speeds."
53,Sedang,62,[792682] Kombinasi antara metode simetris dan asimetris menghasilkan sistem keamanan yang hibrida. The quick brown fox jumps over the lazy dog to test typography and rendering speeds. Mahasiswa wajib memastikan variasi ukuran file dan isi data tidak boleh ada yang identik. Implementasi fungsi hash membantu menjaga integritas data dari manipulasi pihak ketiga.
53,Sedang,63,[766415] Sistem kriptografi ini digunakan untuk mengamankan data sensitif dari akses yang tidak sah. Kombinasi antara metode simetris dan asimetris menghasilkan sistem keamanan yang hibrida. Mahasiswa wajib memastikan variasi ukuran file dan isi data tidak boleh ada yang identik. Mahasiswa wajib memastikan variasi ukuran file dan isi data tidak boleh ada yang identik.
53,Sedang,64,"[852121] The quick brown fox jumps over the lazy dog to test typography and rendering speeds. Optimasi kode pemrograman dapat meningkatkan kecepatan pemrosesan data secara signifikan. Software engineering principles emphasize clean code, documentation, and thorough testing. Analisis data skala besar memerlukan infrastruktur komputasi yang kuat dan efisien."
53,Sedang,65,[151981] Protokol jaringan bertugas mengatur komunikasi data antar perangkat agar berjalan lancar. Proses enkripsi mengubah plaintext menjadi ciphertext menggunakan kunci rahasia tertentu. The quick brown fox jumps over the lazy dog to test typography and rendering speeds. Keamanan informasi menjadi pilar utama dalam pengembangan aplikasi berbasis web saat ini.
53,Sedang,66,"[469767] Analisis data skala besar memerlukan infrastruktur komputasi yang kuat dan efisien. Analisis data skala besar memerlukan infrastruktur komputasi yang kuat dan efisien. Sistem kriptografi ini digunakan untuk mengamankan data sensitif dari akses yang tidak sah. Data science combines statistical analysis, machine learning, and domain expertise to solve problems."
53,Sedang,67,[722131] The quick brown fox jumps over the lazy dog to test typography and rendering speeds. Proses enkripsi mengubah plaintext menjadi ciphertext menggunakan kunci rahasia tertentu. Sistem kriptografi ini digunakan untuk mengamankan data sensitif dari akses yang tidak sah. Pengujian performa algoritma dilakukan dengan mengukur waktu eksekusi dan penggunaan memori.
53,Sedang,68,[384785] Protokol jaringan bertugas mengatur komunikasi data antar perangkat agar berjalan lancar. Cloud computing provides scalable resources over the internet for modern applications. Pengujian performa algoritma dilakukan dengan mengukur waktu eksekusi dan penggunaan memori. The quick brown fox jumps over the lazy dog to test typography and rendering speeds.
53,Sedang,69,[719555] Analisis data skala besar memerlukan infrastruktur komputasi yang kuat dan efisien. Sistem kriptografi ini digunakan untuk mengamankan data sensitif dari akses yang tidak sah. Kombinasi antara metode simetris dan asimetris menghasilkan sistem keamanan yang hibrida. Sistem kriptografi ini digunakan untuk mengamankan data sensitif dari akses yang tidak sah.
53,Sedang,70,[539201] Pengujian performa algoritma dilakukan dengan mengukur waktu eksekusi dan penggunaan memori. Implementasi fungsi hash membantu menjaga integritas data dari manipulasi pihak ketiga. Optimasi kode pemrograman dapat meningkatkan kecepatan pemrosesan data secara signifikan. Cloud computing provides scalable resources over the internet for modern applications.
53,Sedang,71,[567283] Sistem kriptografi ini digunakan untuk mengamankan data sensitif dari akses yang tidak sah. Cloud computing provides scalable resources over the internet for modern applications. Proses enkripsi mengubah plaintext menjadi ciphertext menggunakan kunci rahasia tertentu. Analisis data skala besar memerlukan infrastruktur komputasi yang kuat dan efisien.
53,Sedang,72,[866663] Optimasi kode pemrograman dapat meningkatkan kecepatan pemrosesan data secara signifikan. Analisis data skala besar memerlukan infrastruktur komputasi yang kuat dan efisien. Sistem kriptografi ini digunakan untuk mengamankan data sensitif dari akses yang tidak sah. Optimasi kode pemrograman dapat meningkatkan kecepatan pemrosesan data secara signifikan.
53,Sedang,73,[342697] Proses enkripsi mengubah plaintext menjadi ciphertext menggunakan kunci rahasia tertentu. Optimasi kode pemrograman dapat meningkatkan kecepatan pemrosesan data secara signifikan. Proses enkripsi mengubah plaintext menjadi ciphertext menggunakan kunci rahasia tertentu. Protokol jaringan bertugas mengatur komunikasi data antar perangkat agar berjalan lancar.
53,Sedang,74,[230500] Implementasi fungsi hash membantu menjaga integritas data dari manipulasi pihak ketiga. Mahasiswa wajib memastikan variasi ukuran file dan isi data tidak boleh ada yang identik. Keamanan informasi menjadi pilar utama dalam pengembangan aplikasi berbasis web saat ini. Kombinasi antara metode simetris dan asimetris menghasilkan sistem keamanan yang hibrida.
53,Sedang,75,[284647] Artificial intelligence models require structured training datasets to improve accuracy. Cloud computing provides scalable resources over the internet for modern applications. The quick brown fox jumps over the lazy dog to test typography and rendering speeds. Kombinasi antara metode simetris dan asimetris menghasilkan sistem keamanan yang hibrida.
53,Sedang,76,"[868185] Optimasi kode pemrograman dapat meningkatkan kecepatan pemrosesan data secara signifikan. Artificial intelligence models require structured training datasets to improve accuracy. Protokol jaringan bertugas mengatur komunikasi data antar perangkat agar berjalan lancar. Software engineering principles emphasize clean code, documentation, and thorough testing."
53,Sedang,77,"[126126] Data science combines statistical analysis, machine learning, and domain expertise to solve problems. Mahasiswa wajib memastikan variasi ukuran file dan isi data tidak boleh ada yang identik. Implementasi fungsi hash membantu menjaga integritas data dari manipulasi pihak ketiga. Mahasiswa wajib memastikan variasi ukuran file dan isi data tidak boleh ada yang identik."
53,Sedang,78,[645258] Optimasi kode pemrograman dapat meningkatkan kecepatan pemrosesan data secara signifikan. Analisis data skala besar memerlukan infrastruktur komputasi yang kuat dan efisien. The quick brown fox jumps over the lazy dog to test typography and rendering speeds. Implementasi fungsi hash membantu menjaga integritas data dari manipulasi pihak ketiga.
53,Sedang,79,[930122] Sistem kriptografi ini digunakan untuk mengamankan data sensitif dari akses yang tidak sah. Mahasiswa wajib memastikan variasi ukuran file dan isi data tidak boleh ada yang identik. Cloud computing provides scalable resources over the internet for modern applications. The quick brown fox jumps over the lazy dog to test typography and rendering speeds.
53,Sedang,80,[544176] Protokol jaringan bertugas mengatur komunikasi data antar perangkat agar berjalan lancar. Analisis data skala besar memerlukan infrastruktur komputasi yang kuat dan efisien. Mahasiswa wajib memastikan variasi ukuran file dan isi data tidak boleh ada yang identik. Mahasiswa wajib memastikan variasi ukuran file dan isi data tidak boleh ada yang identik.
53,Sedang,81,"[423930] Pengujian performa algoritma dilakukan dengan mengukur waktu eksekusi dan penggunaan memori. Keamanan informasi menjadi pilar utama dalam pengembangan aplikasi berbasis web saat ini. Software engineering principles emphasize clean code, documentation, and thorough testing. Sistem kriptografi ini digunakan untuk mengamankan data sensitif dari akses yang tidak sah."
53,Sedang,82,[629192] Analisis data skala besar memerlukan infrastruktur komputasi yang kuat dan efisien. Kombinasi antara metode simetris dan asimetris menghasilkan sistem keamanan yang hibrida. Proses enkripsi mengubah plaintext menjadi ciphertext menggunakan kunci rahasia tertentu. Artificial intelligence models require structured training datasets to improve accuracy.
53,Sedang,83,"[379267] Mahasiswa wajib memastikan variasi ukuran file dan isi data tidak boleh ada yang identik. Software engineering principles emphasize clean code, documentation, and thorough testing. Sistem kriptografi ini digunakan untuk mengamankan data sensitif dari akses yang tidak sah. Software engineering principles emphasize clean code, documentation, and thorough testing."
53,Sedang,84,[493947] Proses enkripsi mengubah plaintext menjadi ciphertext menggunakan kunci rahasia tertentu. Kombinasi antara metode simetris dan asimetris menghasilkan sistem keamanan yang hibrida. The quick brown fox jumps over the lazy dog to test typography and rendering speeds. Optimasi kode pemrograman dapat meningkatkan kecepatan pemrosesan data secara signifikan.
53,Sedang,85,[278815] Cloud computing provides scalable resources over the internet for modern applications. Mahasiswa wajib memastikan variasi ukuran file dan isi data tidak boleh ada yang identik. Keamanan informasi menjadi pilar utama dalam pengembangan aplikasi berbasis web saat ini. Mahasiswa wajib memastikan variasi ukuran file dan isi data tidak boleh ada yang identik.
53,Sedang,86,[179066] Pengujian performa algoritma dilakukan dengan mengukur waktu eksekusi dan penggunaan memori. Optimasi kode pemrograman dapat meningkatkan kecepatan pemrosesan data secara signifikan. Kombinasi antara metode simetris dan asimetris menghasilkan sistem keamanan yang hibrida. The quick brown fox jumps over the lazy dog to test typography and rendering speeds.
53,Sedang,87,"[484239] Cloud computing provides scalable resources over the internet for modern applications. Software engineering principles emphasize clean code, documentation, and thorough testing. Artificial intelligence models require structured training datasets to improve accuracy. The quick brown fox jumps over the lazy dog to test typography and rendering speeds."
53,Sedang,88,[882454] Kombinasi antara metode simetris dan asimetris menghasilkan sistem keamanan yang hibrida. Keamanan informasi menjadi pilar utama dalam pengembangan aplikasi berbasis web saat ini. Cloud computing provides scalable resources over the internet for modern applications. Kombinasi antara metode simetris dan asimetris menghasilkan sistem keamanan yang hibrida.
53,Sedang,89,"[286484] Artificial intelligence models require structured training datasets to improve accuracy. Data science combines statistical analysis, machine learning, and domain expertise to solve problems. Analisis data skala besar memerlukan infrastruktur komputasi yang kuat dan efisien. Data science combines statistical analysis, machine learning, and domain expertise to solve problems."
53,Sedang,90,"[661737] The quick brown fox jumps over the lazy dog to test typography and rendering speeds. Sistem kriptografi ini digunakan untuk mengamankan data sensitif dari akses yang tidak sah. Cloud computing provides scalable resources over the internet for modern applications. Software engineering principles emphasize clean code, documentation, and thorough testing."
53,Sedang,91,[497242] Sistem kriptografi ini digunakan untuk mengamankan data sensitif dari akses yang tidak sah. Analisis data skala besar memerlukan infrastruktur komputasi yang kuat dan efisien. Proses enkripsi mengubah plaintext menjadi ciphertext menggunakan kunci rahasia tertentu. Pengujian performa algoritma dilakukan dengan mengukur waktu eksekusi dan penggunaan memori.
53,Sedang,92,[109206] Proses enkripsi mengubah plaintext menjadi ciphertext menggunakan kunci rahasia tertentu. Analisis data skala besar memerlukan infrastruktur komputasi yang kuat dan efisien. The quick brown fox jumps over the lazy dog to test typography and rendering speeds. Mahasiswa wajib memastikan variasi ukuran file dan isi data tidak boleh ada yang identik.
53,Sedang,93,[313768] Optimasi kode pemrograman dapat meningkatkan kecepatan pemrosesan data secara signifikan. Cloud computing provides scalable resources over the internet for modern applications. Cloud computing provides scalable resources over the internet for modern applications. Protokol jaringan bertugas mengatur komunikasi data antar perangkat agar berjalan lancar.
53,Sedang,94,[719970] Implementasi fungsi hash membantu menjaga integritas data dari manipulasi pihak ketiga. The quick brown fox jumps over the lazy dog to test typography and rendering speeds. Proses enkripsi mengubah plaintext menjadi ciphertext menggunakan kunci rahasia tertentu. Kombinasi antara metode simetris dan asimetris menghasilkan sistem keamanan yang hibrida.
53,Sedang,95,"[456726] Data science combines statistical analysis, machine learning, and domain expertise to solve problems. Data science combines statistical analysis, machine learning, and domain expertise to solve problems. Pengujian performa algoritma dilakukan dengan mengukur waktu eksekusi dan penggunaan memori. Software engineering principles emphasize clean code, documentation, and thorough testing."
53,Sedang,96,[825587] Artificial intelligence models require structured training datasets to improve accuracy. The quick brown fox jumps over the lazy dog to test typography and rendering speeds. Kombinasi antara metode simetris dan asimetris menghasilkan sistem keamanan yang hibrida. Analisis data skala besar memerlukan infrastruktur komputasi yang kuat dan efisien.
53,Sedang,97,[762130] The quick brown fox jumps over the lazy dog to test typography and rendering speeds. Analisis data skala besar memerlukan infrastruktur komputasi yang kuat dan efisien. The quick brown fox jumps over the lazy dog to test typography and rendering speeds. Cloud computing provides scalable resources over the internet for modern applications.
53,Sedang,98,"[632511] Mahasiswa wajib memastikan variasi ukuran file dan isi data tidak boleh ada yang identik. Cloud computing provides scalable resources over the internet for modern applications. Data science combines statistical analysis, machine learning, and domain expertise to solve problems. Pengujian performa algoritma dilakukan dengan mengukur waktu eksekusi dan penggunaan memori."
53,Sedang,99,"[606710] The quick brown fox jumps over the lazy dog to test typography and rendering speeds. Analisis data skala besar memerlukan infrastruktur komputasi yang kuat dan efisien. Keamanan informasi menjadi pilar utama dalam pengembangan aplikasi berbasis web saat ini. Software engineering principles emphasize clean code, documentation, and thorough testing."
53,Sedang,100,"[846405] Data science combines statistical analysis, machine learning, and domain expertise to solve problems. Proses enkripsi mengubah plaintext menjadi ciphertext menggunakan kunci rahasia tertentu. Artificial intelligence models require structured training datasets to improve accuracy. Cloud computing provides scalable resources over the internet for modern applications."
53,Sedang,101,"[983090] Data science combines statistical analysis, machine learning, and domain expertise to solve problems. Pengujian performa algoritma dilakukan dengan mengukur waktu eksekusi dan penggunaan memori. Pengujian performa algoritma dilakukan dengan mengukur waktu eksekusi dan penggunaan memori. Keamanan informasi menjadi pilar utama dalam pengembangan aplikasi berbasis web saat ini."
53,Sedang,102,[122728] Kombinasi antara metode simetris dan asimetris menghasilkan sistem keamanan yang hibrida. Optimasi kode pemrograman dapat meningkatkan kecepatan pemrosesan data secara signifikan. Implementasi fungsi hash membantu menjaga integritas data dari manipulasi pihak ketiga. Analisis data skala besar memerlukan infrastruktur komputasi yang kuat dan efisien.
53,Sedang,103,[287569] Proses enkripsi mengubah plaintext menjadi ciphertext menggunakan kunci rahasia tertentu. Pengujian performa algoritma dilakukan dengan mengukur waktu eksekusi dan penggunaan memori. Artificial intelligence models require structured training datasets to improve accuracy. Artificial intelligence models require structured training datasets to improve accuracy.
53,Sedang,104,[362638] Mahasiswa wajib memastikan variasi ukuran file dan isi data tidak boleh ada yang identik. Artificial intelligence models require structured training datasets to improve accuracy. Protokol jaringan bertugas mengatur komunikasi data antar perangkat agar berjalan lancar. Proses enkripsi mengubah plaintext menjadi ciphertext menggunakan kunci rahasia tertentu.
53,Sedang,105,[183785] Kombinasi antara metode simetris dan asimetris menghasilkan sistem keamanan yang hibrida. The quick brown fox jumps over the lazy dog to test typography and rendering speeds. Proses enkripsi mengubah plaintext menjadi ciphertext menggunakan kunci rahasia tertentu. Sistem kriptografi ini digunakan untuk mengamankan data sensitif dari akses yang tidak sah.
53,Sedang,106,[361921] Mahasiswa wajib memastikan variasi ukuran file dan isi data tidak boleh ada yang identik. Protokol jaringan bertugas mengatur komunikasi data antar perangkat agar berjalan lancar. Kombinasi antara metode simetris dan asimetris menghasilkan sistem keamanan yang hibrida. Optimasi kode pemrograman dapat meningkatkan kecepatan pemrosesan data secara signifikan.
53,Sedang,107,"[164218] Proses enkripsi mengubah plaintext menjadi ciphertext menggunakan kunci rahasia tertentu. Optimasi kode pemrograman dapat meningkatkan kecepatan pemrosesan data secara signifikan. Cloud computing provides scalable resources over the internet for modern applications. Data science combines statistical analysis, machine learning, and domain expertise to solve problems."
53,Sedang,108,[230162] Analisis data skala besar memerlukan infrastruktur komputasi yang kuat dan efisien. Sistem kriptografi ini digunakan untuk mengamankan data sensitif dari akses yang tidak sah. Kombinasi antara metode simetris dan asimetris menghasilkan sistem keamanan yang hibrida. Artificial intelligence models require structured training datasets to improve accuracy.
53,Sedang,109,[332728] Pengujian performa algoritma dilakukan dengan mengukur waktu eksekusi dan penggunaan memori. Protokol jaringan bertugas mengatur komunikasi data antar perangkat agar berjalan lancar. Optimasi kode pemrograman dapat meningkatkan kecepatan pemrosesan data secara signifikan. Proses enkripsi mengubah plaintext menjadi ciphertext menggunakan kunci rahasia tertentu.
53,Sedang,110,"[990548] Software engineering principles emphasize clean code, documentation, and thorough testing. Cloud computing provides scalable resources over the internet for modern applications. Sistem kriptografi ini digunakan untuk mengamankan data sensitif dari akses yang tidak sah. Implementasi fungsi hash membantu menjaga integritas data dari manipulasi pihak ketiga."
53,Sedang,111,[683846] Analisis data skala besar memerlukan infrastruktur komputasi yang kuat dan efisien. Mahasiswa wajib memastikan variasi ukuran file dan isi data tidak boleh ada yang identik. Artificial intelligence models require structured training datasets to improve accuracy. Implementasi fungsi hash membantu menjaga integritas data dari manipulasi pihak ketiga.
53,Sedang,112,[118780] Kombinasi antara metode simetris dan asimetris menghasilkan sistem keamanan yang hibrida. Pengujian performa algoritma dilakukan dengan mengukur waktu eksekusi dan penggunaan memori. Pengujian performa algoritma dilakukan dengan mengukur waktu eksekusi dan penggunaan memori. Protokol jaringan bertugas mengatur komunikasi data antar perangkat agar berjalan lancar.
53,Sedang,113,[313038] Keamanan informasi menjadi pilar utama dalam pengembangan aplikasi berbasis web saat ini. Analisis data skala besar memerlukan infrastruktur komputasi yang kuat dan efisien. The quick brown fox jumps over the lazy dog to test typography and rendering speeds. Sistem kriptografi ini digunakan untuk mengamankan data sensitif dari akses yang tidak sah.
53,Sedang,114,"[537862] Pengujian performa algoritma dilakukan dengan mengukur waktu eksekusi dan penggunaan memori. Software engineering principles emphasize clean code, documentation, and thorough testing. Implementasi fungsi hash membantu menjaga integritas data dari manipulasi pihak ketiga. Kombinasi antara metode simetris dan asimetris menghasilkan sistem keamanan yang hibrida."
53,Sedang,115,"[530802] Protokol jaringan bertugas mengatur komunikasi data antar perangkat agar berjalan lancar. Software engineering principles emphasize clean code, documentation, and thorough testing. Cloud computing provides scalable resources over the internet for modern applications. Proses enkripsi mengubah plaintext menjadi ciphertext menggunakan kunci rahasia tertentu."
53,Sedang,116,[879263] Mahasiswa wajib memastikan variasi ukuran file dan isi data tidak boleh ada yang identik. Mahasiswa wajib memastikan variasi ukuran file dan isi data tidak boleh ada yang identik. Proses enkripsi mengubah plaintext menjadi ciphertext menggunakan kunci rahasia tertentu. Cloud computing provides scalable resources over the internet for modern applications.
53,Sedang,117,[762916] Pengujian performa algoritma dilakukan dengan mengukur waktu eksekusi dan penggunaan memori. Proses enkripsi mengubah plaintext menjadi ciphertext menggunakan kunci rahasia tertentu. Protokol jaringan bertugas mengatur komunikasi data antar perangkat agar berjalan lancar. Pengujian performa algoritma dilakukan dengan mengukur waktu eksekusi dan penggunaan memori.
53,Sedang,118,"[851157] Optimasi kode pemrograman dapat meningkatkan kecepatan pemrosesan data secara signifikan. Software engineering principles emphasize clean code, documentation, and thorough testing. Data science combines statistical analysis, machine learning, and domain expertise to solve problems. Software engineering principles emphasize clean code, documentation, and thorough testing."
53,Sedang,119,"[947100] Artificial intelligence models require structured training datasets to improve accuracy. Protokol jaringan bertugas mengatur komunikasi data antar perangkat agar berjalan lancar. Data science combines statistical analysis, machine learning, and domain expertise to solve problems. Pengujian performa algoritma dilakukan dengan mengukur waktu eksekusi dan penggunaan memori."
53,Sedang,120,[390036] Implementasi fungsi hash membantu menjaga integritas data dari manipulasi pihak ketiga. Artificial intelligence models require structured training datasets to improve accuracy. Implementasi fungsi hash membantu menjaga integritas data dari manipulasi pihak ketiga. Protokol jaringan bertugas mengatur komunikasi data antar perangkat agar berjalan lancar.
53,Sedang,121,"[441975] Keamanan informasi menjadi pilar utama dalam pengembangan aplikasi berbasis web saat ini. Data science combines statistical analysis, machine learning, and domain expertise to solve problems. Mahasiswa wajib memastikan variasi ukuran file dan isi data tidak boleh ada yang identik. Proses enkripsi mengubah plaintext menjadi ciphertext menggunakan kunci rahasia tertentu."
53,Sedang,122,"[239775] Software engineering principles emphasize clean code, documentation, and thorough testing. Artificial intelligence models require structured training datasets to improve accuracy. Pengujian performa algoritma dilakukan dengan mengukur waktu eksekusi dan penggunaan memori. Software engineering principles emphasize clean code, documentation, and thorough testing."
53,Sedang,123,"[516126] Artificial intelligence models require structured training datasets to improve accuracy. Software engineering principles emphasize clean code, documentation, and thorough testing. Artificial intelligence models require structured training datasets to improve accuracy. Artificial intelligence models require structured training datasets to improve accuracy."
53,Sedang,124,[499429] Sistem kriptografi ini digunakan untuk mengamankan data sensitif dari akses yang tidak sah. Optimasi kode pemrograman dapat meningkatkan kecepatan pemrosesan data secara signifikan. Analisis data skala besar memerlukan infrastruktur komputasi yang kuat dan efisien. The quick brown fox jumps over the lazy dog to test typography and rendering speeds.
53,Sedang,125,[321477] Cloud computing provides scalable resources over the internet for modern applications. Protokol jaringan bertugas mengatur komunikasi data antar perangkat agar berjalan lancar. Cloud computing provides scalable resources over the internet for modern applications. Protokol jaringan bertugas mengatur komunikasi data antar perangkat agar berjalan lancar.
53,Sedang,126,"[339390] Pengujian performa algoritma dilakukan dengan mengukur waktu eksekusi dan penggunaan memori. The quick brown fox jumps over the lazy dog to test typography and rendering speeds. Sistem kriptografi ini digunakan untuk mengamankan data sensitif dari akses yang tidak sah. Software engineering principles emphasize clean code, documentation, and thorough testing."
53,Sedang,127,[240699] Kombinasi antara metode simetris dan asimetris menghasilkan sistem keamanan yang hibrida. The quick brown fox jumps over the lazy dog to test typography and rendering speeds. Optimasi kode pemrograman dapat meningkatkan kecepatan pemrosesan data secara signifikan. Protokol jaringan bertugas mengatur komunikasi data antar perangkat agar berjalan lancar.
53,Sedang,128,"[351500] Mahasiswa wajib memastikan variasi ukuran file dan isi data tidak boleh ada yang identik. Analisis data skala besar memerlukan infrastruktur komputasi yang kuat dan efisien. Implementasi fungsi hash membantu menjaga integritas data dari manipulasi pihak ketiga. Data science combines statistical analysis, machine learning, and domain expertise to solve problems."
53,Sedang,129,"[416209] Software engineering principles emphasize clean code, documentation, and thorough testing. Sistem kriptografi ini digunakan untuk mengamankan data sensitif dari akses yang tidak sah. Keamanan informasi menjadi pilar utama dalam pengembangan aplikasi berbasis web saat ini. Analisis data skala besar memerlukan infrastruktur komputasi yang kuat dan efisien."
53,Sedang,130,[982102] Analisis data skala besar memerlukan infrastruktur komputasi yang kuat dan efisien. Mahasiswa wajib memastikan variasi ukuran file dan isi data tidak boleh ada yang identik. Keamanan informasi menjadi pilar utama dalam pengembangan aplikasi berbasis web saat ini. Cloud computing provides scalable resources over the internet for modern applications.
53,Sedang,131,"[897258] Analisis data skala besar memerlukan infrastruktur komputasi yang kuat dan efisien. Optimasi kode pemrograman dapat meningkatkan kecepatan pemrosesan data secara signifikan. Data science combines statistical analysis, machine learning, and domain expertise to solve problems. Protokol jaringan bertugas mengatur komunikasi data antar perangkat agar berjalan lancar."
53,Sedang,132,"[265359] The quick brown fox jumps over the lazy dog to test typography and rendering speeds. Software engineering principles emphasize clean code, documentation, and thorough testing. Proses enkripsi mengubah plaintext menjadi ciphertext menggunakan kunci rahasia tertentu. Cloud computing provides scalable resources over the internet for modern applications."
53,Sedang,133,[935937] Kombinasi antara metode simetris dan asimetris menghasilkan sistem keamanan yang hibrida. Implementasi fungsi hash membantu menjaga integritas data dari manipulasi pihak ketiga. Sistem kriptografi ini digunakan untuk mengamankan data sensitif dari akses yang tidak sah. Cloud computing provides scalable resources over the internet for modern applications.
53,Sedang,134,"[222896] Keamanan informasi menjadi pilar utama dalam pengembangan aplikasi berbasis web saat ini. Implementasi fungsi hash membantu menjaga integritas data dari manipulasi pihak ketiga. Cloud computing provides scalable resources over the internet for modern applications. Software engineering principles emphasize clean code, documentation, and thorough testing."
53,Sedang,135,[807780] Optimasi kode pemrograman dapat meningkatkan kecepatan pemrosesan data secara signifikan. Sistem kriptografi ini digunakan untuk mengamankan data sensitif dari akses yang tidak sah. Protokol jaringan bertugas mengatur komunikasi data antar perangkat agar berjalan lancar. Mahasiswa wajib memastikan variasi ukuran file dan isi data tidak boleh ada yang identik.
53,Sedang,136,"[589239] Artificial intelligence models require structured training datasets to improve accuracy. Analisis data skala besar memerlukan infrastruktur komputasi yang kuat dan efisien. Sistem kriptografi ini digunakan untuk mengamankan data sensitif dari akses yang tidak sah. Software engineering principles emphasize clean code, documentation, and thorough testing."
53,Sedang,137,[952287] Kombinasi antara metode simetris dan asimetris menghasilkan sistem keamanan yang hibrida. Optimasi kode pemrograman dapat meningkatkan kecepatan pemrosesan data secara signifikan. Keamanan informasi menjadi pilar utama dalam pengembangan aplikasi berbasis web saat ini. Analisis data skala besar memerlukan infrastruktur komputasi yang kuat dan efisien.
53,Sedang,138,[161924] Sistem kriptografi ini digunakan untuk mengamankan data sensitif dari akses yang tidak sah. Keamanan informasi menjadi pilar utama dalam pengembangan aplikasi berbasis web saat ini. Proses enkripsi mengubah plaintext menjadi ciphertext menggunakan kunci rahasia tertentu. The quick brown fox jumps over the lazy dog to test typography and rendering speeds.
53,Sedang,139,[818690] Proses enkripsi mengubah plaintext menjadi ciphertext menggunakan kunci rahasia tertentu. Analisis data skala besar memerlukan infrastruktur komputasi yang kuat dan efisien. Sistem kriptografi ini digunakan untuk mengamankan data sensitif dari akses yang tidak sah. Sistem kriptografi ini digunakan untuk mengamankan data sensitif dari akses yang tidak sah.
53,Sedang,140,"[473355] Analisis data skala besar memerlukan infrastruktur komputasi yang kuat dan efisien. Software engineering principles emphasize clean code, documentation, and thorough testing. Optimasi kode pemrograman dapat meningkatkan kecepatan pemrosesan data secara signifikan. Protokol jaringan bertugas mengatur komunikasi data antar perangkat agar berjalan lancar."
53,Sedang,141,[662164] Proses enkripsi mengubah plaintext menjadi ciphertext menggunakan kunci rahasia tertentu. Analisis data skala besar memerlukan infrastruktur komputasi yang kuat dan efisien. Proses enkripsi mengubah plaintext menjadi ciphertext menggunakan kunci rahasia tertentu. Mahasiswa wajib memastikan variasi ukuran file dan isi data tidak boleh ada yang identik.
53,Sedang,142,"[970280] Optimasi kode pemrograman dapat meningkatkan kecepatan pemrosesan data secara signifikan. Software engineering principles emphasize clean code, documentation, and thorough testing. Pengujian performa algoritma dilakukan dengan mengukur waktu eksekusi dan penggunaan memori. Proses enkripsi mengubah plaintext menjadi ciphertext menggunakan kunci rahasia tertentu."
53,Sedang,143,[563865] Keamanan informasi menjadi pilar utama dalam pengembangan aplikasi berbasis web saat ini. Artificial intelligence models require structured training datasets to improve accuracy. Analisis data skala besar memerlukan infrastruktur komputasi yang kuat dan efisien. Kombinasi antara metode simetris dan asimetris menghasilkan sistem keamanan yang hibrida.
53,Sedang,144,[284444] Artificial intelligence models require structured training datasets to improve accuracy. Protokol jaringan bertugas mengatur komunikasi data antar perangkat agar berjalan lancar. Pengujian performa algoritma dilakukan dengan mengukur waktu eksekusi dan penggunaan memori. The quick brown fox jumps over the lazy dog to test typography and rendering speeds.
53,Sedang,145,"[273991] Pengujian performa algoritma dilakukan dengan mengukur waktu eksekusi dan penggunaan memori. Protokol jaringan bertugas mengatur komunikasi data antar perangkat agar berjalan lancar. Protokol jaringan bertugas mengatur komunikasi data antar perangkat agar berjalan lancar. Data science combines statistical analysis, machine learning, and domain expertise to solve problems."
53,Sedang,146,"[465634] Software engineering principles emphasize clean code, documentation, and thorough testing. Proses enkripsi mengubah plaintext menjadi ciphertext menggunakan kunci rahasia tertentu. Pengujian performa algoritma dilakukan dengan mengukur waktu eksekusi dan penggunaan memori. Sistem kriptografi ini digunakan untuk mengamankan data sensitif dari akses yang tidak sah."
53,Sedang,147,"[783176] Cloud computing provides scalable resources over the internet for modern applications. Protokol jaringan bertugas mengatur komunikasi data antar perangkat agar berjalan lancar. Optimasi kode pemrograman dapat meningkatkan kecepatan pemrosesan data secara signifikan. Data science combines statistical analysis, machine learning, and domain expertise to solve problems."
53,Sedang,148,"[871461] Keamanan informasi menjadi pilar utama dalam pengembangan aplikasi berbasis web saat ini. Software engineering principles emphasize clean code, documentation, and thorough testing. Data science combines statistical analysis, machine learning, and domain expertise to solve problems. Mahasiswa wajib memastikan variasi ukuran file dan isi data tidak boleh ada yang identik."
53,Sedang,149,[716466] Pengujian performa algoritma dilakukan dengan mengukur waktu eksekusi dan penggunaan memori. Artificial intelligence models require structured training datasets to improve accuracy. Mahasiswa wajib memastikan variasi ukuran file dan isi data tidak boleh ada yang identik. Sistem kriptografi ini digunakan untuk mengamankan data sensitif dari akses yang tidak sah.
53,Sedang,150,"[426609] Software engineering principles emphasize clean code, documentation, and thorough testing. Optimasi kode pemrograman dapat meningkatkan kecepatan pemrosesan data secara signifikan. Analisis data skala besar memerlukan infrastruktur komputasi yang kuat dan efisien. Data science combines statistical analysis, machine learning, and domain expertise to solve problems."
53,Sedang,151,[797587] Artificial intelligence models require structured training datasets to improve accuracy. Proses enkripsi mengubah plaintext menjadi ciphertext menggunakan kunci rahasia tertentu. Cloud computing provides scalable resources over the internet for modern applications. Kombinasi antara metode simetris dan asimetris menghasilkan sistem keamanan yang hibrida.
53,Sedang,152,"[490220] Artificial intelligence models require structured training datasets to improve accuracy. The quick brown fox jumps over the lazy dog to test typography and rendering speeds. Data science combines statistical analysis, machine learning, and domain expertise to solve problems. Kombinasi antara metode simetris dan asimetris menghasilkan sistem keamanan yang hibrida."
53,Sedang,153,[628180] Protokol jaringan bertugas mengatur komunikasi data antar perangkat agar berjalan lancar. Implementasi fungsi hash membantu menjaga integritas data dari manipulasi pihak ketiga. Optimasi kode pemrograman dapat meningkatkan kecepatan pemrosesan data secara signifikan. Mahasiswa wajib memastikan variasi ukuran file dan isi data tidak boleh ada yang identik.
53,Sedang,154,[233654] Artificial intelligence models require structured training datasets to improve accuracy. Mahasiswa wajib memastikan variasi ukuran file dan isi data tidak boleh ada yang identik. Kombinasi antara metode simetris dan asimetris menghasilkan sistem keamanan yang hibrida. Optimasi kode pemrograman dapat meningkatkan kecepatan pemrosesan data secara signifikan.
53,Sedang,155,[956289] Optimasi kode pemrograman dapat meningkatkan kecepatan pemrosesan data secara signifikan. Implementasi fungsi hash membantu menjaga integritas data dari manipulasi pihak ketiga. Sistem kriptografi ini digunakan untuk mengamankan data sensitif dari akses yang tidak sah. Analisis data skala besar memerlukan infrastruktur komputasi yang kuat dan efisien.
53,Sedang,156,"[292170] Software engineering principles emphasize clean code, documentation, and thorough testing. Artificial intelligence models require structured training datasets to improve accuracy. Cloud computing provides scalable resources over the internet for modern applications. Protokol jaringan bertugas mengatur komunikasi data antar perangkat agar berjalan lancar."
53,Sedang,157,[422278] Optimasi kode pemrograman dapat meningkatkan kecepatan pemrosesan data secara signifikan. Artificial intelligence models require structured training datasets to improve accuracy. Kombinasi antara metode simetris dan asimetris menghasilkan sistem keamanan yang hibrida. Implementasi fungsi hash membantu menjaga integritas data dari manipulasi pihak ketiga.
53,Sedang,158,"[929925] Proses enkripsi mengubah plaintext menjadi ciphertext menggunakan kunci rahasia tertentu. Artificial intelligence models require structured training datasets to improve accuracy. Implementasi fungsi hash membantu menjaga integritas data dari manipulasi pihak ketiga. Data science combines statistical analysis, machine learning, and domain expertise to solve problems."
53,Sedang,159,[248542] Keamanan informasi menjadi pilar utama dalam pengembangan aplikasi berbasis web saat ini. Implementasi fungsi hash membantu menjaga integritas data dari manipulasi pihak ketiga. Analisis data skala besar memerlukan infrastruktur komputasi yang kuat dan efisien. Pengujian performa algoritma dilakukan dengan mengukur waktu eksekusi dan penggunaan memori.
53,Sedang,160,"[415411] Data science combines statistical analysis, machine learning, and domain expertise to solve problems. Sistem kriptografi ini digunakan untuk mengamankan data sensitif dari akses yang tidak sah. Data science combines statistical analysis, machine learning, and domain expertise to solve problems. Analisis data skala besar memerlukan infrastruktur komputasi yang kuat dan efisien."
53,Sedang,161,"[672277] Data science combines statistical analysis, machine learning, and domain expertise to solve problems. Protokol jaringan bertugas mengatur komunikasi data antar perangkat agar berjalan lancar. Kombinasi antara metode simetris dan asimetris menghasilkan sistem keamanan yang hibrida. Proses enkripsi mengubah plaintext menjadi ciphertext menggunakan kunci rahasia tertentu."
53,Sedang,162,"[607190] Keamanan informasi menjadi pilar utama dalam pengembangan aplikasi berbasis web saat ini. Software engineering principles emphasize clean code, documentation, and thorough testing. Optimasi kode pemrograman dapat meningkatkan kecepatan pemrosesan data secara signifikan. Implementasi fungsi hash membantu menjaga integritas data dari manipulasi pihak ketiga."
53,Sedang,163,[367840] Cloud computing provides scalable resources over the internet for modern applications. Sistem kriptografi ini digunakan untuk mengamankan data sensitif dari akses yang tidak sah. Pengujian performa algoritma dilakukan dengan mengukur waktu eksekusi dan penggunaan memori. Mahasiswa wajib memastikan variasi ukuran file dan isi data tidak boleh ada yang identik.
53,Sedang,164,"[485113] Optimasi kode pemrograman dapat meningkatkan kecepatan pemrosesan data secara signifikan. Software engineering principles emphasize clean code, documentation, and thorough testing. Pengujian performa algoritma dilakukan dengan mengukur waktu eksekusi dan penggunaan memori. Analisis data skala besar memerlukan infrastruktur komputasi yang kuat dan efisien."
53,Sedang,165,"[180718] Implementasi fungsi hash membantu menjaga integritas data dari manipulasi pihak ketiga. Mahasiswa wajib memastikan variasi ukuran file dan isi data tidak boleh ada yang identik. Cloud computing provides scalable resources over the internet for modern applications. Software engineering principles emphasize clean code, documentation, and thorough testing."
53,Sedang,166,[311160] Sistem kriptografi ini digunakan untuk mengamankan data sensitif dari akses yang tidak sah. Kombinasi antara metode simetris dan asimetris menghasilkan sistem keamanan yang hibrida. The quick brown fox jumps over the lazy dog to test typography and rendering speeds. Mahasiswa wajib memastikan variasi ukuran file dan isi data tidak boleh ada yang identik.
53,Sedang,167,[673101] Optimasi kode pemrograman dapat meningkatkan kecepatan pemrosesan data secara signifikan. Protokol jaringan bertugas mengatur komunikasi data antar perangkat agar berjalan lancar. Mahasiswa wajib memastikan variasi ukuran file dan isi data tidak boleh ada yang identik. Keamanan informasi menjadi pilar utama dalam pengembangan aplikasi berbasis web saat ini.
53,Sedang,168,"[542350] Software engineering principles emphasize clean code, documentation, and thorough testing. Mahasiswa wajib memastikan variasi ukuran file dan isi data tidak boleh ada yang identik. Pengujian performa algoritma dilakukan dengan mengukur waktu eksekusi dan penggunaan memori. Data science combines statistical analysis, machine learning, and domain expertise to solve problems."
53,Sedang,169,"[495324] Optimasi kode pemrograman dapat meningkatkan kecepatan pemrosesan data secara signifikan. Sistem kriptografi ini digunakan untuk mengamankan data sensitif dari akses yang tidak sah. Data science combines statistical analysis, machine learning, and domain expertise to solve problems. Data science combines statistical analysis, machine learning, and domain expertise to solve problems."
53,Sedang,170,[243141] Pengujian performa algoritma dilakukan dengan mengukur waktu eksekusi dan penggunaan memori. Sistem kriptografi ini digunakan untuk mengamankan data sensitif dari akses yang tidak sah. Sistem kriptografi ini digunakan untuk mengamankan data sensitif dari akses yang tidak sah. The quick brown fox jumps over the lazy dog to test typography and rendering speeds.
53,Sedang,171,[174583] Proses enkripsi mengubah plaintext menjadi ciphertext menggunakan kunci rahasia tertentu. Analisis data skala besar memerlukan infrastruktur komputasi yang kuat dan efisien. Artificial intelligence models require structured training datasets to improve accuracy. Analisis data skala besar memerlukan infrastruktur komputasi yang kuat dan efisien.
53,Sedang,172,"[352884] Analisis data skala besar memerlukan infrastruktur komputasi yang kuat dan efisien. Data science combines statistical analysis, machine learning, and domain expertise to solve problems. Software engineering principles emphasize clean code, documentation, and thorough testing. Mahasiswa wajib memastikan variasi ukuran file dan isi data tidak boleh ada yang identik."
53,Sedang,173,"[143761] Implementasi fungsi hash membantu menjaga integritas data dari manipulasi pihak ketiga. Mahasiswa wajib memastikan variasi ukuran file dan isi data tidak boleh ada yang identik. Mahasiswa wajib memastikan variasi ukuran file dan isi data tidak boleh ada yang identik. Software engineering principles emphasize clean code, documentation, and thorough testing."
53,Sedang,174,[795636] Analisis data skala besar memerlukan infrastruktur komputasi yang kuat dan efisien. Mahasiswa wajib memastikan variasi ukuran file dan isi data tidak boleh ada yang identik. Mahasiswa wajib memastikan variasi ukuran file dan isi data tidak boleh ada yang identik. Pengujian performa algoritma dilakukan dengan mengukur waktu eksekusi dan penggunaan memori.
53,Sedang,175,"[572720] Implementasi fungsi hash membantu menjaga integritas data dari manipulasi pihak ketiga. Software engineering principles emphasize clean code, documentation, and thorough testing. Keamanan informasi menjadi pilar utama dalam pengembangan aplikasi berbasis web saat ini. Keamanan informasi menjadi pilar utama dalam pengembangan aplikasi berbasis web saat ini."
53,Sedang,176,"[304144] Protokol jaringan bertugas mengatur komunikasi data antar perangkat agar berjalan lancar. Data science combines statistical analysis, machine learning, and domain expertise to solve problems. Protokol jaringan bertugas mengatur komunikasi data antar perangkat agar berjalan lancar. Kombinasi antara metode simetris dan asimetris menghasilkan sistem keamanan yang hibrida."
53,Sedang,177,[784269] Artificial intelligence models require structured training datasets to improve accuracy. Implementasi fungsi hash membantu menjaga integritas data dari manipulasi pihak ketiga. Kombinasi antara metode simetris dan asimetris menghasilkan sistem keamanan yang hibrida. The quick brown fox jumps over the lazy dog to test typography and rendering speeds.
53,Sedang,178,"[728633] Data science combines statistical analysis, machine learning, and domain expertise to solve problems. The quick brown fox jumps over the lazy dog to test typography and rendering speeds. Cloud computing provides scalable resources over the internet for modern applications. Pengujian performa algoritma dilakukan dengan mengukur waktu eksekusi dan penggunaan memori."
53,Sedang,179,[692586] Analisis data skala besar memerlukan infrastruktur komputasi yang kuat dan efisien. Analisis data skala besar memerlukan infrastruktur komputasi yang kuat dan efisien. Optimasi kode pemrograman dapat meningkatkan kecepatan pemrosesan data secara signifikan. Protokol jaringan bertugas mengatur komunikasi data antar perangkat agar berjalan lancar.
53,Sedang,180,[457606] Pengujian performa algoritma dilakukan dengan mengukur waktu eksekusi dan penggunaan memori. Optimasi kode pemrograman dapat meningkatkan kecepatan pemrosesan data secara signifikan. Implementasi fungsi hash membantu menjaga integritas data dari manipulasi pihak ketiga. Proses enkripsi mengubah plaintext menjadi ciphertext menggunakan kunci rahasia tertentu.
53,Sedang,181,[831390] Artificial intelligence models require structured training datasets to improve accuracy. Artificial intelligence models require structured training datasets to improve accuracy. Protokol jaringan bertugas mengatur komunikasi data antar perangkat agar berjalan lancar. Keamanan informasi menjadi pilar utama dalam pengembangan aplikasi berbasis web saat ini.
53,Sedang,182,"[339220] Software engineering principles emphasize clean code, documentation, and thorough testing. The quick brown fox jumps over the lazy dog to test typography and rendering speeds. Optimasi kode pemrograman dapat meningkatkan kecepatan pemrosesan data secara signifikan. Protokol jaringan bertugas mengatur komunikasi data antar perangkat agar berjalan lancar."
53,Sedang,183,"[519677] Data science combines statistical analysis, machine learning, and domain expertise to solve problems. Pengujian performa algoritma dilakukan dengan mengukur waktu eksekusi dan penggunaan memori. Analisis data skala besar memerlukan infrastruktur komputasi yang kuat dan efisien. Optimasi kode pemrograman dapat meningkatkan kecepatan pemrosesan data secara signifikan."
53,Sedang,184,[400436] Artificial intelligence models require structured training datasets to improve accuracy. Keamanan informasi menjadi pilar utama dalam pengembangan aplikasi berbasis web saat ini. The quick brown fox jumps over the lazy dog to test typography and rendering speeds. Artificial intelligence models require structured training datasets to improve accuracy.
53,Sedang,185,[215253] Protokol jaringan bertugas mengatur komunikasi data antar perangkat agar berjalan lancar. Implementasi fungsi hash membantu menjaga integritas data dari manipulasi pihak ketiga. Kombinasi antara metode simetris dan asimetris menghasilkan sistem keamanan yang hibrida. Proses enkripsi mengubah plaintext menjadi ciphertext menggunakan kunci rahasia tertentu.
53,Sedang,186,"[491038] Software engineering principles emphasize clean code, documentation, and thorough testing. Optimasi kode pemrograman dapat meningkatkan kecepatan pemrosesan data secara signifikan. Data science combines statistical analysis, machine learning, and domain expertise to solve problems. Proses enkripsi mengubah plaintext menjadi ciphertext menggunakan kunci rahasia tertentu."
53,Sedang,187,[854634] Mahasiswa wajib memastikan variasi ukuran file dan isi data tidak boleh ada yang identik. Kombinasi antara metode simetris dan asimetris menghasilkan sistem keamanan yang hibrida. Mahasiswa wajib memastikan variasi ukuran file dan isi data tidak boleh ada yang identik. The quick brown fox jumps over the lazy dog to test typography and rendering speeds.
53,Sedang,188,"[214255] Data science combines statistical analysis, machine learning, and domain expertise to solve problems. Analisis data skala besar memerlukan infrastruktur komputasi yang kuat dan efisien. Software engineering principles emphasize clean code, documentation, and thorough testing. Sistem kriptografi ini digunakan untuk mengamankan data sensitif dari akses yang tidak sah."
53,Sedang,189,"[639503] Protokol jaringan bertugas mengatur komunikasi data antar perangkat agar berjalan lancar. Keamanan informasi menjadi pilar utama dalam pengembangan aplikasi berbasis web saat ini. Pengujian performa algoritma dilakukan dengan mengukur waktu eksekusi dan penggunaan memori. Software engineering principles emphasize clean code, documentation, and thorough testing."
53,Sedang,190,"[447892] Optimasi kode pemrograman dapat meningkatkan kecepatan pemrosesan data secara signifikan. Data science combines statistical analysis, machine learning, and domain expertise to solve problems. Artificial intelligence models require structured training datasets to improve accuracy. Software engineering principles emphasize clean code, documentation, and thorough testing."
53,Sedang,191,[866673] The quick brown fox jumps over the lazy dog to test typography and rendering speeds. Protokol jaringan bertugas mengatur komunikasi data antar perangkat agar berjalan lancar. Kombinasi antara metode simetris dan asimetris menghasilkan sistem keamanan yang hibrida. Mahasiswa wajib memastikan variasi ukuran file dan isi data tidak boleh ada yang identik.
53,Sedang,192,[967794] Protokol jaringan bertugas mengatur komunikasi data antar perangkat agar berjalan lancar. Optimasi kode pemrograman dapat meningkatkan kecepatan pemrosesan data secara signifikan. Sistem kriptografi ini digunakan untuk mengamankan data sensitif dari akses yang tidak sah. Proses enkripsi mengubah plaintext menjadi ciphertext menggunakan kunci rahasia tertentu.
53,Sedang,193,[924347] Mahasiswa wajib memastikan variasi ukuran file dan isi data tidak boleh ada yang identik. Keamanan informasi menjadi pilar utama dalam pengembangan aplikasi berbasis web saat ini. Optimasi kode pemrograman dapat meningkatkan kecepatan pemrosesan data secara signifikan. Pengujian performa algoritma dilakukan dengan mengukur waktu eksekusi dan penggunaan memori.
53,Sedang,194,[834985] Protokol jaringan bertugas mengatur komunikasi data antar perangkat agar berjalan lancar. Sistem kriptografi ini digunakan untuk mengamankan data sensitif dari akses yang tidak sah. Mahasiswa wajib memastikan variasi ukuran file dan isi data tidak boleh ada yang identik. Pengujian performa algoritma dilakukan dengan mengukur waktu eksekusi dan penggunaan memori.
53,Sedang,195,"[572868] Data science combines statistical analysis, machine learning, and domain expertise to solve problems. Software engineering principles emphasize clean code, documentation, and thorough testing. The quick brown fox jumps over the lazy dog to test typography and rendering speeds. Kombinasi antara metode simetris dan asimetris menghasilkan sistem keamanan yang hibrida."
53,Sedang,196,[853188] Sistem kriptografi ini digunakan untuk mengamankan data sensitif dari akses yang tidak sah. Keamanan informasi menjadi pilar utama dalam pengembangan aplikasi berbasis web saat ini. Cloud computing provides scalable resources over the internet for modern applications. Keamanan informasi menjadi pilar utama dalam pengembangan aplikasi berbasis web saat ini.
53,Sedang,197,[192066] Kombinasi antara metode simetris dan asimetris menghasilkan sistem keamanan yang hibrida. Analisis data skala besar memerlukan infrastruktur komputasi yang kuat dan efisien. Pengujian performa algoritma dilakukan dengan mengukur waktu eksekusi dan penggunaan memori. Analisis data skala besar memerlukan infrastruktur komputasi yang kuat dan efisien.
53,Sedang,198,[128673] The quick brown fox jumps over the lazy dog to test typography and rendering speeds. Mahasiswa wajib memastikan variasi ukuran file dan isi data tidak boleh ada yang identik. Implementasi fungsi hash membantu menjaga integritas data dari manipulasi pihak ketiga. Kombinasi antara metode simetris dan asimetris menghasilkan sistem keamanan yang hibrida.
53,Sedang,199,[595651] The quick brown fox jumps over the lazy dog to test typography and rendering speeds. Proses enkripsi mengubah plaintext menjadi ciphertext menggunakan kunci rahasia tertentu. Keamanan informasi menjadi pilar utama dalam pengembangan aplikasi berbasis web saat ini. Keamanan informasi menjadi pilar utama dalam pengembangan aplikasi berbasis web saat ini.
53,Sedang,200,[127549] Implementasi fungsi hash membantu menjaga integritas data dari manipulasi pihak ketiga. Pengujian performa algoritma dilakukan dengan mengukur waktu eksekusi dan penggunaan memori. Protokol jaringan bertugas mengatur komunikasi data antar perangkat agar berjalan lancar. Pengujian performa algoritma dilakukan dengan mengukur waktu eksekusi dan penggunaan memori.
53,Sedang,201,[808821] Protokol jaringan bertugas mengatur komunikasi data antar perangkat agar berjalan lancar. Implementasi fungsi hash membantu menjaga integritas data dari manipulasi pihak ketiga. Cloud computing provides scalable resources over the internet for modern applications. Artificial intelligence models require structured training datasets to improve accuracy.
53,Sedang,202,[713379] Protokol jaringan bertugas mengatur komunikasi data antar perangkat agar berjalan lancar. Protokol jaringan bertugas mengatur komunikasi data antar perangkat agar berjalan lancar. Optimasi kode pemrograman dapat meningkatkan kecepatan pemrosesan data secara signifikan. Sistem kriptografi ini digunakan untuk mengamankan data sensitif dari akses yang tidak sah.
53,Sedang,203,"[160729] Implementasi fungsi hash membantu menjaga integritas data dari manipulasi pihak ketiga. Software engineering principles emphasize clean code, documentation, and thorough testing. Sistem kriptografi ini digunakan untuk mengamankan data sensitif dari akses yang tidak sah. Optimasi kode pemrograman dapat meningkatkan kecepatan pemrosesan data secara signifikan."
53,Sedang,204,[904770] Keamanan informasi menjadi pilar utama dalam pengembangan aplikasi berbasis web saat ini. Optimasi kode pemrograman dapat meningkatkan kecepatan pemrosesan data secara signifikan. Proses enkripsi mengubah plaintext menjadi ciphertext menggunakan kunci rahasia tertentu. Protokol jaringan bertugas mengatur komunikasi data antar perangkat agar berjalan lancar.
53,Sedang,205,"[482175] Software engineering principles emphasize clean code, documentation, and thorough testing. Pengujian performa algoritma dilakukan dengan mengukur waktu eksekusi dan penggunaan memori. Data science combines statistical analysis, machine learning, and domain expertise to solve problems. Implementasi fungsi hash membantu menjaga integritas data dari manipulasi pihak ketiga."
53,Sedang,206,[681255] Kombinasi antara metode simetris dan asimetris menghasilkan sistem keamanan yang hibrida. The quick brown fox jumps over the lazy dog to test typography and rendering speeds. Analisis data skala besar memerlukan infrastruktur komputasi yang kuat dan efisien. Proses enkripsi mengubah plaintext menjadi ciphertext menggunakan kunci rahasia tertentu.
53,Sedang,207,"[938732] Software engineering principles emphasize clean code, documentation, and thorough testing. Keamanan informasi menjadi pilar utama dalam pengembangan aplikasi berbasis web saat ini. The quick brown fox jumps over the lazy dog to test typography and rendering speeds. Software engineering principles emphasize clean code, documentation, and thorough testing."
53,Sedang,208,[773232] Pengujian performa algoritma dilakukan dengan mengukur waktu eksekusi dan penggunaan memori. Implementasi fungsi hash membantu menjaga integritas data dari manipulasi pihak ketiga. Kombinasi antara metode simetris dan asimetris menghasilkan sistem keamanan yang hibrida. Pengujian performa algoritma dilakukan dengan mengukur waktu eksekusi dan penggunaan memori.
53,Sedang,209,[297904] Implementasi fungsi hash membantu menjaga integritas data dari manipulasi pihak ketiga. Analisis data skala besar memerlukan infrastruktur komputasi yang kuat dan efisien. Pengujian performa algoritma dilakukan dengan mengukur waktu eksekusi dan penggunaan memori. Analisis data skala besar memerlukan infrastruktur komputasi yang kuat dan efisien.
53,Sedang,210,"[553451] Software engineering principles emphasize clean code, documentation, and thorough testing. Implementasi fungsi hash membantu menjaga integritas data dari manipulasi pihak ketiga. Data science combines statistical analysis, machine learning, and domain expertise to solve problems. Implementasi fungsi hash membantu menjaga integritas data dari manipulasi pihak ketiga."
53,Sedang,211,[614359] Optimasi kode pemrograman dapat meningkatkan kecepatan pemrosesan data secara signifikan. Kombinasi antara metode simetris dan asimetris menghasilkan sistem keamanan yang hibrida. The quick brown fox jumps over the lazy dog to test typography and rendering speeds. Proses enkripsi mengubah plaintext menjadi ciphertext menggunakan kunci rahasia tertentu.
53,Sedang,212,[353691] Pengujian performa algoritma dilakukan dengan mengukur waktu eksekusi dan penggunaan memori. Optimasi kode pemrograman dapat meningkatkan kecepatan pemrosesan data secara signifikan. Sistem kriptografi ini digunakan untuk mengamankan data sensitif dari akses yang tidak sah. The quick brown fox jumps over the lazy dog to test typography and rendering speeds.
53,Sedang,213,[588715] Optimasi kode pemrograman dapat meningkatkan kecepatan pemrosesan data secara signifikan. Keamanan informasi menjadi pilar utama dalam pengembangan aplikasi berbasis web saat ini. Protokol jaringan bertugas mengatur komunikasi data antar perangkat agar berjalan lancar. Cloud computing provides scalable resources over the internet for modern applications.
53,Sedang,214,[965738] Sistem kriptografi ini digunakan untuk mengamankan data sensitif dari akses yang tidak sah. Cloud computing provides scalable resources over the internet for modern applications. Optimasi kode pemrograman dapat meningkatkan kecepatan pemrosesan data secara signifikan. Protokol jaringan bertugas mengatur komunikasi data antar perangkat agar berjalan lancar.
53,Sedang,215,[621614] Sistem kriptografi ini digunakan untuk mengamankan data sensitif dari akses yang tidak sah. The quick brown fox jumps over the lazy dog to test typography and rendering speeds. The quick brown fox jumps over the lazy dog to test typography and rendering speeds. Artificial intelligence models require structured training datasets to improve accuracy.
53,Sedang,216,[852743] Cloud computing provides scalable resources over the internet for modern applications. Mahasiswa wajib memastikan variasi ukuran file dan isi data tidak boleh ada yang identik. Proses enkripsi mengubah plaintext menjadi ciphertext menggunakan kunci rahasia tertentu. Artificial intelligence models require structured training datasets to improve accuracy.
53,Sedang,217,[719127] Mahasiswa wajib memastikan variasi ukuran file dan isi data tidak boleh ada yang identik. Keamanan informasi menjadi pilar utama dalam pengembangan aplikasi berbasis web saat ini. Analisis data skala besar memerlukan infrastruktur komputasi yang kuat dan efisien. Optimasi kode pemrograman dapat meningkatkan kecepatan pemrosesan data secara signifikan.
53,Sedang,218,"[189623] Sistem kriptografi ini digunakan untuk mengamankan data sensitif dari akses yang tidak sah. Artificial intelligence models require structured training datasets to improve accuracy. Data science combines statistical analysis, machine learning, and domain expertise to solve problems. Software engineering principles emphasize clean code, documentation, and thorough testing."
53,Sedang,219,[322373] Cloud computing provides scalable resources over the internet for modern applications. Mahasiswa wajib memastikan variasi ukuran file dan isi data tidak boleh ada yang identik. Pengujian performa algoritma dilakukan dengan mengukur waktu eksekusi dan penggunaan memori. Protokol jaringan bertugas mengatur komunikasi data antar perangkat agar berjalan lancar.
53,Sedang,220,"[397506] Protokol jaringan bertugas mengatur komunikasi data antar perangkat agar berjalan lancar. Software engineering principles emphasize clean code, documentation, and thorough testing. Proses enkripsi mengubah plaintext menjadi ciphertext menggunakan kunci rahasia tertentu. Kombinasi antara metode simetris dan asimetris menghasilkan sistem keamanan yang hibrida."
53,Sedang,221,[714378] Pengujian performa algoritma dilakukan dengan mengukur waktu eksekusi dan penggunaan memori. Sistem kriptografi ini digunakan untuk mengamankan data sensitif dari akses yang tidak sah. Pengujian performa algoritma dilakukan dengan mengukur waktu eksekusi dan penggunaan memori. Proses enkripsi mengubah plaintext menjadi ciphertext menggunakan kunci rahasia tertentu.
53,Sedang,222,[196856] Sistem kriptografi ini digunakan untuk mengamankan data sensitif dari akses yang tidak sah. Sistem kriptografi ini digunakan untuk mengamankan data sensitif dari akses yang tidak sah. Artificial intelligence models require structured training datasets to improve accuracy. Protokol jaringan bertugas mengatur komunikasi data antar perangkat agar berjalan lancar.
53,Sedang,223,[989155] Keamanan informasi menjadi pilar utama dalam pengembangan aplikasi berbasis web saat ini. Mahasiswa wajib memastikan variasi ukuran file dan isi data tidak boleh ada yang identik. Proses enkripsi mengubah plaintext menjadi ciphertext menggunakan kunci rahasia tertentu. Proses enkripsi mengubah plaintext menjadi ciphertext menggunakan kunci rahasia tertentu.
53,Sedang,224,[131717] Artificial intelligence models require structured training datasets to improve accuracy. Optimasi kode pemrograman dapat meningkatkan kecepatan pemrosesan data secara signifikan. Cloud computing provides scalable resources over the internet for modern applications. Implementasi fungsi hash membantu menjaga integritas data dari manipulasi pihak ketiga.
53,Sedang,225,"[276623] The quick brown fox jumps over the lazy dog to test typography and rendering speeds. Analisis data skala besar memerlukan infrastruktur komputasi yang kuat dan efisien. Protokol jaringan bertugas mengatur komunikasi data antar perangkat agar berjalan lancar. Software engineering principles emphasize clean code, documentation, and thorough testing."
53,Sedang,226,"[389926] Software engineering principles emphasize clean code, documentation, and thorough testing. Cloud computing provides scalable resources over the internet for modern applications. Analisis data skala besar memerlukan infrastruktur komputasi yang kuat dan efisien. Data science combines statistical analysis, machine learning, and domain expertise to solve problems."
53,Sedang,227,[170719] Sistem kriptografi ini digunakan untuk mengamankan data sensitif dari akses yang tidak sah. Keamanan informasi menjadi pilar utama dalam pengembangan aplikasi berbasis web saat ini. Mahasiswa wajib memastikan variasi ukuran file dan isi data tidak boleh ada yang identik. Kombinasi antara metode simetris dan asimetris menghasilkan sistem keamanan yang hibrida.
53,Sedang,228,[144101] Kombinasi antara metode simetris dan asimetris menghasilkan sistem keamanan yang hibrida. Implementasi fungsi hash membantu menjaga integritas data dari manipulasi pihak ketiga. Pengujian performa algoritma dilakukan dengan mengukur waktu eksekusi dan penggunaan memori. Analisis data skala besar memerlukan infrastruktur komputasi yang kuat dan efisien.
53,Sedang,229,"[153231] Protokol jaringan bertugas mengatur komunikasi data antar perangkat agar berjalan lancar. Pengujian performa algoritma dilakukan dengan mengukur waktu eksekusi dan penggunaan memori. Data science combines statistical analysis, machine learning, and domain expertise to solve problems. Artificial intelligence models require structured training datasets to improve accuracy."
53,Sedang,230,[836034] Artificial intelligence models require structured training datasets to improve accuracy. Keamanan informasi menjadi pilar utama dalam pengembangan aplikasi berbasis web saat ini. The quick brown fox jumps over the lazy dog to test typography and rendering speeds. Sistem kriptografi ini digunakan untuk mengamankan data sensitif dari akses yang tidak sah.
53,Sedang,231,"[701176] Software engineering principles emphasize clean code, documentation, and thorough testing. Keamanan informasi menjadi pilar utama dalam pengembangan aplikasi berbasis web saat ini. Keamanan informasi menjadi pilar utama dalam pengembangan aplikasi berbasis web saat ini. Implementasi fungsi hash membantu menjaga integritas data dari manipulasi pihak ketiga."
53,Sedang,232,[808403] Artificial intelligence models require structured training datasets to improve accuracy. Implementasi fungsi hash membantu menjaga integritas data dari manipulasi pihak ketiga. Implementasi fungsi hash membantu menjaga integritas data dari manipulasi pihak ketiga. Analisis data skala besar memerlukan infrastruktur komputasi yang kuat dan efisien.
53,Sedang,233,"[365555] Implementasi fungsi hash membantu menjaga integritas data dari manipulasi pihak ketiga. Data science combines statistical analysis, machine learning, and domain expertise to solve problems. Keamanan informasi menjadi pilar utama dalam pengembangan aplikasi berbasis web saat ini. Analisis data skala besar memerlukan infrastruktur komputasi yang kuat dan efisien."
53,Sedang,234,[136858] Pengujian performa algoritma dilakukan dengan mengukur waktu eksekusi dan penggunaan memori. Mahasiswa wajib memastikan variasi ukuran file dan isi data tidak boleh ada yang identik. Implementasi fungsi hash membantu menjaga integritas data dari manipulasi pihak ketiga. Keamanan informasi menjadi pilar utama dalam pengembangan aplikasi berbasis web saat ini.
53,Sedang,235,[990954] Keamanan informasi menjadi pilar utama dalam pengembangan aplikasi berbasis web saat ini. Cloud computing provides scalable resources over the internet for modern applications. Cloud computing provides scalable resources over the internet for modern applications. Mahasiswa wajib memastikan variasi ukuran file dan isi data tidak boleh ada yang identik.
53,Sedang,236,[370150] Kombinasi antara metode simetris dan asimetris menghasilkan sistem keamanan yang hibrida. Protokol jaringan bertugas mengatur komunikasi data antar perangkat agar berjalan lancar. Implementasi fungsi hash membantu menjaga integritas data dari manipulasi pihak ketiga. Artificial intelligence models require structured training datasets to improve accuracy.
53,Sedang,237,[514348] Proses enkripsi mengubah plaintext menjadi ciphertext menggunakan kunci rahasia tertentu. Keamanan informasi menjadi pilar utama dalam pengembangan aplikasi berbasis web saat ini. Implementasi fungsi hash membantu menjaga integritas data dari manipulasi pihak ketiga. Cloud computing provides scalable resources over the internet for modern applications.
53,Sedang,238,[120225] The quick brown fox jumps over the lazy dog to test typography and rendering speeds. Pengujian performa algoritma dilakukan dengan mengukur waktu eksekusi dan penggunaan memori. Mahasiswa wajib memastikan variasi ukuran file dan isi data tidak boleh ada yang identik. Mahasiswa wajib memastikan variasi ukuran file dan isi data tidak boleh ada yang identik.
53,Sedang,239,"[529558] Software engineering principles emphasize clean code, documentation, and thorough testing. Sistem kriptografi ini digunakan untuk mengamankan data sensitif dari akses yang tidak sah. Sistem kriptografi ini digunakan untuk mengamankan data sensitif dari akses yang tidak sah. Data science combines statistical analysis, machine learning, and domain expertise to solve problems."
53,Sedang,240,"[425262] Cloud computing provides scalable resources over the internet for modern applications. Data science combines statistical analysis, machine learning, and domain expertise to solve problems. Kombinasi antara metode simetris dan asimetris menghasilkan sistem keamanan yang hibrida. Protokol jaringan bertugas mengatur komunikasi data antar perangkat agar berjalan lancar."
53,Sedang,241,"[959466] Keamanan informasi menjadi pilar utama dalam pengembangan aplikasi berbasis web saat ini. Software engineering principles emphasize clean code, documentation, and thorough testing. The quick brown fox jumps over the lazy dog to test typography and rendering speeds. Protokol jaringan bertugas mengatur komunikasi data antar perangkat agar berjalan lancar."
53,Sedang,242,"[636845] Proses enkripsi mengubah plaintext menjadi ciphertext menggunakan kunci rahasia tertentu. Data science combines statistical analysis, machine learning, and domain expertise to solve problems. Mahasiswa wajib memastikan variasi ukuran file dan isi data tidak boleh ada yang identik. Proses enkripsi mengubah plaintext menjadi ciphertext menggunakan kunci rahasia tertentu."
53,Sedang,243,[189752] Sistem kriptografi ini digunakan untuk mengamankan data sensitif dari akses yang tidak sah. Kombinasi antara metode simetris dan asimetris menghasilkan sistem keamanan yang hibrida. Cloud computing provides scalable resources over the internet for modern applications. The quick brown fox jumps over the lazy dog to test typography and rendering speeds.
53,Sedang,244,"[468592] Proses enkripsi mengubah plaintext menjadi ciphertext menggunakan kunci rahasia tertentu. Software engineering principles emphasize clean code, documentation, and thorough testing. Artificial intelligence models require structured training datasets to improve accuracy. Mahasiswa wajib memastikan variasi ukuran file dan isi data tidak boleh ada yang identik."
53,Sedang,245,"[192074] Data science combines statistical analysis, machine learning, and domain expertise to solve problems. The quick brown fox jumps over the lazy dog to test typography and rendering speeds. The quick brown fox jumps over the lazy dog to test typography and rendering speeds. Software engineering principles emphasize clean code, documentation, and thorough testing."
53,Sedang,246,[364022] Proses enkripsi mengubah plaintext menjadi ciphertext menggunakan kunci rahasia tertentu. Implementasi fungsi hash membantu menjaga integritas data dari manipulasi pihak ketiga. Analisis data skala besar memerlukan infrastruktur komputasi yang kuat dan efisien. Proses enkripsi mengubah plaintext menjadi ciphertext menggunakan kunci rahasia tertentu.
53,Sedang,247,"[116020] Mahasiswa wajib memastikan variasi ukuran file dan isi data tidak boleh ada yang identik. Sistem kriptografi ini digunakan untuk mengamankan data sensitif dari akses yang tidak sah. Sistem kriptografi ini digunakan untuk mengamankan data sensitif dari akses yang tidak sah. Software engineering principles emphasize clean code, documentation, and thorough testing."
53,Sedang,248,[732092] Mahasiswa wajib memastikan variasi ukuran file dan isi data tidak boleh ada yang identik. Proses enkripsi mengubah plaintext menjadi ciphertext menggunakan kunci rahasia tertentu. Keamanan informasi menjadi pilar utama dalam pengembangan aplikasi berbasis web saat ini. Implementasi fungsi hash membantu menjaga integritas data dari manipulasi pihak ketiga.
53,Sedang,249,[380425] The quick brown fox jumps over the lazy dog to test typography and rendering speeds. Analisis data skala besar memerlukan infrastruktur komputasi yang kuat dan efisien. Kombinasi antara metode simetris dan asimetris menghasilkan sistem keamanan yang hibrida. Protokol jaringan bertugas mengatur komunikasi data antar perangkat agar berjalan lancar.
53,Sedang,250,"[441982] Optimasi kode pemrograman dapat meningkatkan kecepatan pemrosesan data secara signifikan. Protokol jaringan bertugas mengatur komunikasi data antar perangkat agar berjalan lancar. Mahasiswa wajib memastikan variasi ukuran file dan isi data tidak boleh ada yang identik. Data science combines statistical analysis, machine learning, and domain expertise to solve problems."
53,Sedang,251,[835211] Sistem kriptografi ini digunakan untuk mengamankan data sensitif dari akses yang tidak sah. Pengujian performa algoritma dilakukan dengan mengukur waktu eksekusi dan penggunaan memori. Pengujian performa algoritma dilakukan dengan mengukur waktu eksekusi dan penggunaan memori. Mahasiswa wajib memastikan variasi ukuran file dan isi data tidak boleh ada yang identik.
53,Sedang,252,"[433331] The quick brown fox jumps over the lazy dog to test typography and rendering speeds. Keamanan informasi menjadi pilar utama dalam pengembangan aplikasi berbasis web saat ini. Analisis data skala besar memerlukan infrastruktur komputasi yang kuat dan efisien. Data science combines statistical analysis, machine learning, and domain expertise to solve problems."
53,Sedang,253,"[279331] Kombinasi antara metode simetris dan asimetris menghasilkan sistem keamanan yang hibrida. Sistem kriptografi ini digunakan untuk mengamankan data sensitif dari akses yang tidak sah. Software engineering principles emphasize clean code, documentation, and thorough testing. Implementasi fungsi hash membantu menjaga integritas data dari manipulasi pihak ketiga."
53,Sedang,254,[296049] Keamanan informasi menjadi pilar utama dalam pengembangan aplikasi berbasis web saat ini. Kombinasi antara metode simetris dan asimetris menghasilkan sistem keamanan yang hibrida. Analisis data skala besar memerlukan infrastruktur komputasi yang kuat dan efisien. Keamanan informasi menjadi pilar utama dalam pengembangan aplikasi berbasis web saat ini.
53,Sedang,255,[884058] Optimasi kode pemrograman dapat meningkatkan kecepatan pemrosesan data secara signifikan. Pengujian performa algoritma dilakukan dengan mengukur waktu eksekusi dan penggunaan memori. Protokol jaringan bertugas mengatur komunikasi data antar perangkat agar berjalan lancar. Analisis data skala besar memerlukan infrastruktur komputasi yang kuat dan efisien.
53,Sedang,256,[857270] Optimasi kode pemrograman dapat meningkatkan kecepatan pemrosesan data secara signifikan. Proses enkripsi mengubah plaintext menjadi ciphertext menggunakan kunci rahasia tertentu. Sistem kriptografi ini digunakan untuk mengamankan data sensitif dari akses yang tidak sah. Mahasiswa wajib memastikan variasi ukuran file dan isi data tidak boleh ada yang identik.
53,Sedang,257,[946345] Proses enkripsi mengubah plaintext menjadi ciphertext menggunakan kunci rahasia tertentu. Analisis data skala besar memerlukan infrastruktur komputasi yang kuat dan efisien. Mahasiswa wajib memastikan variasi ukuran file dan isi data tidak boleh ada yang identik. Artificial intelligence models require structured training datasets to improve accuracy.
53,Sedang,258,[622837] Mahasiswa wajib memastikan variasi ukuran file dan isi data tidak boleh ada yang identik. Proses enkripsi mengubah plaintext menjadi ciphertext menggunakan kunci rahasia tertentu. Keamanan informasi menjadi pilar utama dalam pengembangan aplikasi berbasis web saat ini. Implementasi fungsi hash membantu menjaga integritas data dari manipulasi pihak ketiga.
53,Sedang,259,[750110] Pengujian performa algoritma dilakukan dengan mengukur waktu eksekusi dan penggunaan memori. Proses enkripsi mengubah plaintext menjadi ciphertext menggunakan kunci rahasia tertentu. Proses enkripsi mengubah plaintext menjadi ciphertext menggunakan kunci rahasia tertentu. Kombinasi antara metode simetris dan asimetris menghasilkan sistem keamanan yang hibrida.
53,Sedang,260,[394983] Pengujian performa algoritma dilakukan dengan mengukur waktu eksekusi dan penggunaan memori. Artificial intelligence models require structured training datasets to improve accuracy. Pengujian performa algoritma dilakukan dengan mengukur waktu eksekusi dan penggunaan memori. Kombinasi antara metode simetris dan asimetris menghasilkan sistem keamanan yang hibrida.
53,Sedang,261,[354305] Keamanan informasi menjadi pilar utama dalam pengembangan aplikasi berbasis web saat ini. Optimasi kode pemrograman dapat meningkatkan kecepatan pemrosesan data secara signifikan. Pengujian performa algoritma dilakukan dengan mengukur waktu eksekusi dan penggunaan memori. Implementasi fungsi hash membantu menjaga integritas data dari manipulasi pihak ketiga.
53,Sedang,262,[981276] Implementasi fungsi hash membantu menjaga integritas data dari manipulasi pihak ketiga. Sistem kriptografi ini digunakan untuk mengamankan data sensitif dari akses yang tidak sah. Cloud computing provides scalable resources over the internet for modern applications. The quick brown fox jumps over the lazy dog to test typography and rendering speeds.
53,Sedang,263,[562419] Pengujian performa algoritma dilakukan dengan mengukur waktu eksekusi dan penggunaan memori. Keamanan informasi menjadi pilar utama dalam pengembangan aplikasi berbasis web saat ini. The quick brown fox jumps over the lazy dog to test typography and rendering speeds. Keamanan informasi menjadi pilar utama dalam pengembangan aplikasi berbasis web saat ini.
53,Sedang,264,[694311] Optimasi kode pemrograman dapat meningkatkan kecepatan pemrosesan data secara signifikan. Artificial intelligence models require structured training datasets to improve accuracy. Optimasi kode pemrograman dapat meningkatkan kecepatan pemrosesan data secara signifikan. Artificial intelligence models require structured training datasets to improve accuracy.
53,Sedang,265,"[549318] Analisis data skala besar memerlukan infrastruktur komputasi yang kuat dan efisien. Data science combines statistical analysis, machine learning, and domain expertise to solve problems. Data science combines statistical analysis, machine learning, and domain expertise to solve problems. Pengujian performa algoritma dilakukan dengan mengukur waktu eksekusi dan penggunaan memori."
53,Sedang,266,"[647789] Pengujian performa algoritma dilakukan dengan mengukur waktu eksekusi dan penggunaan memori. Proses enkripsi mengubah plaintext menjadi ciphertext menggunakan kunci rahasia tertentu. Software engineering principles emphasize clean code, documentation, and thorough testing. Proses enkripsi mengubah plaintext menjadi ciphertext menggunakan kunci rahasia tertentu."
53,Sedang,267,"[699231] Protokol jaringan bertugas mengatur komunikasi data antar perangkat agar berjalan lancar. Mahasiswa wajib memastikan variasi ukuran file dan isi data tidak boleh ada yang identik. Software engineering principles emphasize clean code, documentation, and thorough testing. Protokol jaringan bertugas mengatur komunikasi data antar perangkat agar berjalan lancar."
53,Sedang,268,"[681741] Software engineering principles emphasize clean code, documentation, and thorough testing. Data science combines statistical analysis, machine learning, and domain expertise to solve problems. The quick brown fox jumps over the lazy dog to test typography and rendering speeds. Software engineering principles emphasize clean code, documentation, and thorough testing."
53,Sedang,269,"[730617] Data science combines statistical analysis, machine learning, and domain expertise to solve problems. Pengujian performa algoritma dilakukan dengan mengukur waktu eksekusi dan penggunaan memori. Sistem kriptografi ini digunakan untuk mengamankan data sensitif dari akses yang tidak sah. Data science combines statistical analysis, machine learning, and domain expertise to solve problems."
53,Sedang,270,[484663] Optimasi kode pemrograman dapat meningkatkan kecepatan pemrosesan data secara signifikan. Mahasiswa wajib memastikan variasi ukuran file dan isi data tidak boleh ada yang identik. Mahasiswa wajib memastikan variasi ukuran file dan isi data tidak boleh ada yang identik. Pengujian performa algoritma dilakukan dengan mengukur waktu eksekusi dan penggunaan memori.
53,Sedang,271,"[902436] Software engineering principles emphasize clean code, documentation, and thorough testing. Mahasiswa wajib memastikan variasi ukuran file dan isi data tidak boleh ada yang identik. Optimasi kode pemrograman dapat meningkatkan kecepatan pemrosesan data secara signifikan. Analisis data skala besar memerlukan infrastruktur komputasi yang kuat dan efisien."
53,Sedang,272,"[713212] The quick brown fox jumps over the lazy dog to test typography and rendering speeds. Software engineering principles emphasize clean code, documentation, and thorough testing. Optimasi kode pemrograman dapat meningkatkan kecepatan pemrosesan data secara signifikan. The quick brown fox jumps over the lazy dog to test typography and rendering speeds."
53,Sedang,273,[836792] Pengujian performa algoritma dilakukan dengan mengukur waktu eksekusi dan penggunaan memori. Kombinasi antara metode simetris dan asimetris menghasilkan sistem keamanan yang hibrida. Mahasiswa wajib memastikan variasi ukuran file dan isi data tidak boleh ada yang identik. Kombinasi antara metode simetris dan asimetris menghasilkan sistem keamanan yang hibrida.
53,Sedang,274,"[318786] Optimasi kode pemrograman dapat meningkatkan kecepatan pemrosesan data secara signifikan. Implementasi fungsi hash membantu menjaga integritas data dari manipulasi pihak ketiga. Software engineering principles emphasize clean code, documentation, and thorough testing. Kombinasi antara metode simetris dan asimetris menghasilkan sistem keamanan yang hibrida."
53,Sedang,275,[274856] Optimasi kode pemrograman dapat meningkatkan kecepatan pemrosesan data secara signifikan. Sistem kriptografi ini digunakan untuk mengamankan data sensitif dari akses yang tidak sah. Artificial intelligence models require structured training datasets to improve accuracy. Artificial intelligence models require structured training datasets to improve accuracy.
53,Sedang,276,"[352456] Software engineering principles emphasize clean code, documentation, and thorough testing. Pengujian performa algoritma dilakukan dengan mengukur waktu eksekusi dan penggunaan memori. Cloud computing provides scalable resources over the internet for modern applications. The quick brown fox jumps over the lazy dog to test typography and rendering speeds."
53,Sedang,277,[804071] Mahasiswa wajib memastikan variasi ukuran file dan isi data tidak boleh ada yang identik. Implementasi fungsi hash membantu menjaga integritas data dari manipulasi pihak ketiga. Pengujian performa algoritma dilakukan dengan mengukur waktu eksekusi dan penggunaan memori. Sistem kriptografi ini digunakan untuk mengamankan data sensitif dari akses yang tidak sah.
53,Sedang,278,[640249] Cloud computing provides scalable resources over the internet for modern applications. Optimasi kode pemrograman dapat meningkatkan kecepatan pemrosesan data secara signifikan. The quick brown fox jumps over the lazy dog to test typography and rendering speeds. Protokol jaringan bertugas mengatur komunikasi data antar perangkat agar berjalan lancar.
53,Sedang,279,"[302684] Data science combines statistical analysis, machine learning, and domain expertise to solve problems. Data science combines statistical analysis, machine learning, and domain expertise to solve problems. Proses enkripsi mengubah plaintext menjadi ciphertext menggunakan kunci rahasia tertentu. The quick brown fox jumps over the lazy dog to test typography and rendering speeds."
53,Sedang,280,[665121] Analisis data skala besar memerlukan infrastruktur komputasi yang kuat dan efisien. Proses enkripsi mengubah plaintext menjadi ciphertext menggunakan kunci rahasia tertentu. The quick brown fox jumps over the lazy dog to test typography and rendering speeds. Optimasi kode pemrograman dapat meningkatkan kecepatan pemrosesan data secara signifikan.
53,Sedang,281,"[798998] Software engineering principles emphasize clean code, documentation, and thorough testing. Optimasi kode pemrograman dapat meningkatkan kecepatan pemrosesan data secara signifikan. Kombinasi antara metode simetris dan asimetris menghasilkan sistem keamanan yang hibrida. Mahasiswa wajib memastikan variasi ukuran file dan isi data tidak boleh ada yang identik."
53,Sedang,282,"[498886] Data science combines statistical analysis, machine learning, and domain expertise to solve problems. Protokol jaringan bertugas mengatur komunikasi data antar perangkat agar berjalan lancar. Cloud computing provides scalable resources over the internet for modern applications. Artificial intelligence models require structured training datasets to improve accuracy."
53,Sedang,283,[273008] Sistem kriptografi ini digunakan untuk mengamankan data sensitif dari akses yang tidak sah. The quick brown fox jumps over the lazy dog to test typography and rendering speeds. Sistem kriptografi ini digunakan untuk mengamankan data sensitif dari akses yang tidak sah. Optimasi kode pemrograman dapat meningkatkan kecepatan pemrosesan data secara signifikan.
53,Sedang,284,[694162] Pengujian performa algoritma dilakukan dengan mengukur waktu eksekusi dan penggunaan memori. The quick brown fox jumps over the lazy dog to test typography and rendering speeds. Protokol jaringan bertugas mengatur komunikasi data antar perangkat agar berjalan lancar. Kombinasi antara metode simetris dan asimetris menghasilkan sistem keamanan yang hibrida.
53,Sedang,285,[388776] Sistem kriptografi ini digunakan untuk mengamankan data sensitif dari akses yang tidak sah. Cloud computing provides scalable resources over the internet for modern applications. Analisis data skala besar memerlukan infrastruktur komputasi yang kuat dan efisien. Keamanan informasi menjadi pilar utama dalam pengembangan aplikasi berbasis web saat ini.
53,Sedang,286,[762129] Artificial intelligence models require structured training datasets to improve accuracy. Pengujian performa algoritma dilakukan dengan mengukur waktu eksekusi dan penggunaan memori. Sistem kriptografi ini digunakan untuk mengamankan data sensitif dari akses yang tidak sah. Keamanan informasi menjadi pilar utama dalam pengembangan aplikasi berbasis web saat ini.
53,Sedang,287,"[994437] Software engineering principles emphasize clean code, documentation, and thorough testing. Artificial intelligence models require structured training datasets to improve accuracy. The quick brown fox jumps over the lazy dog to test typography and rendering speeds. Proses enkripsi mengubah plaintext menjadi ciphertext menggunakan kunci rahasia tertentu."
53,Sedang,288,[325621] Cloud computing provides scalable resources over the internet for modern applications. Analisis data skala besar memerlukan infrastruktur komputasi yang kuat dan efisien. Artificial intelligence models require structured training datasets to improve accuracy. Protokol jaringan bertugas mengatur komunikasi data antar perangkat agar berjalan lancar.
53,Sedang,289,[426627] Protokol jaringan bertugas mengatur komunikasi data antar perangkat agar berjalan lancar. Optimasi kode pemrograman dapat meningkatkan kecepatan pemrosesan data secara signifikan. Kombinasi antara metode simetris dan asimetris menghasilkan sistem keamanan yang hibrida. Cloud computing provides scalable resources over the internet for modern applications.
53,Sedang,290,[940973] Proses enkripsi mengubah plaintext menjadi ciphertext menggunakan kunci rahasia tertentu. Kombinasi antara metode simetris dan asimetris menghasilkan sistem keamanan yang hibrida. Kombinasi antara metode simetris dan asimetris menghasilkan sistem keamanan yang hibrida. Artificial intelligence models require structured training datasets to improve accuracy.
53,Sedang,291,[688095] Implementasi fungsi hash membantu menjaga integritas data dari manipulasi pihak ketiga. Pengujian performa algoritma dilakukan dengan mengukur waktu eksekusi dan penggunaan memori. Analisis data skala besar memerlukan infrastruktur komputasi yang kuat dan efisien. Mahasiswa wajib memastikan variasi ukuran file dan isi data tidak boleh ada yang identik.
53,Sedang,292,[373309] Mahasiswa wajib memastikan variasi ukuran file dan isi data tidak boleh ada yang identik. Artificial intelligence models require structured training datasets to improve accuracy. Keamanan informasi menjadi pilar utama dalam pengembangan aplikasi berbasis web saat ini. Mahasiswa wajib memastikan variasi ukuran file dan isi data tidak boleh ada yang identik.
53,Sedang,293,"[819886] Optimasi kode pemrograman dapat meningkatkan kecepatan pemrosesan data secara signifikan. Implementasi fungsi hash membantu menjaga integritas data dari manipulasi pihak ketiga. Keamanan informasi menjadi pilar utama dalam pengembangan aplikasi berbasis web saat ini. Data science combines statistical analysis, machine learning, and domain expertise to solve problems."
53,Sedang,294,[694272] Mahasiswa wajib memastikan variasi ukuran file dan isi data tidak boleh ada yang identik. Keamanan informasi menjadi pilar utama dalam pengembangan aplikasi berbasis web saat ini. Cloud computing provides scalable resources over the internet for modern applications. Protokol jaringan bertugas mengatur komunikasi data antar perangkat agar berjalan lancar.
53,Sedang,295,"[871880] Artificial intelligence models require structured training datasets to improve accuracy. Artificial intelligence models require structured training datasets to improve accuracy. Kombinasi antara metode simetris dan asimetris menghasilkan sistem keamanan yang hibrida. Software engineering principles emphasize clean code, documentation, and thorough testing."
53,Sedang,296,"[755342] Analisis data skala besar memerlukan infrastruktur komputasi yang kuat dan efisien. Software engineering principles emphasize clean code, documentation, and thorough testing. Analisis data skala besar memerlukan infrastruktur komputasi yang kuat dan efisien. Mahasiswa wajib memastikan variasi ukuran file dan isi data tidak boleh ada yang identik."
53,Sedang,297,[205266] Proses enkripsi mengubah plaintext menjadi ciphertext menggunakan kunci rahasia tertentu. Implementasi fungsi hash membantu menjaga integritas data dari manipulasi pihak ketiga. Implementasi fungsi hash membantu menjaga integritas data dari manipulasi pihak ketiga. Implementasi fungsi hash membantu menjaga integritas data dari manipulasi pihak ketiga.
53,Sedang,298,[459966] Artificial intelligence models require structured training datasets to improve accuracy. Cloud computing provides scalable resources over the internet for modern applications. Protokol jaringan bertugas mengatur komunikasi data antar perangkat agar berjalan lancar. Kombinasi antara metode simetris dan asimetris menghasilkan sistem keamanan yang hibrida.
53,Sedang,299,[659416] The quick brown fox jumps over the lazy dog to test typography and rendering speeds. Analisis data skala besar memerlukan infrastruktur komputasi yang kuat dan efisien. Proses enkripsi mengubah plaintext menjadi ciphertext menggunakan kunci rahasia tertentu. Keamanan informasi menjadi pilar utama dalam pengembangan aplikasi berbasis web saat ini.
53,Sedang,300,"[737425] Mahasiswa wajib memastikan variasi ukuran file dan isi data tidak boleh ada yang identik. Sistem kriptografi ini digunakan untuk mengamankan data sensitif dari akses yang tidak sah. Data science combines statistical analysis, machine learning, and domain expertise to solve problems. Sistem kriptografi ini digunakan untuk mengamankan data sensitif dari akses yang tidak sah."
53,Sedang,301,"[633257] Data science combines statistical analysis, machine learning, and domain expertise to solve problems. Keamanan informasi menjadi pilar utama dalam pengembangan aplikasi berbasis web saat ini. Software engineering principles emphasize clean code, documentation, and thorough testing. Pengujian performa algoritma dilakukan dengan mengukur waktu eksekusi dan penggunaan memori."
53,Sedang,302,"[569373] Data science combines statistical analysis, machine learning, and domain expertise to solve problems. Implementasi fungsi hash membantu menjaga integritas data dari manipulasi pihak ketiga. Artificial intelligence models require structured training datasets to improve accuracy. Optimasi kode pemrograman dapat meningkatkan kecepatan pemrosesan data secara signifikan."
53,Sedang,303,[100872] Kombinasi antara metode simetris dan asimetris menghasilkan sistem keamanan yang hibrida. Proses enkripsi mengubah plaintext menjadi ciphertext menggunakan kunci rahasia tertentu. Protokol jaringan bertugas mengatur komunikasi data antar perangkat agar berjalan lancar. Protokol jaringan bertugas mengatur komunikasi data antar perangkat agar berjalan lancar.
53,Sedang,304,"[188854] Analisis data skala besar memerlukan infrastruktur komputasi yang kuat dan efisien. Analisis data skala besar memerlukan infrastruktur komputasi yang kuat dan efisien. Data science combines statistical analysis, machine learning, and domain expertise to solve problems. Artificial intelligence models require structured training datasets to improve accuracy."
53,Sedang,305,[674807] The quick brown fox jumps over the lazy dog to test typography and rendering speeds. The quick brown fox jumps over the lazy dog to test typography and rendering speeds. Mahasiswa wajib memastikan variasi ukuran file dan isi data tidak boleh ada yang identik. Optimasi kode pemrograman dapat meningkatkan kecepatan pemrosesan data secara signifikan.
53,Sedang,306,"[284382] Software engineering principles emphasize clean code, documentation, and thorough testing. Keamanan informasi menjadi pilar utama dalam pengembangan aplikasi berbasis web saat ini. Proses enkripsi mengubah plaintext menjadi ciphertext menggunakan kunci rahasia tertentu. Optimasi kode pemrograman dapat meningkatkan kecepatan pemrosesan data secara signifikan."
53,Sedang,307,[248770] Keamanan informasi menjadi pilar utama dalam pengembangan aplikasi berbasis web saat ini. Mahasiswa wajib memastikan variasi ukuran file dan isi data tidak boleh ada yang identik. Kombinasi antara metode simetris dan asimetris menghasilkan sistem keamanan yang hibrida. Implementasi fungsi hash membantu menjaga integritas data dari manipulasi pihak ketiga.
53,Sedang,308,[285607] Pengujian performa algoritma dilakukan dengan mengukur waktu eksekusi dan penggunaan memori. Artificial intelligence models require structured training datasets to improve accuracy. Implementasi fungsi hash membantu menjaga integritas data dari manipulasi pihak ketiga. Keamanan informasi menjadi pilar utama dalam pengembangan aplikasi berbasis web saat ini.
53,Sedang,309,[151800] Analisis data skala besar memerlukan infrastruktur komputasi yang kuat dan efisien. Implementasi fungsi hash membantu menjaga integritas data dari manipulasi pihak ketiga. Cloud computing provides scalable resources over the internet for modern applications. Artificial intelligence models require structured training datasets to improve accuracy.
53,Sedang,310,"[969160] Data science combines statistical analysis, machine learning, and domain expertise to solve problems. Pengujian performa algoritma dilakukan dengan mengukur waktu eksekusi dan penggunaan memori. Keamanan informasi menjadi pilar utama dalam pengembangan aplikasi berbasis web saat ini. Proses enkripsi mengubah plaintext menjadi ciphertext menggunakan kunci rahasia tertentu."
53,Sedang,311,"[847309] Data science combines statistical analysis, machine learning, and domain expertise to solve problems. Software engineering principles emphasize clean code, documentation, and thorough testing. The quick brown fox jumps over the lazy dog to test typography and rendering speeds. Artificial intelligence models require structured training datasets to improve accuracy."
53,Sedang,312,[521336] Kombinasi antara metode simetris dan asimetris menghasilkan sistem keamanan yang hibrida. Keamanan informasi menjadi pilar utama dalam pengembangan aplikasi berbasis web saat ini. Kombinasi antara metode simetris dan asimetris menghasilkan sistem keamanan yang hibrida. Proses enkripsi mengubah plaintext menjadi ciphertext menggunakan kunci rahasia tertentu.
53,Sedang,313,[402697] Kombinasi antara metode simetris dan asimetris menghasilkan sistem keamanan yang hibrida. Cloud computing provides scalable resources over the internet for modern applications. Mahasiswa wajib memastikan variasi ukuran file dan isi data tidak boleh ada yang identik. Proses enkripsi mengubah plaintext menjadi ciphertext menggunakan kunci rahasia tertentu.
53,Sedang,314,[177517] Cloud computing provides scalable resources over the internet for modern applications. Protokol jaringan bertugas mengatur komunikasi data antar perangkat agar berjalan lancar. Keamanan informasi menjadi pilar utama dalam pengembangan aplikasi berbasis web saat ini. Protokol jaringan bertugas mengatur komunikasi data antar perangkat agar berjalan lancar.
53,Sedang,315,[837013] Kombinasi antara metode simetris dan asimetris menghasilkan sistem keamanan yang hibrida. Implementasi fungsi hash membantu menjaga integritas data dari manipulasi pihak ketiga. Protokol jaringan bertugas mengatur komunikasi data antar perangkat agar berjalan lancar. Mahasiswa wajib memastikan variasi ukuran file dan isi data tidak boleh ada yang identik.
53,Sedang,316,[804572] Analisis data skala besar memerlukan infrastruktur komputasi yang kuat dan efisien. Optimasi kode pemrograman dapat meningkatkan kecepatan pemrosesan data secara signifikan. Keamanan informasi menjadi pilar utama dalam pengembangan aplikasi berbasis web saat ini. Analisis data skala besar memerlukan infrastruktur komputasi yang kuat dan efisien.
53,Sedang,317,[156846] Analisis data skala besar memerlukan infrastruktur komputasi yang kuat dan efisien. Mahasiswa wajib memastikan variasi ukuran file dan isi data tidak boleh ada yang identik. Kombinasi antara metode simetris dan asimetris menghasilkan sistem keamanan yang hibrida. Optimasi kode pemrograman dapat meningkatkan kecepatan pemrosesan data secara signifikan.
53,Sedang,318,[548190] Implementasi fungsi hash membantu menjaga integritas data dari manipulasi pihak ketiga. Cloud computing provides scalable resources over the internet for modern applications. Cloud computing provides scalable resources over the internet for modern applications. Artificial intelligence models require structured training datasets to improve accuracy.
53,Sedang,319,[903590] Sistem kriptografi ini digunakan untuk mengamankan data sensitif dari akses yang tidak sah. Analisis data skala besar memerlukan infrastruktur komputasi yang kuat dan efisien. Sistem kriptografi ini digunakan untuk mengamankan data sensitif dari akses yang tidak sah. Mahasiswa wajib memastikan variasi ukuran file dan isi data tidak boleh ada yang identik.
53,Sedang,320,[869428] Protokol jaringan bertugas mengatur komunikasi data antar perangkat agar berjalan lancar. Mahasiswa wajib memastikan variasi ukuran file dan isi data tidak boleh ada yang identik. Pengujian performa algoritma dilakukan dengan mengukur waktu eksekusi dan penggunaan memori. Kombinasi antara metode simetris dan asimetris menghasilkan sistem keamanan yang hibrida.
53,Sedang,321,[287046] Protokol jaringan bertugas mengatur komunikasi data antar perangkat agar berjalan lancar. The quick brown fox jumps over the lazy dog to test typography and rendering speeds. Mahasiswa wajib memastikan variasi ukuran file dan isi data tidak boleh ada yang identik. Analisis data skala besar memerlukan infrastruktur komputasi yang kuat dan efisien.
53,Sedang,322,[199731] Cloud computing provides scalable resources over the internet for modern applications. Mahasiswa wajib memastikan variasi ukuran file dan isi data tidak boleh ada yang identik. Optimasi kode pemrograman dapat meningkatkan kecepatan pemrosesan data secara signifikan. The quick brown fox jumps over the lazy dog to test typography and rendering speeds.
53,Sedang,323,"[766707] Proses enkripsi mengubah plaintext menjadi ciphertext menggunakan kunci rahasia tertentu. The quick brown fox jumps over the lazy dog to test typography and rendering speeds. Software engineering principles emphasize clean code, documentation, and thorough testing. Artificial intelligence models require structured training datasets to improve accuracy."
53,Sedang,324,"[696731] Cloud computing provides scalable resources over the internet for modern applications. Pengujian performa algoritma dilakukan dengan mengukur waktu eksekusi dan penggunaan memori. Data science combines statistical analysis, machine learning, and domain expertise to solve problems. Proses enkripsi mengubah plaintext menjadi ciphertext menggunakan kunci rahasia tertentu."
53,Sedang,325,"[314924] Mahasiswa wajib memastikan variasi ukuran file dan isi data tidak boleh ada yang identik. Data science combines statistical analysis, machine learning, and domain expertise to solve problems. The quick brown fox jumps over the lazy dog to test typography and rendering speeds. Optimasi kode pemrograman dapat meningkatkan kecepatan pemrosesan data secara signifikan."
53,Sedang,326,"[381700] Cloud computing provides scalable resources over the internet for modern applications. Optimasi kode pemrograman dapat meningkatkan kecepatan pemrosesan data secara signifikan. Implementasi fungsi hash membantu menjaga integritas data dari manipulasi pihak ketiga. Data science combines statistical analysis, machine learning, and domain expertise to solve problems."
53,Sedang,327,[938380] Cloud computing provides scalable resources over the internet for modern applications. Proses enkripsi mengubah plaintext menjadi ciphertext menggunakan kunci rahasia tertentu. Artificial intelligence models require structured training datasets to improve accuracy. Sistem kriptografi ini digunakan untuk mengamankan data sensitif dari akses yang tidak sah.
53,Sedang,328,"[410967] Mahasiswa wajib memastikan variasi ukuran file dan isi data tidak boleh ada yang identik. Software engineering principles emphasize clean code, documentation, and thorough testing. Keamanan informasi menjadi pilar utama dalam pengembangan aplikasi berbasis web saat ini. Protokol jaringan bertugas mengatur komunikasi data antar perangkat agar berjalan lancar."
53,Sedang,329,[673668] Cloud computing provides scalable resources over the internet for modern applications. Keamanan informasi menjadi pilar utama dalam pengembangan aplikasi berbasis web saat ini. Analisis data skala besar memerlukan infrastruktur komputasi yang kuat dan efisien. The quick brown fox jumps over the lazy dog to test typography and rendering speeds.
53,Sedang,330,[959891] Analisis data skala besar memerlukan infrastruktur komputasi yang kuat dan efisien. Mahasiswa wajib memastikan variasi ukuran file dan isi data tidak boleh ada yang identik. Keamanan informasi menjadi pilar utama dalam pengembangan aplikasi berbasis web saat ini. Sistem kriptografi ini digunakan untuk mengamankan data sensitif dari akses yang tidak sah.
53,Sedang,331,[253473] Implementasi fungsi hash membantu menjaga integritas data dari manipulasi pihak ketiga. Kombinasi antara metode simetris dan asimetris menghasilkan sistem keamanan yang hibrida. Optimasi kode pemrograman dapat meningkatkan kecepatan pemrosesan data secara signifikan. Pengujian performa algoritma dilakukan dengan mengukur waktu eksekusi dan penggunaan memori.
53,Sedang,332,[511885] Artificial intelligence models require structured training datasets to improve accuracy. Proses enkripsi mengubah plaintext menjadi ciphertext menggunakan kunci rahasia tertentu. Cloud computing provides scalable resources over the internet for modern applications. Proses enkripsi mengubah plaintext menjadi ciphertext menggunakan kunci rahasia tertentu.
53,Sedang,333,"[747530] Kombinasi antara metode simetris dan asimetris menghasilkan sistem keamanan yang hibrida. Protokol jaringan bertugas mengatur komunikasi data antar perangkat agar berjalan lancar. Data science combines statistical analysis, machine learning, and domain expertise to solve problems. Mahasiswa wajib memastikan variasi ukuran file dan isi data tidak boleh ada yang identik."
53,Sedang,334,"[758705] Artificial intelligence models require structured training datasets to improve accuracy. Cloud computing provides scalable resources over the internet for modern applications. Cloud computing provides scalable resources over the internet for modern applications. Data science combines statistical analysis, machine learning, and domain expertise to solve problems."
53,Sedang,335,[214354] Kombinasi antara metode simetris dan asimetris menghasilkan sistem keamanan yang hibrida. Implementasi fungsi hash membantu menjaga integritas data dari manipulasi pihak ketiga. Implementasi fungsi hash membantu menjaga integritas data dari manipulasi pihak ketiga. The quick brown fox jumps over the lazy dog to test typography and rendering speeds.
53,Sedang,336,[586269] The quick brown fox jumps over the lazy dog to test typography and rendering speeds. The quick brown fox jumps over the lazy dog to test typography and rendering speeds. Protokol jaringan bertugas mengatur komunikasi data antar perangkat agar berjalan lancar. Kombinasi antara metode simetris dan asimetris menghasilkan sistem keamanan yang hibrida.
53,Sedang,337,[623626] Kombinasi antara metode simetris dan asimetris menghasilkan sistem keamanan yang hibrida. Proses enkripsi mengubah plaintext menjadi ciphertext menggunakan kunci rahasia tertentu. Mahasiswa wajib memastikan variasi ukuran file dan isi data tidak boleh ada yang identik. Implementasi fungsi hash membantu menjaga integritas data dari manipulasi pihak ketiga.
53,Sedang,338,[391382] Cloud computing provides scalable resources over the internet for modern applications. Protokol jaringan bertugas mengatur komunikasi data antar perangkat agar berjalan lancar. Kombinasi antara metode simetris dan asimetris menghasilkan sistem keamanan yang hibrida. Protokol jaringan bertugas mengatur komunikasi data antar perangkat agar berjalan lancar.
53,Sedang,339,[492072] Artificial intelligence models require structured training datasets to improve accuracy. Proses enkripsi mengubah plaintext menjadi ciphertext menggunakan kunci rahasia tertentu. Analisis data skala besar memerlukan infrastruktur komputasi yang kuat dan efisien. Cloud computing provides scalable resources over the internet for modern applications.
53,Sedang,340,[697298] Protokol jaringan bertugas mengatur komunikasi data antar perangkat agar berjalan lancar. Artificial intelligence models require structured training datasets to improve accuracy. The quick brown fox jumps over the lazy dog to test typography and rendering speeds. Sistem kriptografi ini digunakan untuk mengamankan data sensitif dari akses yang tidak sah.
53,Sedang,341,[265860] Kombinasi antara metode simetris dan asimetris menghasilkan sistem keamanan yang hibrida. Analisis data skala besar memerlukan infrastruktur komputasi yang kuat dan efisien. The quick brown fox jumps over the lazy dog to test typography and rendering speeds. Pengujian performa algoritma dilakukan dengan mengukur waktu eksekusi dan penggunaan memori.
53,Sedang,342,"[332137] Software engineering principles emphasize clean code, documentation, and thorough testing. Software engineering principles emphasize clean code, documentation, and thorough testing. Pengujian performa algoritma dilakukan dengan mengukur waktu eksekusi dan penggunaan memori. Software engineering principles emphasize clean code, documentation, and thorough testing."
53,Sedang,343,[640988] Keamanan informasi menjadi pilar utama dalam pengembangan aplikasi berbasis web saat ini. Proses enkripsi mengubah plaintext menjadi ciphertext menggunakan kunci rahasia tertentu. Optimasi kode pemrograman dapat meningkatkan kecepatan pemrosesan data secara signifikan. Analisis data skala besar memerlukan infrastruktur komputasi yang kuat dan efisien.
53,Sedang,344,[704041] Analisis data skala besar memerlukan infrastruktur komputasi yang kuat dan efisien. Sistem kriptografi ini digunakan untuk mengamankan data sensitif dari akses yang tidak sah. Analisis data skala besar memerlukan infrastruktur komputasi yang kuat dan efisien. Keamanan informasi menjadi pilar utama dalam pengembangan aplikasi berbasis web saat ini.
53,Sedang,345,[483833] Cloud computing provides scalable resources over the internet for modern applications. Analisis data skala besar memerlukan infrastruktur komputasi yang kuat dan efisien. Proses enkripsi mengubah plaintext menjadi ciphertext menggunakan kunci rahasia tertentu. Pengujian performa algoritma dilakukan dengan mengukur waktu eksekusi dan penggunaan memori.
53,Sedang,346,[492359] Cloud computing provides scalable resources over the internet for modern applications. Sistem kriptografi ini digunakan untuk mengamankan data sensitif dari akses yang tidak sah. Sistem kriptografi ini digunakan untuk mengamankan data sensitif dari akses yang tidak sah. The quick brown fox jumps over the lazy dog to test typography and rendering speeds.
53,Sedang,347,[121281] Protokol jaringan bertugas mengatur komunikasi data antar perangkat agar berjalan lancar. Kombinasi antara metode simetris dan asimetris menghasilkan sistem keamanan yang hibrida. Protokol jaringan bertugas mengatur komunikasi data antar perangkat agar berjalan lancar. Keamanan informasi menjadi pilar utama dalam pengembangan aplikasi berbasis web saat ini.
53,Sedang,348,[801316] Analisis data skala besar memerlukan infrastruktur komputasi yang kuat dan efisien. Analisis data skala besar memerlukan infrastruktur komputasi yang kuat dan efisien. Proses enkripsi mengubah plaintext menjadi ciphertext menggunakan kunci rahasia tertentu. Sistem kriptografi ini digunakan untuk mengamankan data sensitif dari akses yang tidak sah.
53,Sedang,349,"[270892] Software engineering principles emphasize clean code, documentation, and thorough testing. Keamanan informasi menjadi pilar utama dalam pengembangan aplikasi berbasis web saat ini. Optimasi kode pemrograman dapat meningkatkan kecepatan pemrosesan data secara signifikan. Keamanan informasi menjadi pilar utama dalam pengembangan aplikasi berbasis web saat ini."
53,Sedang,350,[741690] Cloud computing provides scalable resources over the internet for modern applications. Pengujian performa algoritma dilakukan dengan mengukur waktu eksekusi dan penggunaan memori. Proses enkripsi mengubah plaintext menjadi ciphertext menggunakan kunci rahasia tertentu. Analisis data skala besar memerlukan infrastruktur komputasi yang kuat dan efisien.
53,Sedang,351,"[881730] Proses enkripsi mengubah plaintext menjadi ciphertext menggunakan kunci rahasia tertentu. Software engineering principles emphasize clean code, documentation, and thorough testing. Sistem kriptografi ini digunakan untuk mengamankan data sensitif dari akses yang tidak sah. Cloud computing provides scalable resources over the internet for modern applications."
53,Sedang,352,[940945] Kombinasi antara metode simetris dan asimetris menghasilkan sistem keamanan yang hibrida. Implementasi fungsi hash membantu menjaga integritas data dari manipulasi pihak ketiga. Implementasi fungsi hash membantu menjaga integritas data dari manipulasi pihak ketiga. Keamanan informasi menjadi pilar utama dalam pengembangan aplikasi berbasis web saat ini.
53,Sedang,353,[257703] Pengujian performa algoritma dilakukan dengan mengukur waktu eksekusi dan penggunaan memori. Mahasiswa wajib memastikan variasi ukuran file dan isi data tidak boleh ada yang identik. Artificial intelligence models require structured training datasets to improve accuracy. Proses enkripsi mengubah plaintext menjadi ciphertext menggunakan kunci rahasia tertentu.
53,Sedang,354,"[837890] Data science combines statistical analysis, machine learning, and domain expertise to solve problems. Protokol jaringan bertugas mengatur komunikasi data antar perangkat agar berjalan lancar. Software engineering principles emphasize clean code, documentation, and thorough testing. Pengujian performa algoritma dilakukan dengan mengukur waktu eksekusi dan penggunaan memori."
53,Sedang,355,[961282] Kombinasi antara metode simetris dan asimetris menghasilkan sistem keamanan yang hibrida. Protokol jaringan bertugas mengatur komunikasi data antar perangkat agar berjalan lancar. Analisis data skala besar memerlukan infrastruktur komputasi yang kuat dan efisien. Keamanan informasi menjadi pilar utama dalam pengembangan aplikasi berbasis web saat ini.
53,Sedang,356,"[868866] Data science combines statistical analysis, machine learning, and domain expertise to solve problems. Keamanan informasi menjadi pilar utama dalam pengembangan aplikasi berbasis web saat ini. Keamanan informasi menjadi pilar utama dalam pengembangan aplikasi berbasis web saat ini. The quick brown fox jumps over the lazy dog to test typography and rendering speeds."
53,Sedang,357,"[611339] Artificial intelligence models require structured training datasets to improve accuracy. Cloud computing provides scalable resources over the internet for modern applications. Data science combines statistical analysis, machine learning, and domain expertise to solve problems. Kombinasi antara metode simetris dan asimetris menghasilkan sistem keamanan yang hibrida."
53,Sedang,358,"[810343] The quick brown fox jumps over the lazy dog to test typography and rendering speeds. Pengujian performa algoritma dilakukan dengan mengukur waktu eksekusi dan penggunaan memori. Software engineering principles emphasize clean code, documentation, and thorough testing. Data science combines statistical analysis, machine learning, and domain expertise to solve problems."
53,Sedang,359,[592637] Protokol jaringan bertugas mengatur komunikasi data antar perangkat agar berjalan lancar. The quick brown fox jumps over the lazy dog to test typography and rendering speeds. Proses enkripsi mengubah plaintext menjadi ciphertext menggunakan kunci rahasia tertentu. Proses enkripsi mengubah plaintext menjadi ciphertext menggunakan kunci rahasia tertentu.
53,Sedang,360,[322993] Implementasi fungsi hash membantu menjaga integritas data dari manipulasi pihak ketiga. Artificial intelligence models require structured training datasets to improve accuracy. Cloud computing provides scalable resources over the internet for modern applications. Sistem kriptografi ini digunakan untuk mengamankan data sensitif dari akses yang tidak sah.
53,Sedang,361,"[999932] Mahasiswa wajib memastikan variasi ukuran file dan isi data tidak boleh ada yang identik. Pengujian performa algoritma dilakukan dengan mengukur waktu eksekusi dan penggunaan memori. Software engineering principles emphasize clean code, documentation, and thorough testing. Optimasi kode pemrograman dapat meningkatkan kecepatan pemrosesan data secara signifikan."
53,Sedang,362,[399522] Keamanan informasi menjadi pilar utama dalam pengembangan aplikasi berbasis web saat ini. Analisis data skala besar memerlukan infrastruktur komputasi yang kuat dan efisien. The quick brown fox jumps over the lazy dog to test typography and rendering speeds. Analisis data skala besar memerlukan infrastruktur komputasi yang kuat dan efisien.
53,Sedang,363,[214345] Analisis data skala besar memerlukan infrastruktur komputasi yang kuat dan efisien. Optimasi kode pemrograman dapat meningkatkan kecepatan pemrosesan data secara signifikan. Sistem kriptografi ini digunakan untuk mengamankan data sensitif dari akses yang tidak sah. Analisis data skala besar memerlukan infrastruktur komputasi yang kuat dan efisien.
53,Sedang,364,[374027] Cloud computing provides scalable resources over the internet for modern applications. Analisis data skala besar memerlukan infrastruktur komputasi yang kuat dan efisien. Protokol jaringan bertugas mengatur komunikasi data antar perangkat agar berjalan lancar. Pengujian performa algoritma dilakukan dengan mengukur waktu eksekusi dan penggunaan memori.
53,Sedang,365,[197219] Protokol jaringan bertugas mengatur komunikasi data antar perangkat agar berjalan lancar. Optimasi kode pemrograman dapat meningkatkan kecepatan pemrosesan data secara signifikan. Implementasi fungsi hash membantu menjaga integritas data dari manipulasi pihak ketiga. Implementasi fungsi hash membantu menjaga integritas data dari manipulasi pihak ketiga.
53,Sedang,366,"[326092] Data science combines statistical analysis, machine learning, and domain expertise to solve problems. Sistem kriptografi ini digunakan untuk mengamankan data sensitif dari akses yang tidak sah. Pengujian performa algoritma dilakukan dengan mengukur waktu eksekusi dan penggunaan memori. Data science combines statistical analysis, machine learning, and domain expertise to solve problems."
53,Sedang,367,"[977830] Analisis data skala besar memerlukan infrastruktur komputasi yang kuat dan efisien. Kombinasi antara metode simetris dan asimetris menghasilkan sistem keamanan yang hibrida. Pengujian performa algoritma dilakukan dengan mengukur waktu eksekusi dan penggunaan memori. Software engineering principles emphasize clean code, documentation, and thorough testing."
53,Sedang,368,"[850264] Mahasiswa wajib memastikan variasi ukuran file dan isi data tidak boleh ada yang identik. Mahasiswa wajib memastikan variasi ukuran file dan isi data tidak boleh ada yang identik. Data science combines statistical analysis, machine learning, and domain expertise to solve problems. Kombinasi antara metode simetris dan asimetris menghasilkan sistem keamanan yang hibrida."
53,Sedang,369,[379192] Pengujian performa algoritma dilakukan dengan mengukur waktu eksekusi dan penggunaan memori. Pengujian performa algoritma dilakukan dengan mengukur waktu eksekusi dan penggunaan memori. The quick brown fox jumps over the lazy dog to test typography and rendering speeds. Sistem kriptografi ini digunakan untuk mengamankan data sensitif dari akses yang tidak sah.
53,Sedang,370,[654005] Implementasi fungsi hash membantu menjaga integritas data dari manipulasi pihak ketiga. Keamanan informasi menjadi pilar utama dalam pengembangan aplikasi berbasis web saat ini. Protokol jaringan bertugas mengatur komunikasi data antar perangkat agar berjalan lancar. Implementasi fungsi hash membantu menjaga integritas data dari manipulasi pihak ketiga.
53,Sedang,371,[986670] Pengujian performa algoritma dilakukan dengan mengukur waktu eksekusi dan penggunaan memori. Kombinasi antara metode simetris dan asimetris menghasilkan sistem keamanan yang hibrida. Optimasi kode pemrograman dapat meningkatkan kecepatan pemrosesan data secara signifikan. Sistem kriptografi ini digunakan untuk mengamankan data sensitif dari akses yang tidak sah.
53,Sedang,372,[540489] Kombinasi antara metode simetris dan asimetris menghasilkan sistem keamanan yang hibrida. Mahasiswa wajib memastikan variasi ukuran file dan isi data tidak boleh ada yang identik. Proses enkripsi mengubah plaintext menjadi ciphertext menggunakan kunci rahasia tertentu. Keamanan informasi menjadi pilar utama dalam pengembangan aplikasi berbasis web saat ini.
53,Sedang,373,[783270] Implementasi fungsi hash membantu menjaga integritas data dari manipulasi pihak ketiga. Cloud computing provides scalable resources over the internet for modern applications. Kombinasi antara metode simetris dan asimetris menghasilkan sistem keamanan yang hibrida. Optimasi kode pemrograman dapat meningkatkan kecepatan pemrosesan data secara signifikan.
53,Sedang,374,[937416] Implementasi fungsi hash membantu menjaga integritas data dari manipulasi pihak ketiga. Artificial intelligence models require structured training datasets to improve accuracy. Artificial intelligence models require structured training datasets to improve accuracy. Sistem kriptografi ini digunakan untuk mengamankan data sensitif dari akses yang tidak sah.
53,Sedang,375,"[731929] Kombinasi antara metode simetris dan asimetris menghasilkan sistem keamanan yang hibrida. Optimasi kode pemrograman dapat meningkatkan kecepatan pemrosesan data secara signifikan. Software engineering principles emphasize clean code, documentation, and thorough testing. Keamanan informasi menjadi pilar utama dalam pengembangan aplikasi berbasis web saat ini."
53,Sedang,376,"[632151] Proses enkripsi mengubah plaintext menjadi ciphertext menggunakan kunci rahasia tertentu. Data science combines statistical analysis, machine learning, and domain expertise to solve problems. Implementasi fungsi hash membantu menjaga integritas data dari manipulasi pihak ketiga. Software engineering principles emphasize clean code, documentation, and thorough testing."
53,Sedang,377,"[455003] Software engineering principles emphasize clean code, documentation, and thorough testing. Kombinasi antara metode simetris dan asimetris menghasilkan sistem keamanan yang hibrida. Optimasi kode pemrograman dapat meningkatkan kecepatan pemrosesan data secara signifikan. Analisis data skala besar memerlukan infrastruktur komputasi yang kuat dan efisien."
53,Sedang,378,"[648936] Implementasi fungsi hash membantu menjaga integritas data dari manipulasi pihak ketiga. Data science combines statistical analysis, machine learning, and domain expertise to solve problems. Software engineering principles emphasize clean code, documentation, and thorough testing. Analisis data skala besar memerlukan infrastruktur komputasi yang kuat dan efisien."
53,Sedang,379,[498986] Analisis data skala besar memerlukan infrastruktur komputasi yang kuat dan efisien. Optimasi kode pemrograman dapat meningkatkan kecepatan pemrosesan data secara signifikan. Protokol jaringan bertugas mengatur komunikasi data antar perangkat agar berjalan lancar. The quick brown fox jumps over the lazy dog to test typography and rendering speeds.
53,Sedang,380,"[638593] Protokol jaringan bertugas mengatur komunikasi data antar perangkat agar berjalan lancar. Sistem kriptografi ini digunakan untuk mengamankan data sensitif dari akses yang tidak sah. Implementasi fungsi hash membantu menjaga integritas data dari manipulasi pihak ketiga. Software engineering principles emphasize clean code, documentation, and thorough testing."
53,Sedang,381,[717887] Cloud computing provides scalable resources over the internet for modern applications. Optimasi kode pemrograman dapat meningkatkan kecepatan pemrosesan data secara signifikan. Mahasiswa wajib memastikan variasi ukuran file dan isi data tidak boleh ada yang identik. Keamanan informasi menjadi pilar utama dalam pengembangan aplikasi berbasis web saat ini.
53,Sedang,382,[109866] Pengujian performa algoritma dilakukan dengan mengukur waktu eksekusi dan penggunaan memori. Pengujian performa algoritma dilakukan dengan mengukur waktu eksekusi dan penggunaan memori. Pengujian performa algoritma dilakukan dengan mengukur waktu eksekusi dan penggunaan memori. Kombinasi antara metode simetris dan asimetris menghasilkan sistem keamanan yang hibrida.
53,Sedang,383,[228695] Artificial intelligence models require structured training datasets to improve accuracy. Analisis data skala besar memerlukan infrastruktur komputasi yang kuat dan efisien. The quick brown fox jumps over the lazy dog to test typography and rendering speeds. Artificial intelligence models require structured training datasets to improve accuracy.
53,Sedang,384,"[129500] Analisis data skala besar memerlukan infrastruktur komputasi yang kuat dan efisien. Data science combines statistical analysis, machine learning, and domain expertise to solve problems. Optimasi kode pemrograman dapat meningkatkan kecepatan pemrosesan data secara signifikan. The quick brown fox jumps over the lazy dog to test typography and rendering speeds."
53,Sedang,385,"[752737] Protokol jaringan bertugas mengatur komunikasi data antar perangkat agar berjalan lancar. Cloud computing provides scalable resources over the internet for modern applications. Pengujian performa algoritma dilakukan dengan mengukur waktu eksekusi dan penggunaan memori. Software engineering principles emphasize clean code, documentation, and thorough testing."
53,Sedang,386,[912562] Sistem kriptografi ini digunakan untuk mengamankan data sensitif dari akses yang tidak sah. The quick brown fox jumps over the lazy dog to test typography and rendering speeds. Analisis data skala besar memerlukan infrastruktur komputasi yang kuat dan efisien. The quick brown fox jumps over the lazy dog to test typography and rendering speeds.
53,Sedang,387,"[501308] Cloud computing provides scalable resources over the internet for modern applications. Cloud computing provides scalable resources over the internet for modern applications. Pengujian performa algoritma dilakukan dengan mengukur waktu eksekusi dan penggunaan memori. Data science combines statistical analysis, machine learning, and domain expertise to solve problems."
53,Sedang,388,"[349512] Mahasiswa wajib memastikan variasi ukuran file dan isi data tidak boleh ada yang identik. Data science combines statistical analysis, machine learning, and domain expertise to solve problems. Artificial intelligence models require structured training datasets to improve accuracy. Analisis data skala besar memerlukan infrastruktur komputasi yang kuat dan efisien."
53,Sedang,389,[286805] Artificial intelligence models require structured training datasets to improve accuracy. Analisis data skala besar memerlukan infrastruktur komputasi yang kuat dan efisien. Kombinasi antara metode simetris dan asimetris menghasilkan sistem keamanan yang hibrida. Sistem kriptografi ini digunakan untuk mengamankan data sensitif dari akses yang tidak sah.
53,Sedang,390,[582786] Protokol jaringan bertugas mengatur komunikasi data antar perangkat agar berjalan lancar. Optimasi kode pemrograman dapat meningkatkan kecepatan pemrosesan data secara signifikan. Artificial intelligence models require structured training datasets to improve accuracy. Artificial intelligence models require structured training datasets to improve accuracy.
53,Sedang,391,"[925561] Software engineering principles emphasize clean code, documentation, and thorough testing. Pengujian performa algoritma dilakukan dengan mengukur waktu eksekusi dan penggunaan memori. Cloud computing provides scalable resources over the internet for modern applications. Sistem kriptografi ini digunakan untuk mengamankan data sensitif dari akses yang tidak sah."
53,Sedang,392,[194349] Implementasi fungsi hash membantu menjaga integritas data dari manipulasi pihak ketiga. Optimasi kode pemrograman dapat meningkatkan kecepatan pemrosesan data secara signifikan. Proses enkripsi mengubah plaintext menjadi ciphertext menggunakan kunci rahasia tertentu. Implementasi fungsi hash membantu menjaga integritas data dari manipulasi pihak ketiga.
53,Sedang,393,[274632] Mahasiswa wajib memastikan variasi ukuran file dan isi data tidak boleh ada yang identik. Proses enkripsi mengubah plaintext menjadi ciphertext menggunakan kunci rahasia tertentu. Optimasi kode pemrograman dapat meningkatkan kecepatan pemrosesan data secara signifikan. Pengujian performa algoritma dilakukan dengan mengukur waktu eksekusi dan penggunaan memori.
53,Sedang,394,"[635447] Kombinasi antara metode simetris dan asimetris menghasilkan sistem keamanan yang hibrida. Software engineering principles emphasize clean code, documentation, and thorough testing. Kombinasi antara metode simetris dan asimetris menghasilkan sistem keamanan yang hibrida. Sistem kriptografi ini digunakan untuk mengamankan data sensitif dari akses yang tidak sah."
53,Sedang,395,"[425227] Proses enkripsi mengubah plaintext menjadi ciphertext menggunakan kunci rahasia tertentu. Analisis data skala besar memerlukan infrastruktur komputasi yang kuat dan efisien. Software engineering principles emphasize clean code, documentation, and thorough testing. Software engineering principles emphasize clean code, documentation, and thorough testing."
53,Sedang,396,[893370] Implementasi fungsi hash membantu menjaga integritas data dari manipulasi pihak ketiga. Proses enkripsi mengubah plaintext menjadi ciphertext menggunakan kunci rahasia tertentu. Keamanan informasi menjadi pilar utama dalam pengembangan aplikasi berbasis web saat ini. Cloud computing provides scalable resources over the internet for modern applications.
53,Sedang,397,[530740] Protokol jaringan bertugas mengatur komunikasi data antar perangkat agar berjalan lancar. Proses enkripsi mengubah plaintext menjadi ciphertext menggunakan kunci rahasia tertentu. Pengujian performa algoritma dilakukan dengan mengukur waktu eksekusi dan penggunaan memori. Optimasi kode pemrograman dapat meningkatkan kecepatan pemrosesan data secara signifikan.
53,Sedang,398,"[787621] Optimasi kode pemrograman dapat meningkatkan kecepatan pemrosesan data secara signifikan. Data science combines statistical analysis, machine learning, and domain expertise to solve problems. Analisis data skala besar memerlukan infrastruktur komputasi yang kuat dan efisien. Analisis data skala besar memerlukan infrastruktur komputasi yang kuat dan efisien."
53,Sedang,399,"[889226] Pengujian performa algoritma dilakukan dengan mengukur waktu eksekusi dan penggunaan memori. Analisis data skala besar memerlukan infrastruktur komputasi yang kuat dan efisien. Software engineering principles emphasize clean code, documentation, and thorough testing. Proses enkripsi mengubah plaintext menjadi ciphertext menggunakan kunci rahasia tertentu."
53,Sedang,400,"[836042] Protokol jaringan bertugas mengatur komunikasi data antar perangkat agar berjalan lancar. Software engineering principles emphasize clean code, documentation, and thorough testing. Keamanan informasi menjadi pilar utama dalam pengembangan aplikasi berbasis web saat ini. Protokol jaringan bertugas mengatur komunikasi data antar perangkat agar berjalan lancar."
53,Sedang,401,[788971] Keamanan informasi menjadi pilar utama dalam pengembangan aplikasi berbasis web saat ini. Analisis data skala besar memerlukan infrastruktur komputasi yang kuat dan efisien. The quick brown fox jumps over the lazy dog to test typography and rendering speeds. Mahasiswa wajib memastikan variasi ukuran file dan isi data tidak boleh ada yang identik.
53,Sedang,402,[857649] Optimasi kode pemrograman dapat meningkatkan kecepatan pemrosesan data secara signifikan. Artificial intelligence models require structured training datasets to improve accuracy. Analisis data skala besar memerlukan infrastruktur komputasi yang kuat dan efisien. Implementasi fungsi hash membantu menjaga integritas data dari manipulasi pihak ketiga.
53,Sedang,403,"[766812] Artificial intelligence models require structured training datasets to improve accuracy. Data science combines statistical analysis, machine learning, and domain expertise to solve problems. Data science combines statistical analysis, machine learning, and domain expertise to solve problems. Cloud computing provides scalable resources over the internet for modern applications."
53,Sedang,404,"[307879] Data science combines statistical analysis, machine learning, and domain expertise to solve problems. Proses enkripsi mengubah plaintext menjadi ciphertext menggunakan kunci rahasia tertentu. Implementasi fungsi hash membantu menjaga integritas data dari manipulasi pihak ketiga. Sistem kriptografi ini digunakan untuk mengamankan data sensitif dari akses yang tidak sah."
53,Sedang,405,[151454] The quick brown fox jumps over the lazy dog to test typography and rendering speeds. Proses enkripsi mengubah plaintext menjadi ciphertext menggunakan kunci rahasia tertentu. Proses enkripsi mengubah plaintext menjadi ciphertext menggunakan kunci rahasia tertentu. The quick brown fox jumps over the lazy dog to test typography and rendering speeds.
53,Sedang,406,[863964] Analisis data skala besar memerlukan infrastruktur komputasi yang kuat dan efisien. Mahasiswa wajib memastikan variasi ukuran file dan isi data tidak boleh ada yang identik. Artificial intelligence models require structured training datasets to improve accuracy. Kombinasi antara metode simetris dan asimetris menghasilkan sistem keamanan yang hibrida.
53,Sedang,407,[868477] Mahasiswa wajib memastikan variasi ukuran file dan isi data tidak boleh ada yang identik. Mahasiswa wajib memastikan variasi ukuran file dan isi data tidak boleh ada yang identik. The quick brown fox jumps over the lazy dog to test typography and rendering speeds. Mahasiswa wajib memastikan variasi ukuran file dan isi data tidak boleh ada yang identik.
53,Sedang,408,[917323] Artificial intelligence models require structured training datasets to improve accuracy. The quick brown fox jumps over the lazy dog to test typography and rendering speeds. Analisis data skala besar memerlukan infrastruktur komputasi yang kuat dan efisien. Mahasiswa wajib memastikan variasi ukuran file dan isi data tidak boleh ada yang identik.
53,Sedang,409,[877754] Mahasiswa wajib memastikan variasi ukuran file dan isi data tidak boleh ada yang identik. Sistem kriptografi ini digunakan untuk mengamankan data sensitif dari akses yang tidak sah. The quick brown fox jumps over the lazy dog to test typography and rendering speeds. Implementasi fungsi hash membantu menjaga integritas data dari manipulasi pihak ketiga.
53,Sedang,410,"[472447] Keamanan informasi menjadi pilar utama dalam pengembangan aplikasi berbasis web saat ini. Keamanan informasi menjadi pilar utama dalam pengembangan aplikasi berbasis web saat ini. Data science combines statistical analysis, machine learning, and domain expertise to solve problems. Optimasi kode pemrograman dapat meningkatkan kecepatan pemrosesan data secara signifikan."
53,Sedang,411,[619633] Pengujian performa algoritma dilakukan dengan mengukur waktu eksekusi dan penggunaan memori. Protokol jaringan bertugas mengatur komunikasi data antar perangkat agar berjalan lancar. Analisis data skala besar memerlukan infrastruktur komputasi yang kuat dan efisien. Keamanan informasi menjadi pilar utama dalam pengembangan aplikasi berbasis web saat ini.
53,Sedang,412,[560290] Artificial intelligence models require structured training datasets to improve accuracy. Pengujian performa algoritma dilakukan dengan mengukur waktu eksekusi dan penggunaan memori. Analisis data skala besar memerlukan infrastruktur komputasi yang kuat dan efisien. Implementasi fungsi hash membantu menjaga integritas data dari manipulasi pihak ketiga.
53,Sedang,413,[342937] Analisis data skala besar memerlukan infrastruktur komputasi yang kuat dan efisien. Sistem kriptografi ini digunakan untuk mengamankan data sensitif dari akses yang tidak sah. Cloud computing provides scalable resources over the internet for modern applications. Kombinasi antara metode simetris dan asimetris menghasilkan sistem keamanan yang hibrida.
53,Sedang,414,"[524717] Optimasi kode pemrograman dapat meningkatkan kecepatan pemrosesan data secara signifikan. Data science combines statistical analysis, machine learning, and domain expertise to solve problems. Data science combines statistical analysis, machine learning, and domain expertise to solve problems. Artificial intelligence models require structured training datasets to improve accuracy."
53,Sedang,415,[268057] Keamanan informasi menjadi pilar utama dalam pengembangan aplikasi berbasis web saat ini. Mahasiswa wajib memastikan variasi ukuran file dan isi data tidak boleh ada yang identik. Cloud computing provides scalable resources over the internet for modern applications. Mahasiswa wajib memastikan variasi ukuran file dan isi data tidak boleh ada yang identik.
53,Sedang,416,"[332776] Cloud computing provides scalable resources over the internet for modern applications. Protokol jaringan bertugas mengatur komunikasi data antar perangkat agar berjalan lancar. Software engineering principles emphasize clean code, documentation, and thorough testing. Mahasiswa wajib memastikan variasi ukuran file dan isi data tidak boleh ada yang identik."
53,Sedang,417,[354510] Sistem kriptografi ini digunakan untuk mengamankan data sensitif dari akses yang tidak sah. The quick brown fox jumps over the lazy dog to test typography and rendering speeds. Artificial intelligence models require structured training datasets to improve accuracy. Kombinasi antara metode simetris dan asimetris menghasilkan sistem keamanan yang hibrida.
53,Sedang,418,"[633549] Sistem kriptografi ini digunakan untuk mengamankan data sensitif dari akses yang tidak sah. Keamanan informasi menjadi pilar utama dalam pengembangan aplikasi berbasis web saat ini. Data science combines statistical analysis, machine learning, and domain expertise to solve problems. Artificial intelligence models require structured training datasets to improve accuracy."
53,Sedang,419,"[283324] Kombinasi antara metode simetris dan asimetris menghasilkan sistem keamanan yang hibrida. Cloud computing provides scalable resources over the internet for modern applications. Software engineering principles emphasize clean code, documentation, and thorough testing. Proses enkripsi mengubah plaintext menjadi ciphertext menggunakan kunci rahasia tertentu."
53,Sedang,420,"[503783] Analisis data skala besar memerlukan infrastruktur komputasi yang kuat dan efisien. Software engineering principles emphasize clean code, documentation, and thorough testing. Cloud computing provides scalable resources over the internet for modern applications. Protokol jaringan bertugas mengatur komunikasi data antar perangkat agar berjalan lancar."
53,Sedang,421,[193545] Mahasiswa wajib memastikan variasi ukuran file dan isi data tidak boleh ada yang identik. The quick brown fox jumps over the lazy dog to test typography and rendering speeds. Kombinasi antara metode simetris dan asimetris menghasilkan sistem keamanan yang hibrida. Keamanan informasi menjadi pilar utama dalam pengembangan aplikasi berbasis web saat ini.
53,Sedang,422,[220056] Proses enkripsi mengubah plaintext menjadi ciphertext menggunakan kunci rahasia tertentu. Cloud computing provides scalable resources over the internet for modern applications. Implementasi fungsi hash membantu menjaga integritas data dari manipulasi pihak ketiga. Cloud computing provides scalable resources over the internet for modern applications.
53,Sedang,423,"[454760] The quick brown fox jumps over the lazy dog to test typography and rendering speeds. Software engineering principles emphasize clean code, documentation, and thorough testing. Protokol jaringan bertugas mengatur komunikasi data antar perangkat agar berjalan lancar. Mahasiswa wajib memastikan variasi ukuran file dan isi data tidak boleh ada yang identik."
53,Sedang,424,"[165902] Mahasiswa wajib memastikan variasi ukuran file dan isi data tidak boleh ada yang identik. Data science combines statistical analysis, machine learning, and domain expertise to solve problems. Artificial intelligence models require structured training datasets to improve accuracy. Implementasi fungsi hash membantu menjaga integritas data dari manipulasi pihak ketiga."
53,Sedang,425,[451130] Kombinasi antara metode simetris dan asimetris menghasilkan sistem keamanan yang hibrida. Optimasi kode pemrograman dapat meningkatkan kecepatan pemrosesan data secara signifikan. Kombinasi antara metode simetris dan asimetris menghasilkan sistem keamanan yang hibrida. Protokol jaringan bertugas mengatur komunikasi data antar perangkat agar berjalan lancar.
53,Sedang,426,"[818967] Implementasi fungsi hash membantu menjaga integritas data dari manipulasi pihak ketiga. Artificial intelligence models require structured training datasets to improve accuracy. Pengujian performa algoritma dilakukan dengan mengukur waktu eksekusi dan penggunaan memori. Software engineering principles emphasize clean code, documentation, and thorough testing."
53,Sedang,427,"[866947] Software engineering principles emphasize clean code, documentation, and thorough testing. Cloud computing provides scalable resources over the internet for modern applications. Analisis data skala besar memerlukan infrastruktur komputasi yang kuat dan efisien. Pengujian performa algoritma dilakukan dengan mengukur waktu eksekusi dan penggunaan memori."
53,Sedang,428,[438701] Implementasi fungsi hash membantu menjaga integritas data dari manipulasi pihak ketiga. Proses enkripsi mengubah plaintext menjadi ciphertext menggunakan kunci rahasia tertentu. Pengujian performa algoritma dilakukan dengan mengukur waktu eksekusi dan penggunaan memori. Mahasiswa wajib memastikan variasi ukuran file dan isi data tidak boleh ada yang identik.
53,Sedang,429,"[151817] Proses enkripsi mengubah plaintext menjadi ciphertext menggunakan kunci rahasia tertentu. Data science combines statistical analysis, machine learning, and domain expertise to solve problems. Kombinasi antara metode simetris dan asimetris menghasilkan sistem keamanan yang hibrida. Pengujian performa algoritma dilakukan dengan mengukur waktu eksekusi dan penggunaan memori."
53,Sedang,430,[467520] Cloud computing provides scalable resources over the internet for modern applications. Proses enkripsi mengubah plaintext menjadi ciphertext menggunakan kunci rahasia tertentu. Protokol jaringan bertugas mengatur komunikasi data antar perangkat agar berjalan lancar. Keamanan informasi menjadi pilar utama dalam pengembangan aplikasi berbasis web saat ini.
53,Sedang,431,[498129] Proses enkripsi mengubah plaintext menjadi ciphertext menggunakan kunci rahasia tertentu. Optimasi kode pemrograman dapat meningkatkan kecepatan pemrosesan data secara signifikan. Analisis data skala besar memerlukan infrastruktur komputasi yang kuat dan efisien. The quick brown fox jumps over the lazy dog to test typography and rendering speeds.
53,Sedang,432,"[104681] Proses enkripsi mengubah plaintext menjadi ciphertext menggunakan kunci rahasia tertentu. Implementasi fungsi hash membantu menjaga integritas data dari manipulasi pihak ketiga. Software engineering principles emphasize clean code, documentation, and thorough testing. Proses enkripsi mengubah plaintext menjadi ciphertext menggunakan kunci rahasia tertentu."
53,Sedang,433,[940338] Sistem kriptografi ini digunakan untuk mengamankan data sensitif dari akses yang tidak sah. Mahasiswa wajib memastikan variasi ukuran file dan isi data tidak boleh ada yang identik. Artificial intelligence models require structured training datasets to improve accuracy. Cloud computing provides scalable resources over the internet for modern applications.
53,Sedang,434,[372791] Optimasi kode pemrograman dapat meningkatkan kecepatan pemrosesan data secara signifikan. Implementasi fungsi hash membantu menjaga integritas data dari manipulasi pihak ketiga. Kombinasi antara metode simetris dan asimetris menghasilkan sistem keamanan yang hibrida. Mahasiswa wajib memastikan variasi ukuran file dan isi data tidak boleh ada yang identik.
53,Sedang,435,[533101] Pengujian performa algoritma dilakukan dengan mengukur waktu eksekusi dan penggunaan memori. Proses enkripsi mengubah plaintext menjadi ciphertext menggunakan kunci rahasia tertentu. Artificial intelligence models require structured training datasets to improve accuracy. Mahasiswa wajib memastikan variasi ukuran file dan isi data tidak boleh ada yang identik.
53,Sedang,436,"[793822] Sistem kriptografi ini digunakan untuk mengamankan data sensitif dari akses yang tidak sah. Pengujian performa algoritma dilakukan dengan mengukur waktu eksekusi dan penggunaan memori. Data science combines statistical analysis, machine learning, and domain expertise to solve problems. Kombinasi antara metode simetris dan asimetris menghasilkan sistem keamanan yang hibrida."
53,Sedang,437,"[229372] Software engineering principles emphasize clean code, documentation, and thorough testing. Optimasi kode pemrograman dapat meningkatkan kecepatan pemrosesan data secara signifikan. Optimasi kode pemrograman dapat meningkatkan kecepatan pemrosesan data secara signifikan. Kombinasi antara metode simetris dan asimetris menghasilkan sistem keamanan yang hibrida."
53,Sedang,438,[536422] Implementasi fungsi hash membantu menjaga integritas data dari manipulasi pihak ketiga. Kombinasi antara metode simetris dan asimetris menghasilkan sistem keamanan yang hibrida. Analisis data skala besar memerlukan infrastruktur komputasi yang kuat dan efisien. Pengujian performa algoritma dilakukan dengan mengukur waktu eksekusi dan penggunaan memori.
53,Sedang,439,[519485] Keamanan informasi menjadi pilar utama dalam pengembangan aplikasi berbasis web saat ini. Kombinasi antara metode simetris dan asimetris menghasilkan sistem keamanan yang hibrida. Kombinasi antara metode simetris dan asimetris menghasilkan sistem keamanan yang hibrida. The quick brown fox jumps over the lazy dog to test typography and rendering speeds.
53,Sedang,440,[806557] Kombinasi antara metode simetris dan asimetris menghasilkan sistem keamanan yang hibrida. Keamanan informasi menjadi pilar utama dalam pengembangan aplikasi berbasis web saat ini. Kombinasi antara metode simetris dan asimetris menghasilkan sistem keamanan yang hibrida. Mahasiswa wajib memastikan variasi ukuran file dan isi data tidak boleh ada yang identik.
53,Sedang,441,"[277311] Data science combines statistical analysis, machine learning, and domain expertise to solve problems. Keamanan informasi menjadi pilar utama dalam pengembangan aplikasi berbasis web saat ini. Optimasi kode pemrograman dapat meningkatkan kecepatan pemrosesan data secara signifikan. Optimasi kode pemrograman dapat meningkatkan kecepatan pemrosesan data secara signifikan."
53,Sedang,442,"[486534] Pengujian performa algoritma dilakukan dengan mengukur waktu eksekusi dan penggunaan memori. Data science combines statistical analysis, machine learning, and domain expertise to solve problems. Proses enkripsi mengubah plaintext menjadi ciphertext menggunakan kunci rahasia tertentu. Sistem kriptografi ini digunakan untuk mengamankan data sensitif dari akses yang tidak sah."
53,Sedang,443,[516173] Sistem kriptografi ini digunakan untuk mengamankan data sensitif dari akses yang tidak sah. Pengujian performa algoritma dilakukan dengan mengukur waktu eksekusi dan penggunaan memori. Protokol jaringan bertugas mengatur komunikasi data antar perangkat agar berjalan lancar. Artificial intelligence models require structured training datasets to improve accuracy.
53,Sedang,444,"[315517] Sistem kriptografi ini digunakan untuk mengamankan data sensitif dari akses yang tidak sah. Optimasi kode pemrograman dapat meningkatkan kecepatan pemrosesan data secara signifikan. Software engineering principles emphasize clean code, documentation, and thorough testing. Sistem kriptografi ini digunakan untuk mengamankan data sensitif dari akses yang tidak sah."
53,Sedang,445,[612628] Kombinasi antara metode simetris dan asimetris menghasilkan sistem keamanan yang hibrida. Artificial intelligence models require structured training datasets to improve accuracy. Protokol jaringan bertugas mengatur komunikasi data antar perangkat agar berjalan lancar. Analisis data skala besar memerlukan infrastruktur komputasi yang kuat dan efisien.
53,Sedang,446,[809885] Analisis data skala besar memerlukan infrastruktur komputasi yang kuat dan efisien. The quick brown fox jumps over the lazy dog to test typography and rendering speeds. Proses enkripsi mengubah plaintext menjadi ciphertext menggunakan kunci rahasia tertentu. Kombinasi antara metode simetris dan asimetris menghasilkan sistem keamanan yang hibrida.
53,Sedang,447,[596211] Proses enkripsi mengubah plaintext menjadi ciphertext menggunakan kunci rahasia tertentu. Optimasi kode pemrograman dapat meningkatkan kecepatan pemrosesan data secara signifikan. Implementasi fungsi hash membantu menjaga integritas data dari manipulasi pihak ketiga. Protokol jaringan bertugas mengatur komunikasi data antar perangkat agar berjalan lancar.
53,Sedang,448,[613373] Pengujian performa algoritma dilakukan dengan mengukur waktu eksekusi dan penggunaan memori. Protokol jaringan bertugas mengatur komunikasi data antar perangkat agar berjalan lancar. Analisis data skala besar memerlukan infrastruktur komputasi yang kuat dan efisien. Mahasiswa wajib memastikan variasi ukuran file dan isi data tidak boleh ada yang identik.
53,Sedang,449,[446655] Cloud computing provides scalable resources over the internet for modern applications. Pengujian performa algoritma dilakukan dengan mengukur waktu eksekusi dan penggunaan memori. Pengujian performa algoritma dilakukan dengan mengukur waktu eksekusi dan penggunaan memori. Implementasi fungsi hash membantu menjaga integritas data dari manipulasi pihak ketiga.
53,Sedang,450,"[699457] Software engineering principles emphasize clean code, documentation, and thorough testing. Analisis data skala besar memerlukan infrastruktur komputasi yang kuat dan efisien. Protokol jaringan bertugas mengatur komunikasi data antar perangkat agar berjalan lancar. Implementasi fungsi hash membantu menjaga integritas data dari manipulasi pihak ketiga."
53,Sedang,451,"[509138] Analisis data skala besar memerlukan infrastruktur komputasi yang kuat dan efisien. Protokol jaringan bertugas mengatur komunikasi data antar perangkat agar berjalan lancar. Optimasi kode pemrograman dapat meningkatkan kecepatan pemrosesan data secara signifikan. Data science combines statistical analysis, machine learning, and domain expertise to solve problems."
53,Sedang,452,"[926461] Cloud computing provides scalable resources over the internet for modern applications. Software engineering principles emphasize clean code, documentation, and thorough testing. Data science combines statistical analysis, machine learning, and domain expertise to solve problems. Protokol jaringan bertugas mengatur komunikasi data antar perangkat agar berjalan lancar."
53,Sedang,453,[395297] The quick brown fox jumps over the lazy dog to test typography and rendering speeds. Implementasi fungsi hash membantu menjaga integritas data dari manipulasi pihak ketiga. Implementasi fungsi hash membantu menjaga integritas data dari manipulasi pihak ketiga. Artificial intelligence models require structured training datasets to improve accuracy.
53,Sedang,454,"[314368] Proses enkripsi mengubah plaintext menjadi ciphertext menggunakan kunci rahasia tertentu. Keamanan informasi menjadi pilar utama dalam pengembangan aplikasi berbasis web saat ini. Cloud computing provides scalable resources over the internet for modern applications. Software engineering principles emphasize clean code, documentation, and thorough testing."
53,Sedang,455,[560490] Protokol jaringan bertugas mengatur komunikasi data antar perangkat agar berjalan lancar. Optimasi kode pemrograman dapat meningkatkan kecepatan pemrosesan data secara signifikan. Keamanan informasi menjadi pilar utama dalam pengembangan aplikasi berbasis web saat ini. Sistem kriptografi ini digunakan untuk mengamankan data sensitif dari akses yang tidak sah.
53,Sedang,456,"[280079] Kombinasi antara metode simetris dan asimetris menghasilkan sistem keamanan yang hibrida. Data science combines statistical analysis, machine learning, and domain expertise to solve problems. Sistem kriptografi ini digunakan untuk mengamankan data sensitif dari akses yang tidak sah. Proses enkripsi mengubah plaintext menjadi ciphertext menggunakan kunci rahasia tertentu."
53,Sedang,457,[934942] Cloud computing provides scalable resources over the internet for modern applications. Pengujian performa algoritma dilakukan dengan mengukur waktu eksekusi dan penggunaan memori. Implementasi fungsi hash membantu menjaga integritas data dari manipulasi pihak ketiga. Pengujian performa algoritma dilakukan dengan mengukur waktu eksekusi dan penggunaan memori.
53,Sedang,458,[228557] Sistem kriptografi ini digunakan untuk mengamankan data sensitif dari akses yang tidak sah. Kombinasi antara metode simetris dan asimetris menghasilkan sistem keamanan yang hibrida. Cloud computing provides scalable resources over the internet for modern applications. The quick brown fox jumps over the lazy dog to test typography and rendering speeds.
53,Sedang,459,[375380] Proses enkripsi mengubah plaintext menjadi ciphertext menggunakan kunci rahasia tertentu. Mahasiswa wajib memastikan variasi ukuran file dan isi data tidak boleh ada yang identik. Kombinasi antara metode simetris dan asimetris menghasilkan sistem keamanan yang hibrida. Cloud computing provides scalable resources over the internet for modern applications.
53,Sedang,460,[857711] Mahasiswa wajib memastikan variasi ukuran file dan isi data tidak boleh ada yang identik. Keamanan informasi menjadi pilar utama dalam pengembangan aplikasi berbasis web saat ini. Kombinasi antara metode simetris dan asimetris menghasilkan sistem keamanan yang hibrida. Implementasi fungsi hash membantu menjaga integritas data dari manipulasi pihak ketiga.
53,Sedang,461,[870761] The quick brown fox jumps over the lazy dog to test typography and rendering speeds. Analisis data skala besar memerlukan infrastruktur komputasi yang kuat dan efisien. Implementasi fungsi hash membantu menjaga integritas data dari manipulasi pihak ketiga. Sistem kriptografi ini digunakan untuk mengamankan data sensitif dari akses yang tidak sah.
53,Sedang,462,"[514999] Mahasiswa wajib memastikan variasi ukuran file dan isi data tidak boleh ada yang identik. Protokol jaringan bertugas mengatur komunikasi data antar perangkat agar berjalan lancar. Analisis data skala besar memerlukan infrastruktur komputasi yang kuat dan efisien. Data science combines statistical analysis, machine learning, and domain expertise to solve problems."
53,Sedang,463,[980274] Kombinasi antara metode simetris dan asimetris menghasilkan sistem keamanan yang hibrida. Cloud computing provides scalable resources over the internet for modern applications. Cloud computing provides scalable resources over the internet for modern applications. Mahasiswa wajib memastikan variasi ukuran file dan isi data tidak boleh ada yang identik.
53,Sedang,464,[666032] Proses enkripsi mengubah plaintext menjadi ciphertext menggunakan kunci rahasia tertentu. Analisis data skala besar memerlukan infrastruktur komputasi yang kuat dan efisien. Protokol jaringan bertugas mengatur komunikasi data antar perangkat agar berjalan lancar. Implementasi fungsi hash membantu menjaga integritas data dari manipulasi pihak ketiga.
53,Sedang,465,[974331] Kombinasi antara metode simetris dan asimetris menghasilkan sistem keamanan yang hibrida. Sistem kriptografi ini digunakan untuk mengamankan data sensitif dari akses yang tidak sah. Proses enkripsi mengubah plaintext menjadi ciphertext menggunakan kunci rahasia tertentu. Kombinasi antara metode simetris dan asimetris menghasilkan sistem keamanan yang hibrida.
53,Sedang,466,[154499] Implementasi fungsi hash membantu menjaga integritas data dari manipulasi pihak ketiga. Optimasi kode pemrograman dapat meningkatkan kecepatan pemrosesan data secara signifikan. Implementasi fungsi hash membantu menjaga integritas data dari manipulasi pihak ketiga. Artificial intelligence models require structured training datasets to improve accuracy.
53,Sedang,467,"[605954] Data science combines statistical analysis, machine learning, and domain expertise to solve problems. Implementasi fungsi hash membantu menjaga integritas data dari manipulasi pihak ketiga. Data science combines statistical analysis, machine learning, and domain expertise to solve problems. Keamanan informasi menjadi pilar utama dalam pengembangan aplikasi berbasis web saat ini."
53,Sedang,468,[471828] The quick brown fox jumps over the lazy dog to test typography and rendering speeds. The quick brown fox jumps over the lazy dog to test typography and rendering speeds. Proses enkripsi mengubah plaintext menjadi ciphertext menggunakan kunci rahasia tertentu. Kombinasi antara metode simetris dan asimetris menghasilkan sistem keamanan yang hibrida.
53,Sedang,469,[858508] Mahasiswa wajib memastikan variasi ukuran file dan isi data tidak boleh ada yang identik. Cloud computing provides scalable resources over the internet for modern applications. Protokol jaringan bertugas mengatur komunikasi data antar perangkat agar berjalan lancar. Pengujian performa algoritma dilakukan dengan mengukur waktu eksekusi dan penggunaan memori.
53,Sedang,470,[244552] Kombinasi antara metode simetris dan asimetris menghasilkan sistem keamanan yang hibrida. Sistem kriptografi ini digunakan untuk mengamankan data sensitif dari akses yang tidak sah. Artificial intelligence models require structured training datasets to improve accuracy. Mahasiswa wajib memastikan variasi ukuran file dan isi data tidak boleh ada yang identik.
53,Sedang,471,"[288773] Data science combines statistical analysis, machine learning, and domain expertise to solve problems. Optimasi kode pemrograman dapat meningkatkan kecepatan pemrosesan data secara signifikan. Kombinasi antara metode simetris dan asimetris menghasilkan sistem keamanan yang hibrida. Implementasi fungsi hash membantu menjaga integritas data dari manipulasi pihak ketiga."
53,Sedang,472,"[587227] Implementasi fungsi hash membantu menjaga integritas data dari manipulasi pihak ketiga. Software engineering principles emphasize clean code, documentation, and thorough testing. Keamanan informasi menjadi pilar utama dalam pengembangan aplikasi berbasis web saat ini. Pengujian performa algoritma dilakukan dengan mengukur waktu eksekusi dan penggunaan memori."
53,Sedang,473,"[319102] Data science combines statistical analysis, machine learning, and domain expertise to solve problems. Kombinasi antara metode simetris dan asimetris menghasilkan sistem keamanan yang hibrida. Proses enkripsi mengubah plaintext menjadi ciphertext menggunakan kunci rahasia tertentu. Analisis data skala besar memerlukan infrastruktur komputasi yang kuat dan efisien."
53,Sedang,474,[362439] Kombinasi antara metode simetris dan asimetris menghasilkan sistem keamanan yang hibrida. Protokol jaringan bertugas mengatur komunikasi data antar perangkat agar berjalan lancar. Analisis data skala besar memerlukan infrastruktur komputasi yang kuat dan efisien. Mahasiswa wajib memastikan variasi ukuran file dan isi data tidak boleh ada yang identik.
53,Sedang,475,[495286] Implementasi fungsi hash membantu menjaga integritas data dari manipulasi pihak ketiga. Sistem kriptografi ini digunakan untuk mengamankan data sensitif dari akses yang tidak sah. Cloud computing provides scalable resources over the internet for modern applications. Proses enkripsi mengubah plaintext menjadi ciphertext menggunakan kunci rahasia tertentu.
53,Sedang,476,"[380461] Data science combines statistical analysis, machine learning, and domain expertise to solve problems. Mahasiswa wajib memastikan variasi ukuran file dan isi data tidak boleh ada yang identik. The quick brown fox jumps over the lazy dog to test typography and rendering speeds. Proses enkripsi mengubah plaintext menjadi ciphertext menggunakan kunci rahasia tertentu."
53,Sedang,477,"[515699] Optimasi kode pemrograman dapat meningkatkan kecepatan pemrosesan data secara signifikan. Cloud computing provides scalable resources over the internet for modern applications. Cloud computing provides scalable resources over the internet for modern applications. Data science combines statistical analysis, machine learning, and domain expertise to solve problems."
53,Sedang,478,[511816] Implementasi fungsi hash membantu menjaga integritas data dari manipulasi pihak ketiga. Cloud computing provides scalable resources over the internet for modern applications. Implementasi fungsi hash membantu menjaga integritas data dari manipulasi pihak ketiga. Artificial intelligence models require structured training datasets to improve accuracy.
53,Sedang,479,"[389538] Software engineering principles emphasize clean code, documentation, and thorough testing. Pengujian performa algoritma dilakukan dengan mengukur waktu eksekusi dan penggunaan memori. Data science combines statistical analysis, machine learning, and domain expertise to solve problems. Data science combines statistical analysis, machine learning, and domain expertise to solve problems."
53,Sedang,480,"[896344] Data science combines statistical analysis, machine learning, and domain expertise to solve problems. Mahasiswa wajib memastikan variasi ukuran file dan isi data tidak boleh ada yang identik. Proses enkripsi mengubah plaintext menjadi ciphertext menggunakan kunci rahasia tertentu. Software engineering principles emphasize clean code, documentation, and thorough testing."
53,Sedang,481,[872916] Mahasiswa wajib memastikan variasi ukuran file dan isi data tidak boleh ada yang identik. Artificial intelligence models require structured training datasets to improve accuracy. Cloud computing provides scalable resources over the internet for modern applications. Proses enkripsi mengubah plaintext menjadi ciphertext menggunakan kunci rahasia tertentu.
53,Sedang,482,[116698] Analisis data skala besar memerlukan infrastruktur komputasi yang kuat dan efisien. Analisis data skala besar memerlukan infrastruktur komputasi yang kuat dan efisien. Optimasi kode pemrograman dapat meningkatkan kecepatan pemrosesan data secara signifikan. Artificial intelligence models require structured training datasets to improve accuracy.
53,Sedang,483,[114274] Optimasi kode pemrograman dapat meningkatkan kecepatan pemrosesan data secara signifikan. Kombinasi antara metode simetris dan asimetris menghasilkan sistem keamanan yang hibrida. Sistem kriptografi ini digunakan untuk mengamankan data sensitif dari akses yang tidak sah. Optimasi kode pemrograman dapat meningkatkan kecepatan pemrosesan data secara signifikan.
53,Sedang,484,"[285479] Data science combines statistical analysis, machine learning, and domain expertise to solve problems. Software engineering principles emphasize clean code, documentation, and thorough testing. Data science combines statistical analysis, machine learning, and domain expertise to solve problems. Kombinasi antara metode simetris dan asimetris menghasilkan sistem keamanan yang hibrida."
53,Sedang,485,"[930073] Software engineering principles emphasize clean code, documentation, and thorough testing. Optimasi kode pemrograman dapat meningkatkan kecepatan pemrosesan data secara signifikan. Cloud computing provides scalable resources over the internet for modern applications. Cloud computing provides scalable resources over the internet for modern applications."
53,Sedang,486,"[736390] Software engineering principles emphasize clean code, documentation, and thorough testing. Kombinasi antara metode simetris dan asimetris menghasilkan sistem keamanan yang hibrida. Cloud computing provides scalable resources over the internet for modern applications. Optimasi kode pemrograman dapat meningkatkan kecepatan pemrosesan data secara signifikan."
53,Sedang,487,[909643] Protokol jaringan bertugas mengatur komunikasi data antar perangkat agar berjalan lancar. Protokol jaringan bertugas mengatur komunikasi data antar perangkat agar berjalan lancar. Mahasiswa wajib memastikan variasi ukuran file dan isi data tidak boleh ada yang identik. Artificial intelligence models require structured training datasets to improve accuracy.
53,Sedang,488,[175392] Keamanan informasi menjadi pilar utama dalam pengembangan aplikasi berbasis web saat ini. Optimasi kode pemrograman dapat meningkatkan kecepatan pemrosesan data secara signifikan. Cloud computing provides scalable resources over the internet for modern applications. Keamanan informasi menjadi pilar utama dalam pengembangan aplikasi berbasis web saat ini.
53,Sedang,489,[929586] Mahasiswa wajib memastikan variasi ukuran file dan isi data tidak boleh ada yang identik. Keamanan informasi menjadi pilar utama dalam pengembangan aplikasi berbasis web saat ini. Sistem kriptografi ini digunakan untuk mengamankan data sensitif dari akses yang tidak sah. Analisis data skala besar memerlukan infrastruktur komputasi yang kuat dan efisien.
53,Sedang,490,"[305954] Mahasiswa wajib memastikan variasi ukuran file dan isi data tidak boleh ada yang identik. The quick brown fox jumps over the lazy dog to test typography and rendering speeds. Artificial intelligence models require structured training datasets to improve accuracy. Software engineering principles emphasize clean code, documentation, and thorough testing."
53,Sedang,491,"[730839] Optimasi kode pemrograman dapat meningkatkan kecepatan pemrosesan data secara signifikan. Implementasi fungsi hash membantu menjaga integritas data dari manipulasi pihak ketiga. Data science combines statistical analysis, machine learning, and domain expertise to solve problems. Data science combines statistical analysis, machine learning, and domain expertise to solve problems."
53,Sedang,492,"[566738] Optimasi kode pemrograman dapat meningkatkan kecepatan pemrosesan data secara signifikan. Artificial intelligence models require structured training datasets to improve accuracy. Software engineering principles emphasize clean code, documentation, and thorough testing. Implementasi fungsi hash membantu menjaga integritas data dari manipulasi pihak ketiga."
53,Sedang,493,[782195] The quick brown fox jumps over the lazy dog to test typography and rendering speeds. Analisis data skala besar memerlukan infrastruktur komputasi yang kuat dan efisien. Kombinasi antara metode simetris dan asimetris menghasilkan sistem keamanan yang hibrida. Implementasi fungsi hash membantu menjaga integritas data dari manipulasi pihak ketiga.
53,Sedang,494,[167596] Proses enkripsi mengubah plaintext menjadi ciphertext menggunakan kunci rahasia tertentu. Proses enkripsi mengubah plaintext menjadi ciphertext menggunakan kunci rahasia tertentu. Pengujian performa algoritma dilakukan dengan mengukur waktu eksekusi dan penggunaan memori. Kombinasi antara metode simetris dan asimetris menghasilkan sistem keamanan yang hibrida.
53,Sedang,495,[463486] Cloud computing provides scalable resources over the internet for modern applications. Mahasiswa wajib memastikan variasi ukuran file dan isi data tidak boleh ada yang identik. Protokol jaringan bertugas mengatur komunikasi data antar perangkat agar berjalan lancar. Artificial intelligence models require structured training datasets to improve accuracy.
53,Sedang,496,[733591] Artificial intelligence models require structured training datasets to improve accuracy. Mahasiswa wajib memastikan variasi ukuran file dan isi data tidak boleh ada yang identik. Proses enkripsi mengubah plaintext menjadi ciphertext menggunakan kunci rahasia tertentu. Cloud computing provides scalable resources over the internet for modern applications.
53,Sedang,497,"[376793] Proses enkripsi mengubah plaintext menjadi ciphertext menggunakan kunci rahasia tertentu. Mahasiswa wajib memastikan variasi ukuran file dan isi data tidak boleh ada yang identik. Software engineering principles emphasize clean code, documentation, and thorough testing. Protokol jaringan bertugas mengatur komunikasi data antar perangkat agar berjalan lancar."
53,Sedang,498,[502234] Cloud computing provides scalable resources over the internet for modern applications. Kombinasi antara metode simetris dan asimetris menghasilkan sistem keamanan yang hibrida. Proses enkripsi mengubah plaintext menjadi ciphertext menggunakan kunci rahasia tertentu. Kombinasi antara metode simetris dan asimetris menghasilkan sistem keamanan yang hibrida.
53,Sedang,499,[927315] Protokol jaringan bertugas mengatur komunikasi data antar perangkat agar berjalan lancar. Pengujian performa algoritma dilakukan dengan mengukur waktu eksekusi dan penggunaan memori. Artificial intelligence models require structured training datasets to improve accuracy. Optimasi kode pemrograman dapat meningkatkan kecepatan pemrosesan data secara signifikan.
53,Sedang,500,[979009] Artificial intelligence models require structured training datasets to improve accuracy. Implementasi fungsi hash membantu menjaga integritas data dari manipulasi pihak ketiga. Cloud computing provides scalable resources over the internet for modern applications. Analisis data skala besar memerlukan infrastruktur komputasi yang kuat dan efisien.
53,Sedang,501,[615412] Implementasi fungsi hash membantu menjaga integritas data dari manipulasi pihak ketiga. Pengujian performa algoritma dilakukan dengan mengukur waktu eksekusi dan penggunaan memori. Cloud computing provides scalable resources over the internet for modern applications. Protokol jaringan bertugas mengatur komunikasi data antar perangkat agar berjalan lancar.
53,Sedang,502,"[540949] Proses enkripsi mengubah plaintext menjadi ciphertext menggunakan kunci rahasia tertentu. Keamanan informasi menjadi pilar utama dalam pengembangan aplikasi berbasis web saat ini. Keamanan informasi menjadi pilar utama dalam pengembangan aplikasi berbasis web saat ini. Software engineering principles emphasize clean code, documentation, and thorough testing."
53,Sedang,503,"[306741] Analisis data skala besar memerlukan infrastruktur komputasi yang kuat dan efisien. Software engineering principles emphasize clean code, documentation, and thorough testing. Optimasi kode pemrograman dapat meningkatkan kecepatan pemrosesan data secara signifikan. Mahasiswa wajib memastikan variasi ukuran file dan isi data tidak boleh ada yang identik."
53,Sedang,504,[898674] Kombinasi antara metode simetris dan asimetris menghasilkan sistem keamanan yang hibrida. Pengujian performa algoritma dilakukan dengan mengukur waktu eksekusi dan penggunaan memori. Protokol jaringan bertugas mengatur komunikasi data antar perangkat agar berjalan lancar. Implementasi fungsi hash membantu menjaga integritas data dari manipulasi pihak ketiga.
53,Sedang,505,"[874538] Software engineering principles emphasize clean code, documentation, and thorough testing. Pengujian performa algoritma dilakukan dengan mengukur waktu eksekusi dan penggunaan memori. The quick brown fox jumps over the lazy dog to test typography and rendering speeds. Cloud computing provides scalable resources over the internet for modern applications."
53,Sedang,506,"[241806] Protokol jaringan bertugas mengatur komunikasi data antar perangkat agar berjalan lancar. Data science combines statistical analysis, machine learning, and domain expertise to solve problems. Protokol jaringan bertugas mengatur komunikasi data antar perangkat agar berjalan lancar. Keamanan informasi menjadi pilar utama dalam pengembangan aplikasi berbasis web saat ini."
53,Sedang,507,"[803903] Software engineering principles emphasize clean code, documentation, and thorough testing. Proses enkripsi mengubah plaintext menjadi ciphertext menggunakan kunci rahasia tertentu. Proses enkripsi mengubah plaintext menjadi ciphertext menggunakan kunci rahasia tertentu. Software engineering principles emphasize clean code, documentation, and thorough testing."
53,Sedang,508,[868587] Keamanan informasi menjadi pilar utama dalam pengembangan aplikasi berbasis web saat ini. Artificial intelligence models require structured training datasets to improve accuracy. Cloud computing provides scalable resources over the internet for modern applications. Sistem kriptografi ini digunakan untuk mengamankan data sensitif dari akses yang tidak sah.
53,Sedang,509,"[668833] Protokol jaringan bertugas mengatur komunikasi data antar perangkat agar berjalan lancar. The quick brown fox jumps over the lazy dog to test typography and rendering speeds. The quick brown fox jumps over the lazy dog to test typography and rendering speeds. Data science combines statistical analysis, machine learning, and domain expertise to solve problems."
53,Sedang,510,[414074] Sistem kriptografi ini digunakan untuk mengamankan data sensitif dari akses yang tidak sah. Analisis data skala besar memerlukan infrastruktur komputasi yang kuat dan efisien. Optimasi kode pemrograman dapat meningkatkan kecepatan pemrosesan data secara signifikan. Analisis data skala besar memerlukan infrastruktur komputasi yang kuat dan efisien.
53,Sedang,511,"[260943] Artificial intelligence models require structured training datasets to improve accuracy. Artificial intelligence models require structured training datasets to improve accuracy. Implementasi fungsi hash membantu menjaga integritas data dari manipulasi pihak ketiga. Software engineering principles emphasize clean code, documentation, and thorough testing."
53,Sedang,512,"[402177] Artificial intelligence models require structured training datasets to improve accuracy. Data science combines statistical analysis, machine learning, and domain expertise to solve problems. Software engineering principles emphasize clean code, documentation, and thorough testing. Sistem kriptografi ini digunakan untuk mengamankan data sensitif dari akses yang tidak sah."
53,Sedang,513,[233669] Proses enkripsi mengubah plaintext menjadi ciphertext menggunakan kunci rahasia tertentu. Protokol jaringan bertugas mengatur komunikasi data antar perangkat agar berjalan lancar. Optimasi kode pemrograman dapat meningkatkan kecepatan pemrosesan data secara signifikan. Artificial intelligence models require structured training datasets to improve accuracy.
53,Sedang,514,"[382080] Mahasiswa wajib memastikan variasi ukuran file dan isi data tidak boleh ada yang identik. Mahasiswa wajib memastikan variasi ukuran file dan isi data tidak boleh ada yang identik. Protokol jaringan bertugas mengatur komunikasi data antar perangkat agar berjalan lancar. Software engineering principles emphasize clean code, documentation, and thorough testing."
53,Sedang,515,"[763250] Data science combines statistical analysis, machine learning, and domain expertise to solve problems. Keamanan informasi menjadi pilar utama dalam pengembangan aplikasi berbasis web saat ini. Keamanan informasi menjadi pilar utama dalam pengembangan aplikasi berbasis web saat ini. Proses enkripsi mengubah plaintext menjadi ciphertext menggunakan kunci rahasia tertentu."
53,Sedang,516,[471796] Protokol jaringan bertugas mengatur komunikasi data antar perangkat agar berjalan lancar. Sistem kriptografi ini digunakan untuk mengamankan data sensitif dari akses yang tidak sah. The quick brown fox jumps over the lazy dog to test typography and rendering speeds. Kombinasi antara metode simetris dan asimetris menghasilkan sistem keamanan yang hibrida.
53,Sedang,517,[487062] Sistem kriptografi ini digunakan untuk mengamankan data sensitif dari akses yang tidak sah. Analisis data skala besar memerlukan infrastruktur komputasi yang kuat dan efisien. Protokol jaringan bertugas mengatur komunikasi data antar perangkat agar berjalan lancar. Pengujian performa algoritma dilakukan dengan mengukur waktu eksekusi dan penggunaan memori.
53,Sedang,518,"[151582] Analisis data skala besar memerlukan infrastruktur komputasi yang kuat dan efisien. Software engineering principles emphasize clean code, documentation, and thorough testing. Analisis data skala besar memerlukan infrastruktur komputasi yang kuat dan efisien. Proses enkripsi mengubah plaintext menjadi ciphertext menggunakan kunci rahasia tertentu."
53,Sedang,519,[650523] Artificial intelligence models require structured training datasets to improve accuracy. Optimasi kode pemrograman dapat meningkatkan kecepatan pemrosesan data secara signifikan. Protokol jaringan bertugas mengatur komunikasi data antar perangkat agar berjalan lancar. Keamanan informasi menjadi pilar utama dalam pengembangan aplikasi berbasis web saat ini.
53,Sedang,520,"[631878] Artificial intelligence models require structured training datasets to improve accuracy. Mahasiswa wajib memastikan variasi ukuran file dan isi data tidak boleh ada yang identik. Software engineering principles emphasize clean code, documentation, and thorough testing. Protokol jaringan bertugas mengatur komunikasi data antar perangkat agar berjalan lancar."
53,Sedang,521,"[766670] Implementasi fungsi hash membantu menjaga integritas data dari manipulasi pihak ketiga. Data science combines statistical analysis, machine learning, and domain expertise to solve problems. Sistem kriptografi ini digunakan untuk mengamankan data sensitif dari akses yang tidak sah. Protokol jaringan bertugas mengatur komunikasi data antar perangkat agar berjalan lancar."
53,Sedang,522,[217770] Sistem kriptografi ini digunakan untuk mengamankan data sensitif dari akses yang tidak sah. Pengujian performa algoritma dilakukan dengan mengukur waktu eksekusi dan penggunaan memori. Mahasiswa wajib memastikan variasi ukuran file dan isi data tidak boleh ada yang identik. Keamanan informasi menjadi pilar utama dalam pengembangan aplikasi berbasis web saat ini.
53,Sedang,523,[101440] Protokol jaringan bertugas mengatur komunikasi data antar perangkat agar berjalan lancar. Keamanan informasi menjadi pilar utama dalam pengembangan aplikasi berbasis web saat ini. Kombinasi antara metode simetris dan asimetris menghasilkan sistem keamanan yang hibrida. The quick brown fox jumps over the lazy dog to test typography and rendering speeds.
53,Sedang,524,"[556543] Data science combines statistical analysis, machine learning, and domain expertise to solve problems. Kombinasi antara metode simetris dan asimetris menghasilkan sistem keamanan yang hibrida. Cloud computing provides scalable resources over the internet for modern applications. Protokol jaringan bertugas mengatur komunikasi data antar perangkat agar berjalan lancar."
53,Sedang,525,"[372938] Sistem kriptografi ini digunakan untuk mengamankan data sensitif dari akses yang tidak sah. Software engineering principles emphasize clean code, documentation, and thorough testing. Data science combines statistical analysis, machine learning, and domain expertise to solve problems. Keamanan informasi menjadi pilar utama dalam pengembangan aplikasi berbasis web saat ini."
53,Sedang,526,"[312302] Cloud computing provides scalable resources over the internet for modern applications. Kombinasi antara metode simetris dan asimetris menghasilkan sistem keamanan yang hibrida. Data science combines statistical analysis, machine learning, and domain expertise to solve problems. Mahasiswa wajib memastikan variasi ukuran file dan isi data tidak boleh ada yang identik."
53,Sedang,527,[284181] Optimasi kode pemrograman dapat meningkatkan kecepatan pemrosesan data secara signifikan. Keamanan informasi menjadi pilar utama dalam pengembangan aplikasi berbasis web saat ini. Kombinasi antara metode simetris dan asimetris menghasilkan sistem keamanan yang hibrida. Protokol jaringan bertugas mengatur komunikasi data antar perangkat agar berjalan lancar.
53,Sedang,528,"[384545] Cloud computing provides scalable resources over the internet for modern applications. Software engineering principles emphasize clean code, documentation, and thorough testing. Artificial intelligence models require structured training datasets to improve accuracy. Pengujian performa algoritma dilakukan dengan mengukur waktu eksekusi dan penggunaan memori."
53,Sedang,529,"[393787] Pengujian performa algoritma dilakukan dengan mengukur waktu eksekusi dan penggunaan memori. Kombinasi antara metode simetris dan asimetris menghasilkan sistem keamanan yang hibrida. Software engineering principles emphasize clean code, documentation, and thorough testing. Cloud computing provides scalable resources over the internet for modern applications."
53,Sedang,530,"[269997] Data science combines statistical analysis, machine learning, and domain expertise to solve problems. Implementasi fungsi hash membantu menjaga integritas data dari manipulasi pihak ketiga. Cloud computing provides scalable resources over the internet for modern applications. Software engineering principles emphasize clean code, documentation, and thorough testing."
53,Sedang,531,[301129] Mahasiswa wajib memastikan variasi ukuran file dan isi data tidak boleh ada yang identik. Proses enkripsi mengubah plaintext menjadi ciphertext menggunakan kunci rahasia tertentu. Implementasi fungsi hash membantu menjaga integritas data dari manipulasi pihak ketiga. Proses enkripsi mengubah plaintext menjadi ciphertext menggunakan kunci rahasia tertentu.
53,Sedang,532,[180454] Sistem kriptografi ini digunakan untuk mengamankan data sensitif dari akses yang tidak sah. Keamanan informasi menjadi pilar utama dalam pengembangan aplikasi berbasis web saat ini. Implementasi fungsi hash membantu menjaga integritas data dari manipulasi pihak ketiga. Analisis data skala besar memerlukan infrastruktur komputasi yang kuat dan efisien.
53,Sedang,533,[194125] Proses enkripsi mengubah plaintext menjadi ciphertext menggunakan kunci rahasia tertentu. Mahasiswa wajib memastikan variasi ukuran file dan isi data tidak boleh ada yang identik. Cloud computing provides scalable resources over the internet for modern applications. Optimasi kode pemrograman dapat meningkatkan kecepatan pemrosesan data secara signifikan.
53,Sedang,534,[648724] Protokol jaringan bertugas mengatur komunikasi data antar perangkat agar berjalan lancar. Protokol jaringan bertugas mengatur komunikasi data antar perangkat agar berjalan lancar. Mahasiswa wajib memastikan variasi ukuran file dan isi data tidak boleh ada yang identik. Keamanan informasi menjadi pilar utama dalam pengembangan aplikasi berbasis web saat ini.
53,Sedang,535,"[368748] Software engineering principles emphasize clean code, documentation, and thorough testing. Keamanan informasi menjadi pilar utama dalam pengembangan aplikasi berbasis web saat ini. Proses enkripsi mengubah plaintext menjadi ciphertext menggunakan kunci rahasia tertentu. Software engineering principles emphasize clean code, documentation, and thorough testing."
53,Sedang,536,"[703819] Sistem kriptografi ini digunakan untuk mengamankan data sensitif dari akses yang tidak sah. Implementasi fungsi hash membantu menjaga integritas data dari manipulasi pihak ketiga. Optimasi kode pemrograman dapat meningkatkan kecepatan pemrosesan data secara signifikan. Data science combines statistical analysis, machine learning, and domain expertise to solve problems."
53,Sedang,537,"[540724] Data science combines statistical analysis, machine learning, and domain expertise to solve problems. Analisis data skala besar memerlukan infrastruktur komputasi yang kuat dan efisien. Cloud computing provides scalable resources over the internet for modern applications. Cloud computing provides scalable resources over the internet for modern applications."
53,Sedang,538,[864626] Protokol jaringan bertugas mengatur komunikasi data antar perangkat agar berjalan lancar. Keamanan informasi menjadi pilar utama dalam pengembangan aplikasi berbasis web saat ini. Pengujian performa algoritma dilakukan dengan mengukur waktu eksekusi dan penggunaan memori. Kombinasi antara metode simetris dan asimetris menghasilkan sistem keamanan yang hibrida.
53,Sedang,539,[531188] Mahasiswa wajib memastikan variasi ukuran file dan isi data tidak boleh ada yang identik. Cloud computing provides scalable resources over the internet for modern applications. Implementasi fungsi hash membantu menjaga integritas data dari manipulasi pihak ketiga. Analisis data skala besar memerlukan infrastruktur komputasi yang kuat dan efisien.
53,Sedang,540,"[610857] Artificial intelligence models require structured training datasets to improve accuracy. Cloud computing provides scalable resources over the internet for modern applications. Optimasi kode pemrograman dapat meningkatkan kecepatan pemrosesan data secara signifikan. Software engineering principles emphasize clean code, documentation, and thorough testing."
53,Sedang,541,[228259] Kombinasi antara metode simetris dan asimetris menghasilkan sistem keamanan yang hibrida. Cloud computing provides scalable resources over the internet for modern applications. Artificial intelligence models require structured training datasets to improve accuracy. Cloud computing provides scalable resources over the internet for modern applications.
53,Sedang,542,"[951946] Protokol jaringan bertugas mengatur komunikasi data antar perangkat agar berjalan lancar. Optimasi kode pemrograman dapat meningkatkan kecepatan pemrosesan data secara signifikan. Software engineering principles emphasize clean code, documentation, and thorough testing. Cloud computing provides scalable resources over the internet for modern applications."
53,Sedang,543,[538328] Mahasiswa wajib memastikan variasi ukuran file dan isi data tidak boleh ada yang identik. Cloud computing provides scalable resources over the internet for modern applications. Kombinasi antara metode simetris dan asimetris menghasilkan sistem keamanan yang hibrida. Protokol jaringan bertugas mengatur komunikasi data antar perangkat agar berjalan lancar.
53,Sedang,544,"[762460] Data science combines statistical analysis, machine learning, and domain expertise to solve problems. Artificial intelligence models require structured training datasets to improve accuracy. Keamanan informasi menjadi pilar utama dalam pengembangan aplikasi berbasis web saat ini. Proses enkripsi mengubah plaintext menjadi ciphertext menggunakan kunci rahasia tertentu."
53,Sedang,545,[680028] Mahasiswa wajib memastikan variasi ukuran file dan isi data tidak boleh ada yang identik. Artificial intelligence models require structured training datasets to improve accuracy. Keamanan informasi menjadi pilar utama dalam pengembangan aplikasi berbasis web saat ini. Pengujian performa algoritma dilakukan dengan mengukur waktu eksekusi dan penggunaan memori.
53,Sedang,546,"[629563] Software engineering principles emphasize clean code, documentation, and thorough testing. Software engineering principles emphasize clean code, documentation, and thorough testing. Artificial intelligence models require structured training datasets to improve accuracy. Optimasi kode pemrograman dapat meningkatkan kecepatan pemrosesan data secara signifikan."
53,Sedang,547,[399899] Kombinasi antara metode simetris dan asimetris menghasilkan sistem keamanan yang hibrida. Cloud computing provides scalable resources over the internet for modern applications. Protokol jaringan bertugas mengatur komunikasi data antar perangkat agar berjalan lancar. Sistem kriptografi ini digunakan untuk mengamankan data sensitif dari akses yang tidak sah.
53,Sedang,548,[190617] Protokol jaringan bertugas mengatur komunikasi data antar perangkat agar berjalan lancar. Mahasiswa wajib memastikan variasi ukuran file dan isi data tidak boleh ada yang identik. Protokol jaringan bertugas mengatur komunikasi data antar perangkat agar berjalan lancar. Pengujian performa algoritma dilakukan dengan mengukur waktu eksekusi dan penggunaan memori.
53,Sedang,549,"[506736] Artificial intelligence models require structured training datasets to improve accuracy. Cloud computing provides scalable resources over the internet for modern applications. Data science combines statistical analysis, machine learning, and domain expertise to solve problems. Proses enkripsi mengubah plaintext menjadi ciphertext menggunakan kunci rahasia tertentu."
53,Sedang,550,"[751908] Artificial intelligence models require structured training datasets to improve accuracy. Artificial intelligence models require structured training datasets to improve accuracy. Keamanan informasi menjadi pilar utama dalam pengembangan aplikasi berbasis web saat ini. Software engineering principles emphasize clean code, documentation, and thorough testing."
53,Sedang,551,[500098] Sistem kriptografi ini digunakan untuk mengamankan data sensitif dari akses yang tidak sah. Pengujian performa algoritma dilakukan dengan mengukur waktu eksekusi dan penggunaan memori. Pengujian performa algoritma dilakukan dengan mengukur waktu eksekusi dan penggunaan memori. Cloud computing provides scalable resources over the internet for modern applications.
53,Sedang,552,"[774932] Data science combines statistical analysis, machine learning, and domain expertise to solve problems. Sistem kriptografi ini digunakan untuk mengamankan data sensitif dari akses yang tidak sah. Cloud computing provides scalable resources over the internet for modern applications. Keamanan informasi menjadi pilar utama dalam pengembangan aplikasi berbasis web saat ini."
53,Sedang,553,[267722] Mahasiswa wajib memastikan variasi ukuran file dan isi data tidak boleh ada yang identik. The quick brown fox jumps over the lazy dog to test typography and rendering speeds. Proses enkripsi mengubah plaintext menjadi ciphertext menggunakan kunci rahasia tertentu. Analisis data skala besar memerlukan infrastruktur komputasi yang kuat dan efisien.
53,Sedang,554,[645866] Sistem kriptografi ini digunakan untuk mengamankan data sensitif dari akses yang tidak sah. Mahasiswa wajib memastikan variasi ukuran file dan isi data tidak boleh ada yang identik. Kombinasi antara metode simetris dan asimetris menghasilkan sistem keamanan yang hibrida. Implementasi fungsi hash membantu menjaga integritas data dari manipulasi pihak ketiga.
53,Sedang,555,[307571] Keamanan informasi menjadi pilar utama dalam pengembangan aplikasi berbasis web saat ini. Sistem kriptografi ini digunakan untuk mengamankan data sensitif dari akses yang tidak sah. Proses enkripsi mengubah plaintext menjadi ciphertext menggunakan kunci rahasia tertentu. Kombinasi antara metode simetris dan asimetris menghasilkan sistem keamanan yang hibrida.
53,Sedang,556,[656494] The quick brown fox jumps over the lazy dog to test typography and rendering speeds. Analisis data skala besar memerlukan infrastruktur komputasi yang kuat dan efisien. Pengujian performa algoritma dilakukan dengan mengukur waktu eksekusi dan penggunaan memori. Implementasi fungsi hash membantu menjaga integritas data dari manipulasi pihak ketiga.
53,Sedang,557,"[551364] Pengujian performa algoritma dilakukan dengan mengukur waktu eksekusi dan penggunaan memori. Mahasiswa wajib memastikan variasi ukuran file dan isi data tidak boleh ada yang identik. Implementasi fungsi hash membantu menjaga integritas data dari manipulasi pihak ketiga. Software engineering principles emphasize clean code, documentation, and thorough testing."
53,Sedang,558,[271234] The quick brown fox jumps over the lazy dog to test typography and rendering speeds. Kombinasi antara metode simetris dan asimetris menghasilkan sistem keamanan yang hibrida. Analisis data skala besar memerlukan infrastruktur komputasi yang kuat dan efisien. Protokol jaringan bertugas mengatur komunikasi data antar perangkat agar berjalan lancar.
53,Sedang,559,[946415] Cloud computing provides scalable resources over the internet for modern applications. Keamanan informasi menjadi pilar utama dalam pengembangan aplikasi berbasis web saat ini. Proses enkripsi mengubah plaintext menjadi ciphertext menggunakan kunci rahasia tertentu. Sistem kriptografi ini digunakan untuk mengamankan data sensitif dari akses yang tidak sah.
53,Sedang,560,[954818] Artificial intelligence models require structured training datasets to improve accuracy. Pengujian performa algoritma dilakukan dengan mengukur waktu eksekusi dan penggunaan memori. Pengujian performa algoritma dilakukan dengan mengukur waktu eksekusi dan penggunaan memori. The quick brown fox jumps over the lazy dog to test typography and rendering speeds.
53,Sedang,561,[266902] Proses enkripsi mengubah plaintext menjadi ciphertext menggunakan kunci rahasia tertentu. Protokol jaringan bertugas mengatur komunikasi data antar perangkat agar berjalan lancar. Mahasiswa wajib memastikan variasi ukuran file dan isi data tidak boleh ada yang identik. Analisis data skala besar memerlukan infrastruktur komputasi yang kuat dan efisien.
53,Sedang,562,[998344] Artificial intelligence models require structured training datasets to improve accuracy. The quick brown fox jumps over the lazy dog to test typography and rendering speeds. Proses enkripsi mengubah plaintext menjadi ciphertext menggunakan kunci rahasia tertentu. Pengujian performa algoritma dilakukan dengan mengukur waktu eksekusi dan penggunaan memori.
53,Sedang,563,"[198746] Mahasiswa wajib memastikan variasi ukuran file dan isi data tidak boleh ada yang identik. The quick brown fox jumps over the lazy dog to test typography and rendering speeds. Data science combines statistical analysis, machine learning, and domain expertise to solve problems. Software engineering principles emphasize clean code, documentation, and thorough testing."
53,Sedang,564,"[181950] Mahasiswa wajib memastikan variasi ukuran file dan isi data tidak boleh ada yang identik. Implementasi fungsi hash membantu menjaga integritas data dari manipulasi pihak ketiga. Analisis data skala besar memerlukan infrastruktur komputasi yang kuat dan efisien. Software engineering principles emphasize clean code, documentation, and thorough testing."
53,Sedang,565,[647188] Artificial intelligence models require structured training datasets to improve accuracy. Protokol jaringan bertugas mengatur komunikasi data antar perangkat agar berjalan lancar. Sistem kriptografi ini digunakan untuk mengamankan data sensitif dari akses yang tidak sah. Protokol jaringan bertugas mengatur komunikasi data antar perangkat agar berjalan lancar.
53,Sedang,566,"[484614] Keamanan informasi menjadi pilar utama dalam pengembangan aplikasi berbasis web saat ini. Kombinasi antara metode simetris dan asimetris menghasilkan sistem keamanan yang hibrida. Proses enkripsi mengubah plaintext menjadi ciphertext menggunakan kunci rahasia tertentu. Software engineering principles emphasize clean code, documentation, and thorough testing."
53,Sedang,567,[517503] Proses enkripsi mengubah plaintext menjadi ciphertext menggunakan kunci rahasia tertentu. Kombinasi antara metode simetris dan asimetris menghasilkan sistem keamanan yang hibrida. Proses enkripsi mengubah plaintext menjadi ciphertext menggunakan kunci rahasia tertentu. Keamanan informasi menjadi pilar utama dalam pengembangan aplikasi berbasis web saat ini.
53,Sedang,568,"[757113] Optimasi kode pemrograman dapat meningkatkan kecepatan pemrosesan data secara signifikan. Pengujian performa algoritma dilakukan dengan mengukur waktu eksekusi dan penggunaan memori. Kombinasi antara metode simetris dan asimetris menghasilkan sistem keamanan yang hibrida. Software engineering principles emphasize clean code, documentation, and thorough testing."
53,Sedang,569,[563908] Analisis data skala besar memerlukan infrastruktur komputasi yang kuat dan efisien. Pengujian performa algoritma dilakukan dengan mengukur waktu eksekusi dan penggunaan memori. The quick brown fox jumps over the lazy dog to test typography and rendering speeds. Proses enkripsi mengubah plaintext menjadi ciphertext menggunakan kunci rahasia tertentu.
53,Sedang,570,"[658438] Kombinasi antara metode simetris dan asimetris menghasilkan sistem keamanan yang hibrida. Software engineering principles emphasize clean code, documentation, and thorough testing. Data science combines statistical analysis, machine learning, and domain expertise to solve problems. Implementasi fungsi hash membantu menjaga integritas data dari manipulasi pihak ketiga."
53,Sedang,571,"[271797] Proses enkripsi mengubah plaintext menjadi ciphertext menggunakan kunci rahasia tertentu. Data science combines statistical analysis, machine learning, and domain expertise to solve problems. Artificial intelligence models require structured training datasets to improve accuracy. Optimasi kode pemrograman dapat meningkatkan kecepatan pemrosesan data secara signifikan."
53,Sedang,572,[580335] Cloud computing provides scalable resources over the internet for modern applications. Sistem kriptografi ini digunakan untuk mengamankan data sensitif dari akses yang tidak sah. Artificial intelligence models require structured training datasets to improve accuracy. Mahasiswa wajib memastikan variasi ukuran file dan isi data tidak boleh ada yang identik.
53,Sedang,573,"[396550] Data science combines statistical analysis, machine learning, and domain expertise to solve problems. Software engineering principles emphasize clean code, documentation, and thorough testing. Analisis data skala besar memerlukan infrastruktur komputasi yang kuat dan efisien. Optimasi kode pemrograman dapat meningkatkan kecepatan pemrosesan data secara signifikan."
53,Sedang,574,"[299101] The quick brown fox jumps over the lazy dog to test typography and rendering speeds. Kombinasi antara metode simetris dan asimetris menghasilkan sistem keamanan yang hibrida. Data science combines statistical analysis, machine learning, and domain expertise to solve problems. Cloud computing provides scalable resources over the internet for modern applications."
53,Sedang,575,"[612904] The quick brown fox jumps over the lazy dog to test typography and rendering speeds. Data science combines statistical analysis, machine learning, and domain expertise to solve problems. Mahasiswa wajib memastikan variasi ukuran file dan isi data tidak boleh ada yang identik. Protokol jaringan bertugas mengatur komunikasi data antar perangkat agar berjalan lancar."
53,Sedang,576,[461677] Pengujian performa algoritma dilakukan dengan mengukur waktu eksekusi dan penggunaan memori. Optimasi kode pemrograman dapat meningkatkan kecepatan pemrosesan data secara signifikan. Analisis data skala besar memerlukan infrastruktur komputasi yang kuat dan efisien. Pengujian performa algoritma dilakukan dengan mengukur waktu eksekusi dan penggunaan memori.
53,Sedang,577,"[617146] Kombinasi antara metode simetris dan asimetris menghasilkan sistem keamanan yang hibrida. Analisis data skala besar memerlukan infrastruktur komputasi yang kuat dan efisien. Data science combines statistical analysis, machine learning, and domain expertise to solve problems. Sistem kriptografi ini digunakan untuk mengamankan data sensitif dari akses yang tidak sah."
53,Sedang,578,[609997] Kombinasi antara metode simetris dan asimetris menghasilkan sistem keamanan yang hibrida. Cloud computing provides scalable resources over the internet for modern applications. Keamanan informasi menjadi pilar utama dalam pengembangan aplikasi berbasis web saat ini. Keamanan informasi menjadi pilar utama dalam pengembangan aplikasi berbasis web saat ini.
53,Sedang,579,"[592748] Kombinasi antara metode simetris dan asimetris menghasilkan sistem keamanan yang hibrida. Pengujian performa algoritma dilakukan dengan mengukur waktu eksekusi dan penggunaan memori. Implementasi fungsi hash membantu menjaga integritas data dari manipulasi pihak ketiga. Data science combines statistical analysis, machine learning, and domain expertise to solve problems."
53,Sedang,580,[974493] Optimasi kode pemrograman dapat meningkatkan kecepatan pemrosesan data secara signifikan. Optimasi kode pemrograman dapat meningkatkan kecepatan pemrosesan data secara signifikan. Optimasi kode pemrograman dapat meningkatkan kecepatan pemrosesan data secara signifikan. Analisis data skala besar memerlukan infrastruktur komputasi yang kuat dan efisien.
53,Sedang,581,"[565032] Kombinasi antara metode simetris dan asimetris menghasilkan sistem keamanan yang hibrida. Protokol jaringan bertugas mengatur komunikasi data antar perangkat agar berjalan lancar. Protokol jaringan bertugas mengatur komunikasi data antar perangkat agar berjalan lancar. Data science combines statistical analysis, machine learning, and domain expertise to solve problems."
53,Sedang,582,"[806963] Proses enkripsi mengubah plaintext menjadi ciphertext menggunakan kunci rahasia tertentu. Data science combines statistical analysis, machine learning, and domain expertise to solve problems. Implementasi fungsi hash membantu menjaga integritas data dari manipulasi pihak ketiga. Analisis data skala besar memerlukan infrastruktur komputasi yang kuat dan efisien."
53,Sedang,583,[630258] Pengujian performa algoritma dilakukan dengan mengukur waktu eksekusi dan penggunaan memori. Keamanan informasi menjadi pilar utama dalam pengembangan aplikasi berbasis web saat ini. Keamanan informasi menjadi pilar utama dalam pengembangan aplikasi berbasis web saat ini. Mahasiswa wajib memastikan variasi ukuran file dan isi data tidak boleh ada yang identik.
53,Sedang,584,"[890896] Optimasi kode pemrograman dapat meningkatkan kecepatan pemrosesan data secara signifikan. Data science combines statistical analysis, machine learning, and domain expertise to solve problems. Cloud computing provides scalable resources over the internet for modern applications. Keamanan informasi menjadi pilar utama dalam pengembangan aplikasi berbasis web saat ini."
53,Sedang,585,[917576] Protokol jaringan bertugas mengatur komunikasi data antar perangkat agar berjalan lancar. Mahasiswa wajib memastikan variasi ukuran file dan isi data tidak boleh ada yang identik. Sistem kriptografi ini digunakan untuk mengamankan data sensitif dari akses yang tidak sah. Analisis data skala besar memerlukan infrastruktur komputasi yang kuat dan efisien.
53,Sedang,586,[602578] Artificial intelligence models require structured training datasets to improve accuracy. Proses enkripsi mengubah plaintext menjadi ciphertext menggunakan kunci rahasia tertentu. The quick brown fox jumps over the lazy dog to test typography and rendering speeds. Kombinasi antara metode simetris dan asimetris menghasilkan sistem keamanan yang hibrida.
53,Sedang,587,"[615372] Proses enkripsi mengubah plaintext menjadi ciphertext menggunakan kunci rahasia tertentu. Software engineering principles emphasize clean code, documentation, and thorough testing. Optimasi kode pemrograman dapat meningkatkan kecepatan pemrosesan data secara signifikan. Pengujian performa algoritma dilakukan dengan mengukur waktu eksekusi dan penggunaan memori."
53,Sedang,588,[499625] Proses enkripsi mengubah plaintext menjadi ciphertext menggunakan kunci rahasia tertentu. Analisis data skala besar memerlukan infrastruktur komputasi yang kuat dan efisien. Kombinasi antara metode simetris dan asimetris menghasilkan sistem keamanan yang hibrida. Protokol jaringan bertugas mengatur komunikasi data antar perangkat agar berjalan lancar.
53,Sedang,589,[373466] Mahasiswa wajib memastikan variasi ukuran file dan isi data tidak boleh ada yang identik. Implementasi fungsi hash membantu menjaga integritas data dari manipulasi pihak ketiga. Mahasiswa wajib memastikan variasi ukuran file dan isi data tidak boleh ada yang identik. Kombinasi antara metode simetris dan asimetris menghasilkan sistem keamanan yang hibrida.
53,Sedang,590,[841995] Keamanan informasi menjadi pilar utama dalam pengembangan aplikasi berbasis web saat ini. Implementasi fungsi hash membantu menjaga integritas data dari manipulasi pihak ketiga. Keamanan informasi menjadi pilar utama dalam pengembangan aplikasi berbasis web saat ini. Optimasi kode pemrograman dapat meningkatkan kecepatan pemrosesan data secara signifikan.
53,Sedang,591,[222995] Analisis data skala besar memerlukan infrastruktur komputasi yang kuat dan efisien. Kombinasi antara metode simetris dan asimetris menghasilkan sistem keamanan yang hibrida. Optimasi kode pemrograman dapat meningkatkan kecepatan pemrosesan data secara signifikan. Mahasiswa wajib memastikan variasi ukuran file dan isi data tidak boleh ada yang identik.
53,Sedang,592,[140677] Sistem kriptografi ini digunakan untuk mengamankan data sensitif dari akses yang tidak sah. The quick brown fox jumps over the lazy dog to test typography and rendering speeds. Cloud computing provides scalable resources over the internet for modern applications. Sistem kriptografi ini digunakan untuk mengamankan data sensitif dari akses yang tidak sah.
53,Sedang,593,"[505105] Optimasi kode pemrograman dapat meningkatkan kecepatan pemrosesan data secara signifikan. The quick brown fox jumps over the lazy dog to test typography and rendering speeds. Data science combines statistical analysis, machine learning, and domain expertise to solve problems. Pengujian performa algoritma dilakukan dengan mengukur waktu eksekusi dan penggunaan memori."
53,Sedang,594,"[667891] Data science combines statistical analysis, machine learning, and domain expertise to solve problems. Artificial intelligence models require structured training datasets to improve accuracy. Pengujian performa algoritma dilakukan dengan mengukur waktu eksekusi dan penggunaan memori. Software engineering principles emphasize clean code, documentation, and thorough testing."
53,Sedang,595,[521854] Analisis data skala besar memerlukan infrastruktur komputasi yang kuat dan efisien. Kombinasi antara metode simetris dan asimetris menghasilkan sistem keamanan yang hibrida. Cloud computing provides scalable resources over the internet for modern applications. Analisis data skala besar memerlukan infrastruktur komputasi yang kuat dan efisien.
53,Sedang,596,[155735] The quick brown fox jumps over the lazy dog to test typography and rendering speeds. Keamanan informasi menjadi pilar utama dalam pengembangan aplikasi berbasis web saat ini. Kombinasi antara metode simetris dan asimetris menghasilkan sistem keamanan yang hibrida. The quick brown fox jumps over the lazy dog to test typography and rendering speeds.
53,Sedang,597,"[146065] Optimasi kode pemrograman dapat meningkatkan kecepatan pemrosesan data secara signifikan. Artificial intelligence models require structured training datasets to improve accuracy. Optimasi kode pemrograman dapat meningkatkan kecepatan pemrosesan data secara signifikan. Data science combines statistical analysis, machine learning, and domain expertise to solve problems."
53,Sedang,598,"[205665] Kombinasi antara metode simetris dan asimetris menghasilkan sistem keamanan yang hibrida. Cloud computing provides scalable resources over the internet for modern applications. Kombinasi antara metode simetris dan asimetris menghasilkan sistem keamanan yang hibrida. Software engineering principles emphasize clean code, documentation, and thorough testing."
53,Sedang,599,"[279452] Software engineering principles emphasize clean code, documentation, and thorough testing. The quick brown fox jumps over the lazy dog to test typography and rendering speeds. Kombinasi antara metode simetris dan asimetris menghasilkan sistem keamanan yang hibrida. Data science combines statistical analysis, machine learning, and domain expertise to solve problems."
53,Sedang,600,[160280] The quick brown fox jumps over the lazy dog to test typography and rendering speeds. The quick brown fox jumps over the lazy dog to test typography and rendering speeds. Protokol jaringan bertugas mengatur komunikasi data antar perangkat agar berjalan lancar. Keamanan informasi menjadi pilar utama dalam pengembangan aplikasi berbasis web saat ini.
53,Sedang,601,[883952] Cloud computing provides scalable resources over the internet for modern applications. Cloud computing provides scalable resources over the internet for modern applications. Proses enkripsi mengubah plaintext menjadi ciphertext menggunakan kunci rahasia tertentu. Keamanan informasi menjadi pilar utama dalam pengembangan aplikasi berbasis web saat ini.
53,Sedang,602,"[963193] Implementasi fungsi hash membantu menjaga integritas data dari manipulasi pihak ketiga. The quick brown fox jumps over the lazy dog to test typography and rendering speeds. Keamanan informasi menjadi pilar utama dalam pengembangan aplikasi berbasis web saat ini. Data science combines statistical analysis, machine learning, and domain expertise to solve problems."
53,Sedang,603,[230550] The quick brown fox jumps over the lazy dog to test typography and rendering speeds. Cloud computing provides scalable resources over the internet for modern applications. Analisis data skala besar memerlukan infrastruktur komputasi yang kuat dan efisien. Proses enkripsi mengubah plaintext menjadi ciphertext menggunakan kunci rahasia tertentu.
53,Sedang,604,"[155040] Software engineering principles emphasize clean code, documentation, and thorough testing. Artificial intelligence models require structured training datasets to improve accuracy. Cloud computing provides scalable resources over the internet for modern applications. Analisis data skala besar memerlukan infrastruktur komputasi yang kuat dan efisien."
53,Sedang,605,[650549] Proses enkripsi mengubah plaintext menjadi ciphertext menggunakan kunci rahasia tertentu. Proses enkripsi mengubah plaintext menjadi ciphertext menggunakan kunci rahasia tertentu. Artificial intelligence models require structured training datasets to improve accuracy. Cloud computing provides scalable resources over the internet for modern applications.
53,Sedang,606,"[291950] Data science combines statistical analysis, machine learning, and domain expertise to solve problems. Sistem kriptografi ini digunakan untuk mengamankan data sensitif dari akses yang tidak sah. Data science combines statistical analysis, machine learning, and domain expertise to solve problems. Sistem kriptografi ini digunakan untuk mengamankan data sensitif dari akses yang tidak sah."
53,Sedang,607,"[145805] The quick brown fox jumps over the lazy dog to test typography and rendering speeds. Data science combines statistical analysis, machine learning, and domain expertise to solve problems. Keamanan informasi menjadi pilar utama dalam pengembangan aplikasi berbasis web saat ini. Artificial intelligence models require structured training datasets to improve accuracy."
53,Sedang,608,"[509875] Implementasi fungsi hash membantu menjaga integritas data dari manipulasi pihak ketiga. Software engineering principles emphasize clean code, documentation, and thorough testing. Pengujian performa algoritma dilakukan dengan mengukur waktu eksekusi dan penggunaan memori. Sistem kriptografi ini digunakan untuk mengamankan data sensitif dari akses yang tidak sah."
53,Sedang,609,[124086] Artificial intelligence models require structured training datasets to improve accuracy. Protokol jaringan bertugas mengatur komunikasi data antar perangkat agar berjalan lancar. Sistem kriptografi ini digunakan untuk mengamankan data sensitif dari akses yang tidak sah. Pengujian performa algoritma dilakukan dengan mengukur waktu eksekusi dan penggunaan memori.
53,Sedang,610,"[319231] Software engineering principles emphasize clean code, documentation, and thorough testing. Sistem kriptografi ini digunakan untuk mengamankan data sensitif dari akses yang tidak sah. Keamanan informasi menjadi pilar utama dalam pengembangan aplikasi berbasis web saat ini. Pengujian performa algoritma dilakukan dengan mengukur waktu eksekusi dan penggunaan memori."
53,Sedang,611,[770614] Kombinasi antara metode simetris dan asimetris menghasilkan sistem keamanan yang hibrida. Artificial intelligence models require structured training datasets to improve accuracy. The quick brown fox jumps over the lazy dog to test typography and rendering speeds. Proses enkripsi mengubah plaintext menjadi ciphertext menggunakan kunci rahasia tertentu.
53,Sedang,612,[442810] Keamanan informasi menjadi pilar utama dalam pengembangan aplikasi berbasis web saat ini. Implementasi fungsi hash membantu menjaga integritas data dari manipulasi pihak ketiga. Analisis data skala besar memerlukan infrastruktur komputasi yang kuat dan efisien. Analisis data skala besar memerlukan infrastruktur komputasi yang kuat dan efisien.
53,Sedang,613,[686114] Implementasi fungsi hash membantu menjaga integritas data dari manipulasi pihak ketiga. Protokol jaringan bertugas mengatur komunikasi data antar perangkat agar berjalan lancar. Keamanan informasi menjadi pilar utama dalam pengembangan aplikasi berbasis web saat ini. Pengujian performa algoritma dilakukan dengan mengukur waktu eksekusi dan penggunaan memori.
53,Sedang,614,[609926] Proses enkripsi mengubah plaintext menjadi ciphertext menggunakan kunci rahasia tertentu. Analisis data skala besar memerlukan infrastruktur komputasi yang kuat dan efisien. Kombinasi antara metode simetris dan asimetris menghasilkan sistem keamanan yang hibrida. The quick brown fox jumps over the lazy dog to test typography and rendering speeds.
53,Sedang,615,"[835679] Software engineering principles emphasize clean code, documentation, and thorough testing. Protokol jaringan bertugas mengatur komunikasi data antar perangkat agar berjalan lancar. The quick brown fox jumps over the lazy dog to test typography and rendering speeds. Protokol jaringan bertugas mengatur komunikasi data antar perangkat agar berjalan lancar."
53,Sedang,616,[347366] Implementasi fungsi hash membantu menjaga integritas data dari manipulasi pihak ketiga. Mahasiswa wajib memastikan variasi ukuran file dan isi data tidak boleh ada yang identik. Sistem kriptografi ini digunakan untuk mengamankan data sensitif dari akses yang tidak sah. Kombinasi antara metode simetris dan asimetris menghasilkan sistem keamanan yang hibrida.
53,Sedang,617,[219662] Artificial intelligence models require structured training datasets to improve accuracy. Proses enkripsi mengubah plaintext menjadi ciphertext menggunakan kunci rahasia tertentu. The quick brown fox jumps over the lazy dog to test typography and rendering speeds. Optimasi kode pemrograman dapat meningkatkan kecepatan pemrosesan data secara signifikan.
53,Sedang,618,[654463] Implementasi fungsi hash membantu menjaga integritas data dari manipulasi pihak ketiga. Protokol jaringan bertugas mengatur komunikasi data antar perangkat agar berjalan lancar. Keamanan informasi menjadi pilar utama dalam pengembangan aplikasi berbasis web saat ini. Sistem kriptografi ini digunakan untuk mengamankan data sensitif dari akses yang tidak sah.
53,Sedang,619,"[716688] Protokol jaringan bertugas mengatur komunikasi data antar perangkat agar berjalan lancar. Mahasiswa wajib memastikan variasi ukuran file dan isi data tidak boleh ada yang identik. Sistem kriptografi ini digunakan untuk mengamankan data sensitif dari akses yang tidak sah. Data science combines statistical analysis, machine learning, and domain expertise to solve problems."
53,Sedang,620,[115186] Implementasi fungsi hash membantu menjaga integritas data dari manipulasi pihak ketiga. Sistem kriptografi ini digunakan untuk mengamankan data sensitif dari akses yang tidak sah. Proses enkripsi mengubah plaintext menjadi ciphertext menggunakan kunci rahasia tertentu. Pengujian performa algoritma dilakukan dengan mengukur waktu eksekusi dan penggunaan memori.
53,Sedang,621,[519098] Protokol jaringan bertugas mengatur komunikasi data antar perangkat agar berjalan lancar. The quick brown fox jumps over the lazy dog to test typography and rendering speeds. Implementasi fungsi hash membantu menjaga integritas data dari manipulasi pihak ketiga. Sistem kriptografi ini digunakan untuk mengamankan data sensitif dari akses yang tidak sah.
53,Sedang,622,[162763] Proses enkripsi mengubah plaintext menjadi ciphertext menggunakan kunci rahasia tertentu. Analisis data skala besar memerlukan infrastruktur komputasi yang kuat dan efisien. Artificial intelligence models require structured training datasets to improve accuracy. Kombinasi antara metode simetris dan asimetris menghasilkan sistem keamanan yang hibrida.
53,Sedang,623,[950864] Sistem kriptografi ini digunakan untuk mengamankan data sensitif dari akses yang tidak sah. Pengujian performa algoritma dilakukan dengan mengukur waktu eksekusi dan penggunaan memori. Sistem kriptografi ini digunakan untuk mengamankan data sensitif dari akses yang tidak sah. Cloud computing provides scalable resources over the internet for modern applications.
53,Sedang,624,"[270784] Sistem kriptografi ini digunakan untuk mengamankan data sensitif dari akses yang tidak sah. Protokol jaringan bertugas mengatur komunikasi data antar perangkat agar berjalan lancar. Pengujian performa algoritma dilakukan dengan mengukur waktu eksekusi dan penggunaan memori. Data science combines statistical analysis, machine learning, and domain expertise to solve problems."
53,Sedang,625,"[590704] Pengujian performa algoritma dilakukan dengan mengukur waktu eksekusi dan penggunaan memori. Software engineering principles emphasize clean code, documentation, and thorough testing. Mahasiswa wajib memastikan variasi ukuran file dan isi data tidak boleh ada yang identik. Analisis data skala besar memerlukan infrastruktur komputasi yang kuat dan efisien."
53,Sedang,626,[843116] Pengujian performa algoritma dilakukan dengan mengukur waktu eksekusi dan penggunaan memori. Cloud computing provides scalable resources over the internet for modern applications. The quick brown fox jumps over the lazy dog to test typography and rendering speeds. Cloud computing provides scalable resources over the internet for modern applications.
53,Sedang,627,"[954982] Sistem kriptografi ini digunakan untuk mengamankan data sensitif dari akses yang tidak sah. Sistem kriptografi ini digunakan untuk mengamankan data sensitif dari akses yang tidak sah. Data science combines statistical analysis, machine learning, and domain expertise to solve problems. Mahasiswa wajib memastikan variasi ukuran file dan isi data tidak boleh ada yang identik."
53,Sedang,628,"[684379] Software engineering principles emphasize clean code, documentation, and thorough testing. Kombinasi antara metode simetris dan asimetris menghasilkan sistem keamanan yang hibrida. Implementasi fungsi hash membantu menjaga integritas data dari manipulasi pihak ketiga. Data science combines statistical analysis, machine learning, and domain expertise to solve problems."
53,Sedang,629,"[304654] Optimasi kode pemrograman dapat meningkatkan kecepatan pemrosesan data secara signifikan. Keamanan informasi menjadi pilar utama dalam pengembangan aplikasi berbasis web saat ini. Protokol jaringan bertugas mengatur komunikasi data antar perangkat agar berjalan lancar. Data science combines statistical analysis, machine learning, and domain expertise to solve problems."
53,Sedang,630,[368070] Keamanan informasi menjadi pilar utama dalam pengembangan aplikasi berbasis web saat ini. Pengujian performa algoritma dilakukan dengan mengukur waktu eksekusi dan penggunaan memori. Sistem kriptografi ini digunakan untuk mengamankan data sensitif dari akses yang tidak sah. Optimasi kode pemrograman dapat meningkatkan kecepatan pemrosesan data secara signifikan.
53,Sedang,631,[429407] Implementasi fungsi hash membantu menjaga integritas data dari manipulasi pihak ketiga. Cloud computing provides scalable resources over the internet for modern applications. Proses enkripsi mengubah plaintext menjadi ciphertext menggunakan kunci rahasia tertentu. Protokol jaringan bertugas mengatur komunikasi data antar perangkat agar berjalan lancar.
53,Sedang,632,[307140] Artificial intelligence models require structured training datasets to improve accuracy. Mahasiswa wajib memastikan variasi ukuran file dan isi data tidak boleh ada yang identik. The quick brown fox jumps over the lazy dog to test typography and rendering speeds. Cloud computing provides scalable resources over the internet for modern applications.
53,Sedang,633,[541739] Keamanan informasi menjadi pilar utama dalam pengembangan aplikasi berbasis web saat ini. Protokol jaringan bertugas mengatur komunikasi data antar perangkat agar berjalan lancar. Proses enkripsi mengubah plaintext menjadi ciphertext menggunakan kunci rahasia tertentu. Proses enkripsi mengubah plaintext menjadi ciphertext menggunakan kunci rahasia tertentu.
53,Sedang,634,[130927] Mahasiswa wajib memastikan variasi ukuran file dan isi data tidak boleh ada yang identik. Keamanan informasi menjadi pilar utama dalam pengembangan aplikasi berbasis web saat ini. Optimasi kode pemrograman dapat meningkatkan kecepatan pemrosesan data secara signifikan. Keamanan informasi menjadi pilar utama dalam pengembangan aplikasi berbasis web saat ini.
53,Sedang,635,[417687] Analisis data skala besar memerlukan infrastruktur komputasi yang kuat dan efisien. Kombinasi antara metode simetris dan asimetris menghasilkan sistem keamanan yang hibrida. Keamanan informasi menjadi pilar utama dalam pengembangan aplikasi berbasis web saat ini. Analisis data skala besar memerlukan infrastruktur komputasi yang kuat dan efisien.
53,Sedang,636,[711635] Implementasi fungsi hash membantu menjaga integritas data dari manipulasi pihak ketiga. Cloud computing provides scalable resources over the internet for modern applications. Pengujian performa algoritma dilakukan dengan mengukur waktu eksekusi dan penggunaan memori. Sistem kriptografi ini digunakan untuk mengamankan data sensitif dari akses yang tidak sah.
53,Sedang,637,"[232378] Artificial intelligence models require structured training datasets to improve accuracy. Protokol jaringan bertugas mengatur komunikasi data antar perangkat agar berjalan lancar. Software engineering principles emphasize clean code, documentation, and thorough testing. The quick brown fox jumps over the lazy dog to test typography and rendering speeds."
53,Sedang,638,[661778] Cloud computing provides scalable resources over the internet for modern applications. Artificial intelligence models require structured training datasets to improve accuracy. Artificial intelligence models require structured training datasets to improve accuracy. Implementasi fungsi hash membantu menjaga integritas data dari manipulasi pihak ketiga.
53,Sedang,639,[530757] Implementasi fungsi hash membantu menjaga integritas data dari manipulasi pihak ketiga. Implementasi fungsi hash membantu menjaga integritas data dari manipulasi pihak ketiga. The quick brown fox jumps over the lazy dog to test typography and rendering speeds. Protokol jaringan bertugas mengatur komunikasi data antar perangkat agar berjalan lancar.
53,Sedang,640,"[631932] Data science combines statistical analysis, machine learning, and domain expertise to solve problems. Pengujian performa algoritma dilakukan dengan mengukur waktu eksekusi dan penggunaan memori. Proses enkripsi mengubah plaintext menjadi ciphertext menggunakan kunci rahasia tertentu. The quick brown fox jumps over the lazy dog to test typography and rendering speeds."
53,Sedang,641,[187232] Cloud computing provides scalable resources over the internet for modern applications. Kombinasi antara metode simetris dan asimetris menghasilkan sistem keamanan yang hibrida. Artificial intelligence models require structured training datasets to improve accuracy. The quick brown fox jumps over the lazy dog to test typography and rendering speeds.
53,Sedang,642,"[531616] Software engineering principles emphasize clean code, documentation, and thorough testing. Pengujian performa algoritma dilakukan dengan mengukur waktu eksekusi dan penggunaan memori. Analisis data skala besar memerlukan infrastruktur komputasi yang kuat dan efisien. Artificial intelligence models require structured training datasets to improve accuracy."
53,Sedang,643,"[407609] Software engineering principles emphasize clean code, documentation, and thorough testing. Mahasiswa wajib memastikan variasi ukuran file dan isi data tidak boleh ada yang identik. Implementasi fungsi hash membantu menjaga integritas data dari manipulasi pihak ketiga. The quick brown fox jumps over the lazy dog to test typography and rendering speeds."
53,Sedang,644,[997557] Proses enkripsi mengubah plaintext menjadi ciphertext menggunakan kunci rahasia tertentu. Protokol jaringan bertugas mengatur komunikasi data antar perangkat agar berjalan lancar. Analisis data skala besar memerlukan infrastruktur komputasi yang kuat dan efisien. Keamanan informasi menjadi pilar utama dalam pengembangan aplikasi berbasis web saat ini.
53,Sedang,645,[865968] Sistem kriptografi ini digunakan untuk mengamankan data sensitif dari akses yang tidak sah. Protokol jaringan bertugas mengatur komunikasi data antar perangkat agar berjalan lancar. Cloud computing provides scalable resources over the internet for modern applications. Kombinasi antara metode simetris dan asimetris menghasilkan sistem keamanan yang hibrida.
53,Sedang,646,[710875] Analisis data skala besar memerlukan infrastruktur komputasi yang kuat dan efisien. Proses enkripsi mengubah plaintext menjadi ciphertext menggunakan kunci rahasia tertentu. Protokol jaringan bertugas mengatur komunikasi data antar perangkat agar berjalan lancar. Cloud computing provides scalable resources over the internet for modern applications.
53,Sedang,647,[468800] Analisis data skala besar memerlukan infrastruktur komputasi yang kuat dan efisien. Kombinasi antara metode simetris dan asimetris menghasilkan sistem keamanan yang hibrida. Optimasi kode pemrograman dapat meningkatkan kecepatan pemrosesan data secara signifikan. Analisis data skala besar memerlukan infrastruktur komputasi yang kuat dan efisien.
53,Sedang,648,"[294901] Cloud computing provides scalable resources over the internet for modern applications. Cloud computing provides scalable resources over the internet for modern applications. Software engineering principles emphasize clean code, documentation, and thorough testing. Artificial intelligence models require structured training datasets to improve accuracy."
53,Sedang,649,[534032] Optimasi kode pemrograman dapat meningkatkan kecepatan pemrosesan data secara signifikan. Kombinasi antara metode simetris dan asimetris menghasilkan sistem keamanan yang hibrida. Analisis data skala besar memerlukan infrastruktur komputasi yang kuat dan efisien. Optimasi kode pemrograman dapat meningkatkan kecepatan pemrosesan data secara signifikan.
53,Sedang,650,"[393170] Data science combines statistical analysis, machine learning, and domain expertise to solve problems. Sistem kriptografi ini digunakan untuk mengamankan data sensitif dari akses yang tidak sah. The quick brown fox jumps over the lazy dog to test typography and rendering speeds. Kombinasi antara metode simetris dan asimetris menghasilkan sistem keamanan yang hibrida."
53,Sedang,651,"[434086] Software engineering principles emphasize clean code, documentation, and thorough testing. Implementasi fungsi hash membantu menjaga integritas data dari manipulasi pihak ketiga. Implementasi fungsi hash membantu menjaga integritas data dari manipulasi pihak ketiga. Implementasi fungsi hash membantu menjaga integritas data dari manipulasi pihak ketiga."
53,Sedang,652,"[370037] Data science combines statistical analysis, machine learning, and domain expertise to solve problems. Cloud computing provides scalable resources over the internet for modern applications. The quick brown fox jumps over the lazy dog to test typography and rendering speeds. Protokol jaringan bertugas mengatur komunikasi data antar perangkat agar berjalan lancar."
53,Sedang,653,[136203] Keamanan informasi menjadi pilar utama dalam pengembangan aplikasi berbasis web saat ini. The quick brown fox jumps over the lazy dog to test typography and rendering speeds. Proses enkripsi mengubah plaintext menjadi ciphertext menggunakan kunci rahasia tertentu. Proses enkripsi mengubah plaintext menjadi ciphertext menggunakan kunci rahasia tertentu.
53,Sedang,654,"[446001] Sistem kriptografi ini digunakan untuk mengamankan data sensitif dari akses yang tidak sah. Sistem kriptografi ini digunakan untuk mengamankan data sensitif dari akses yang tidak sah. Software engineering principles emphasize clean code, documentation, and thorough testing. Pengujian performa algoritma dilakukan dengan mengukur waktu eksekusi dan penggunaan memori."
53,Sedang,655,"[368371] Protokol jaringan bertugas mengatur komunikasi data antar perangkat agar berjalan lancar. Protokol jaringan bertugas mengatur komunikasi data antar perangkat agar berjalan lancar. Cloud computing provides scalable resources over the internet for modern applications. Data science combines statistical analysis, machine learning, and domain expertise to solve problems."
53,Sedang,656,[523274] Protokol jaringan bertugas mengatur komunikasi data antar perangkat agar berjalan lancar. Protokol jaringan bertugas mengatur komunikasi data antar perangkat agar berjalan lancar. Artificial intelligence models require structured training datasets to improve accuracy. The quick brown fox jumps over the lazy dog to test typography and rendering speeds.
53,Sedang,657,[674601] Proses enkripsi mengubah plaintext menjadi ciphertext menggunakan kunci rahasia tertentu. Implementasi fungsi hash membantu menjaga integritas data dari manipulasi pihak ketiga. Cloud computing provides scalable resources over the internet for modern applications. Pengujian performa algoritma dilakukan dengan mengukur waktu eksekusi dan penggunaan memori.
53,Sedang,658,"[120033] Software engineering principles emphasize clean code, documentation, and thorough testing. Mahasiswa wajib memastikan variasi ukuran file dan isi data tidak boleh ada yang identik. Data science combines statistical analysis, machine learning, and domain expertise to solve problems. Keamanan informasi menjadi pilar utama dalam pengembangan aplikasi berbasis web saat ini."
53,Sedang,659,[637520] The quick brown fox jumps over the lazy dog to test typography and rendering speeds. Keamanan informasi menjadi pilar utama dalam pengembangan aplikasi berbasis web saat ini. Artificial intelligence models require structured training datasets to improve accuracy. Artificial intelligence models require structured training datasets to improve accuracy.
53,Sedang,660,[694401] Optimasi kode pemrograman dapat meningkatkan kecepatan pemrosesan data secara signifikan. Artificial intelligence models require structured training datasets to improve accuracy. Cloud computing provides scalable resources over the internet for modern applications. Pengujian performa algoritma dilakukan dengan mengukur waktu eksekusi dan penggunaan memori.
53,Sedang,661,"[423279] Software engineering principles emphasize clean code, documentation, and thorough testing. Pengujian performa algoritma dilakukan dengan mengukur waktu eksekusi dan penggunaan memori. Cloud computing provides scalable resources over the internet for modern applications. Kombinasi antara metode simetris dan asimetris menghasilkan sistem keamanan yang hibrida."
53,Sedang,662,"[156507] Software engineering principles emphasize clean code, documentation, and thorough testing. Pengujian performa algoritma dilakukan dengan mengukur waktu eksekusi dan penggunaan memori. Mahasiswa wajib memastikan variasi ukuran file dan isi data tidak boleh ada yang identik. Cloud computing provides scalable resources over the internet for modern applications."
53,Sedang,663,[937924] Protokol jaringan bertugas mengatur komunikasi data antar perangkat agar berjalan lancar. Analisis data skala besar memerlukan infrastruktur komputasi yang kuat dan efisien. Sistem kriptografi ini digunakan untuk mengamankan data sensitif dari akses yang tidak sah. Keamanan informasi menjadi pilar utama dalam pengembangan aplikasi berbasis web saat ini.
53,Sedang,664,[857603] Sistem kriptografi ini digunakan untuk mengamankan data sensitif dari akses yang tidak sah. Analisis data skala besar memerlukan infrastruktur komputasi yang kuat dan efisien. Mahasiswa wajib memastikan variasi ukuran file dan isi data tidak boleh ada yang identik. Protokol jaringan bertugas mengatur komunikasi data antar perangkat agar berjalan lancar.
53,Sedang,665,[978810] Kombinasi antara metode simetris dan asimetris menghasilkan sistem keamanan yang hibrida. Proses enkripsi mengubah plaintext menjadi ciphertext menggunakan kunci rahasia tertentu. Sistem kriptografi ini digunakan untuk mengamankan data sensitif dari akses yang tidak sah. Sistem kriptografi ini digunakan untuk mengamankan data sensitif dari akses yang tidak sah.
53,Sedang,666,[562210] Cloud computing provides scalable resources over the internet for modern applications. Proses enkripsi mengubah plaintext menjadi ciphertext menggunakan kunci rahasia tertentu. Analisis data skala besar memerlukan infrastruktur komputasi yang kuat dan efisien. Kombinasi antara metode simetris dan asimetris menghasilkan sistem keamanan yang hibrida.
53,Sedang,667,"[108388] Cloud computing provides scalable resources over the internet for modern applications. Analisis data skala besar memerlukan infrastruktur komputasi yang kuat dan efisien. Mahasiswa wajib memastikan variasi ukuran file dan isi data tidak boleh ada yang identik. Data science combines statistical analysis, machine learning, and domain expertise to solve problems."
53,Sedang,668,"[552956] Pengujian performa algoritma dilakukan dengan mengukur waktu eksekusi dan penggunaan memori. Keamanan informasi menjadi pilar utama dalam pengembangan aplikasi berbasis web saat ini. Data science combines statistical analysis, machine learning, and domain expertise to solve problems. Protokol jaringan bertugas mengatur komunikasi data antar perangkat agar berjalan lancar."
53,Sedang,669,"[871949] Data science combines statistical analysis, machine learning, and domain expertise to solve problems. Artificial intelligence models require structured training datasets to improve accuracy. The quick brown fox jumps over the lazy dog to test typography and rendering speeds. Kombinasi antara metode simetris dan asimetris menghasilkan sistem keamanan yang hibrida."
53,Sedang,670,"[804358] Software engineering principles emphasize clean code, documentation, and thorough testing. Implementasi fungsi hash membantu menjaga integritas data dari manipulasi pihak ketiga. Cloud computing provides scalable resources over the internet for modern applications. Software engineering principles emphasize clean code, documentation, and thorough testing."
53,Sedang,671,[604981] Keamanan informasi menjadi pilar utama dalam pengembangan aplikasi berbasis web saat ini. Proses enkripsi mengubah plaintext menjadi ciphertext menggunakan kunci rahasia tertentu. Implementasi fungsi hash membantu menjaga integritas data dari manipulasi pihak ketiga. Cloud computing provides scalable resources over the internet for modern applications.
53,Sedang,672,[905972] Sistem kriptografi ini digunakan untuk mengamankan data sensitif dari akses yang tidak sah. Optimasi kode pemrograman dapat meningkatkan kecepatan pemrosesan data secara signifikan. Cloud computing provides scalable resources over the internet for modern applications. The quick brown fox jumps over the lazy dog to test typography and rendering speeds.
53,Sedang,673,[556747] Protokol jaringan bertugas mengatur komunikasi data antar perangkat agar berjalan lancar. Mahasiswa wajib memastikan variasi ukuran file dan isi data tidak boleh ada yang identik. Sistem kriptografi ini digunakan untuk mengamankan data sensitif dari akses yang tidak sah. Keamanan informasi menjadi pilar utama dalam pengembangan aplikasi berbasis web saat ini.
53,Sedang,674,"[739315] Kombinasi antara metode simetris dan asimetris menghasilkan sistem keamanan yang hibrida. Software engineering principles emphasize clean code, documentation, and thorough testing. Artificial intelligence models require structured training datasets to improve accuracy. Protokol jaringan bertugas mengatur komunikasi data antar perangkat agar berjalan lancar."
53,Sedang,675,[935702] Kombinasi antara metode simetris dan asimetris menghasilkan sistem keamanan yang hibrida. Proses enkripsi mengubah plaintext menjadi ciphertext menggunakan kunci rahasia tertentu. Pengujian performa algoritma dilakukan dengan mengukur waktu eksekusi dan penggunaan memori. Sistem kriptografi ini digunakan untuk mengamankan data sensitif dari akses yang tidak sah.
53,Sedang,676,[362855] Optimasi kode pemrograman dapat meningkatkan kecepatan pemrosesan data secara signifikan. Proses enkripsi mengubah plaintext menjadi ciphertext menggunakan kunci rahasia tertentu. Proses enkripsi mengubah plaintext menjadi ciphertext menggunakan kunci rahasia tertentu. Pengujian performa algoritma dilakukan dengan mengukur waktu eksekusi dan penggunaan memori.
53,Sedang,677,[668174] Pengujian performa algoritma dilakukan dengan mengukur waktu eksekusi dan penggunaan memori. Proses enkripsi mengubah plaintext menjadi ciphertext menggunakan kunci rahasia tertentu. Protokol jaringan bertugas mengatur komunikasi data antar perangkat agar berjalan lancar. Mahasiswa wajib memastikan variasi ukuran file dan isi data tidak boleh ada yang identik.
53,Sedang,678,"[427775] Data science combines statistical analysis, machine learning, and domain expertise to solve problems. Protokol jaringan bertugas mengatur komunikasi data antar perangkat agar berjalan lancar. Pengujian performa algoritma dilakukan dengan mengukur waktu eksekusi dan penggunaan memori. Proses enkripsi mengubah plaintext menjadi ciphertext menggunakan kunci rahasia tertentu."
53,Sedang,679,"[331182] Kombinasi antara metode simetris dan asimetris menghasilkan sistem keamanan yang hibrida. The quick brown fox jumps over the lazy dog to test typography and rendering speeds. Data science combines statistical analysis, machine learning, and domain expertise to solve problems. Implementasi fungsi hash membantu menjaga integritas data dari manipulasi pihak ketiga."
53,Sedang,680,[393724] Implementasi fungsi hash membantu menjaga integritas data dari manipulasi pihak ketiga. Proses enkripsi mengubah plaintext menjadi ciphertext menggunakan kunci rahasia tertentu. Analisis data skala besar memerlukan infrastruktur komputasi yang kuat dan efisien. Optimasi kode pemrograman dapat meningkatkan kecepatan pemrosesan data secara signifikan.
53,Sedang,681,"[539358] Cloud computing provides scalable resources over the internet for modern applications. Software engineering principles emphasize clean code, documentation, and thorough testing. Optimasi kode pemrograman dapat meningkatkan kecepatan pemrosesan data secara signifikan. Kombinasi antara metode simetris dan asimetris menghasilkan sistem keamanan yang hibrida."
53,Sedang,682,[179839] Mahasiswa wajib memastikan variasi ukuran file dan isi data tidak boleh ada yang identik. Keamanan informasi menjadi pilar utama dalam pengembangan aplikasi berbasis web saat ini. Sistem kriptografi ini digunakan untuk mengamankan data sensitif dari akses yang tidak sah. Sistem kriptografi ini digunakan untuk mengamankan data sensitif dari akses yang tidak sah.
53,Sedang,683,"[775820] Data science combines statistical analysis, machine learning, and domain expertise to solve problems. Sistem kriptografi ini digunakan untuk mengamankan data sensitif dari akses yang tidak sah. Cloud computing provides scalable resources over the internet for modern applications. Pengujian performa algoritma dilakukan dengan mengukur waktu eksekusi dan penggunaan memori."
53,Sedang,684,[756764] Analisis data skala besar memerlukan infrastruktur komputasi yang kuat dan efisien. Artificial intelligence models require structured training datasets to improve accuracy. Analisis data skala besar memerlukan infrastruktur komputasi yang kuat dan efisien. Implementasi fungsi hash membantu menjaga integritas data dari manipulasi pihak ketiga.
53,Sedang,685,[243714] The quick brown fox jumps over the lazy dog to test typography and rendering speeds. Pengujian performa algoritma dilakukan dengan mengukur waktu eksekusi dan penggunaan memori. Artificial intelligence models require structured training datasets to improve accuracy. Mahasiswa wajib memastikan variasi ukuran file dan isi data tidak boleh ada yang identik.
53,Sedang,686,"[736082] Pengujian performa algoritma dilakukan dengan mengukur waktu eksekusi dan penggunaan memori. The quick brown fox jumps over the lazy dog to test typography and rendering speeds. Software engineering principles emphasize clean code, documentation, and thorough testing. Kombinasi antara metode simetris dan asimetris menghasilkan sistem keamanan yang hibrida."
53,Sedang,687,[191174] Proses enkripsi mengubah plaintext menjadi ciphertext menggunakan kunci rahasia tertentu. Optimasi kode pemrograman dapat meningkatkan kecepatan pemrosesan data secara signifikan. Sistem kriptografi ini digunakan untuk mengamankan data sensitif dari akses yang tidak sah. Pengujian performa algoritma dilakukan dengan mengukur waktu eksekusi dan penggunaan memori.
53,Sedang,688,"[267783] Pengujian performa algoritma dilakukan dengan mengukur waktu eksekusi dan penggunaan memori. Optimasi kode pemrograman dapat meningkatkan kecepatan pemrosesan data secara signifikan. Implementasi fungsi hash membantu menjaga integritas data dari manipulasi pihak ketiga. Software engineering principles emphasize clean code, documentation, and thorough testing."
53,Sedang,689,[790576] Analisis data skala besar memerlukan infrastruktur komputasi yang kuat dan efisien. Cloud computing provides scalable resources over the internet for modern applications. Implementasi fungsi hash membantu menjaga integritas data dari manipulasi pihak ketiga. Keamanan informasi menjadi pilar utama dalam pengembangan aplikasi berbasis web saat ini.
53,Sedang,690,"[950193] Data science combines statistical analysis, machine learning, and domain expertise to solve problems. Keamanan informasi menjadi pilar utama dalam pengembangan aplikasi berbasis web saat ini. Pengujian performa algoritma dilakukan dengan mengukur waktu eksekusi dan penggunaan memori. Artificial intelligence models require structured training datasets to improve accuracy."
53,Sedang,691,"[570964] Sistem kriptografi ini digunakan untuk mengamankan data sensitif dari akses yang tidak sah. Data science combines statistical analysis, machine learning, and domain expertise to solve problems. Data science combines statistical analysis, machine learning, and domain expertise to solve problems. Mahasiswa wajib memastikan variasi ukuran file dan isi data tidak boleh ada yang identik."
53,Sedang,692,"[280489] Mahasiswa wajib memastikan variasi ukuran file dan isi data tidak boleh ada yang identik. Pengujian performa algoritma dilakukan dengan mengukur waktu eksekusi dan penggunaan memori. Analisis data skala besar memerlukan infrastruktur komputasi yang kuat dan efisien. Data science combines statistical analysis, machine learning, and domain expertise to solve problems."
53,Sedang,693,"[123647] Data science combines statistical analysis, machine learning, and domain expertise to solve problems. Proses enkripsi mengubah plaintext menjadi ciphertext menggunakan kunci rahasia tertentu. Protokol jaringan bertugas mengatur komunikasi data antar perangkat agar berjalan lancar. Analisis data skala besar memerlukan infrastruktur komputasi yang kuat dan efisien."
53,Sedang,694,"[637428] Optimasi kode pemrograman dapat meningkatkan kecepatan pemrosesan data secara signifikan. Data science combines statistical analysis, machine learning, and domain expertise to solve problems. Keamanan informasi menjadi pilar utama dalam pengembangan aplikasi berbasis web saat ini. Kombinasi antara metode simetris dan asimetris menghasilkan sistem keamanan yang hibrida."
53,Sedang,695,[227644] Kombinasi antara metode simetris dan asimetris menghasilkan sistem keamanan yang hibrida. Mahasiswa wajib memastikan variasi ukuran file dan isi data tidak boleh ada yang identik. Optimasi kode pemrograman dapat meningkatkan kecepatan pemrosesan data secara signifikan. The quick brown fox jumps over the lazy dog to test typography and rendering speeds.
53,Sedang,696,"[703865] Artificial intelligence models require structured training datasets to improve accuracy. Software engineering principles emphasize clean code, documentation, and thorough testing. Analisis data skala besar memerlukan infrastruktur komputasi yang kuat dan efisien. Pengujian performa algoritma dilakukan dengan mengukur waktu eksekusi dan penggunaan memori."
53,Sedang,697,[646381] Protokol jaringan bertugas mengatur komunikasi data antar perangkat agar berjalan lancar. Analisis data skala besar memerlukan infrastruktur komputasi yang kuat dan efisien. Kombinasi antara metode simetris dan asimetris menghasilkan sistem keamanan yang hibrida. Analisis data skala besar memerlukan infrastruktur komputasi yang kuat dan efisien.
53,Sedang,698,[632204] Optimasi kode pemrograman dapat meningkatkan kecepatan pemrosesan data secara signifikan. Proses enkripsi mengubah plaintext menjadi ciphertext menggunakan kunci rahasia tertentu. Protokol jaringan bertugas mengatur komunikasi data antar perangkat agar berjalan lancar. Sistem kriptografi ini digunakan untuk mengamankan data sensitif dari akses yang tidak sah.
53,Sedang,699,[577828] Protokol jaringan bertugas mengatur komunikasi data antar perangkat agar berjalan lancar. Artificial intelligence models require structured training datasets to improve accuracy. Cloud computing provides scalable resources over the internet for modern applications. Artificial intelligence models require structured training datasets to improve accuracy.
53,Sedang,700,[525434] The quick brown fox jumps over the lazy dog to test typography and rendering speeds. The quick brown fox jumps over the lazy dog to test typography and rendering speeds. Cloud computing provides scalable resources over the internet for modern applications. Cloud computing provides scalable resources over the internet for modern applications.
53,Sedang,701,"[524492] Data science combines statistical analysis, machine learning, and domain expertise to solve problems. Keamanan informasi menjadi pilar utama dalam pengembangan aplikasi berbasis web saat ini. Protokol jaringan bertugas mengatur komunikasi data antar perangkat agar berjalan lancar. Keamanan informasi menjadi pilar utama dalam pengembangan aplikasi berbasis web saat ini."
53,Sedang,702,[610879] Kombinasi antara metode simetris dan asimetris menghasilkan sistem keamanan yang hibrida. Sistem kriptografi ini digunakan untuk mengamankan data sensitif dari akses yang tidak sah. Sistem kriptografi ini digunakan untuk mengamankan data sensitif dari akses yang tidak sah. Optimasi kode pemrograman dapat meningkatkan kecepatan pemrosesan data secara signifikan.
53,Sedang,703,[929349] Sistem kriptografi ini digunakan untuk mengamankan data sensitif dari akses yang tidak sah. Proses enkripsi mengubah plaintext menjadi ciphertext menggunakan kunci rahasia tertentu. Keamanan informasi menjadi pilar utama dalam pengembangan aplikasi berbasis web saat ini. Pengujian performa algoritma dilakukan dengan mengukur waktu eksekusi dan penggunaan memori.
53,Sedang,704,[843854] Analisis data skala besar memerlukan infrastruktur komputasi yang kuat dan efisien. Proses enkripsi mengubah plaintext menjadi ciphertext menggunakan kunci rahasia tertentu. Artificial intelligence models require structured training datasets to improve accuracy. Protokol jaringan bertugas mengatur komunikasi data antar perangkat agar berjalan lancar.
53,Sedang,705,[896968] Artificial intelligence models require structured training datasets to improve accuracy. Keamanan informasi menjadi pilar utama dalam pengembangan aplikasi berbasis web saat ini. Kombinasi antara metode simetris dan asimetris menghasilkan sistem keamanan yang hibrida. Protokol jaringan bertugas mengatur komunikasi data antar perangkat agar berjalan lancar.
53,Sedang,706,"[526384] Software engineering principles emphasize clean code, documentation, and thorough testing. Sistem kriptografi ini digunakan untuk mengamankan data sensitif dari akses yang tidak sah. Software engineering principles emphasize clean code, documentation, and thorough testing. Sistem kriptografi ini digunakan untuk mengamankan data sensitif dari akses yang tidak sah."
53,Sedang,707,"[760123] Software engineering principles emphasize clean code, documentation, and thorough testing. Keamanan informasi menjadi pilar utama dalam pengembangan aplikasi berbasis web saat ini. Software engineering principles emphasize clean code, documentation, and thorough testing. Data science combines statistical analysis, machine learning, and domain expertise to solve problems."
53,Sedang,708,[208949] Artificial intelligence models require structured training datasets to improve accuracy. Optimasi kode pemrograman dapat meningkatkan kecepatan pemrosesan data secara signifikan. The quick brown fox jumps over the lazy dog to test typography and rendering speeds. Protokol jaringan bertugas mengatur komunikasi data antar perangkat agar berjalan lancar.
53,Sedang,709,[478129] Implementasi fungsi hash membantu menjaga integritas data dari manipulasi pihak ketiga. Mahasiswa wajib memastikan variasi ukuran file dan isi data tidak boleh ada yang identik. Keamanan informasi menjadi pilar utama dalam pengembangan aplikasi berbasis web saat ini. Proses enkripsi mengubah plaintext menjadi ciphertext menggunakan kunci rahasia tertentu.
53,Sedang,710,[364899] Pengujian performa algoritma dilakukan dengan mengukur waktu eksekusi dan penggunaan memori. Proses enkripsi mengubah plaintext menjadi ciphertext menggunakan kunci rahasia tertentu. Cloud computing provides scalable resources over the internet for modern applications. The quick brown fox jumps over the lazy dog to test typography and rendering speeds.
53,Sedang,711,"[160954] Sistem kriptografi ini digunakan untuk mengamankan data sensitif dari akses yang tidak sah. Optimasi kode pemrograman dapat meningkatkan kecepatan pemrosesan data secara signifikan. Data science combines statistical analysis, machine learning, and domain expertise to solve problems. Mahasiswa wajib memastikan variasi ukuran file dan isi data tidak boleh ada yang identik."
53,Sedang,712,[740763] Cloud computing provides scalable resources over the internet for modern applications. Implementasi fungsi hash membantu menjaga integritas data dari manipulasi pihak ketiga. Sistem kriptografi ini digunakan untuk mengamankan data sensitif dari akses yang tidak sah. Cloud computing provides scalable resources over the internet for modern applications.
53,Sedang,713,[381946] Sistem kriptografi ini digunakan untuk mengamankan data sensitif dari akses yang tidak sah. Kombinasi antara metode simetris dan asimetris menghasilkan sistem keamanan yang hibrida. Mahasiswa wajib memastikan variasi ukuran file dan isi data tidak boleh ada yang identik. Proses enkripsi mengubah plaintext menjadi ciphertext menggunakan kunci rahasia tertentu.
53,Sedang,714,[842061] Analisis data skala besar memerlukan infrastruktur komputasi yang kuat dan efisien. Analisis data skala besar memerlukan infrastruktur komputasi yang kuat dan efisien. The quick brown fox jumps over the lazy dog to test typography and rendering speeds. Implementasi fungsi hash membantu menjaga integritas data dari manipulasi pihak ketiga.
53,Sedang,715,"[690366] The quick brown fox jumps over the lazy dog to test typography and rendering speeds. Proses enkripsi mengubah plaintext menjadi ciphertext menggunakan kunci rahasia tertentu. Software engineering principles emphasize clean code, documentation, and thorough testing. Proses enkripsi mengubah plaintext menjadi ciphertext menggunakan kunci rahasia tertentu."
53,Sedang,716,[538749] Pengujian performa algoritma dilakukan dengan mengukur waktu eksekusi dan penggunaan memori. Keamanan informasi menjadi pilar utama dalam pengembangan aplikasi berbasis web saat ini. Keamanan informasi menjadi pilar utama dalam pengembangan aplikasi berbasis web saat ini. Mahasiswa wajib memastikan variasi ukuran file dan isi data tidak boleh ada yang identik.
53,Sedang,717,"[590450] Cloud computing provides scalable resources over the internet for modern applications. Artificial intelligence models require structured training datasets to improve accuracy. Protokol jaringan bertugas mengatur komunikasi data antar perangkat agar berjalan lancar. Software engineering principles emphasize clean code, documentation, and thorough testing."
53,Sedang,718,"[735685] The quick brown fox jumps over the lazy dog to test typography and rendering speeds. Software engineering principles emphasize clean code, documentation, and thorough testing. Protokol jaringan bertugas mengatur komunikasi data antar perangkat agar berjalan lancar. Keamanan informasi menjadi pilar utama dalam pengembangan aplikasi berbasis web saat ini."
53,Sedang,719,"[858484] Implementasi fungsi hash membantu menjaga integritas data dari manipulasi pihak ketiga. Cloud computing provides scalable resources over the internet for modern applications. Software engineering principles emphasize clean code, documentation, and thorough testing. Implementasi fungsi hash membantu menjaga integritas data dari manipulasi pihak ketiga."
53,Sedang,720,[239193] Implementasi fungsi hash membantu menjaga integritas data dari manipulasi pihak ketiga. Sistem kriptografi ini digunakan untuk mengamankan data sensitif dari akses yang tidak sah. Proses enkripsi mengubah plaintext menjadi ciphertext menggunakan kunci rahasia tertentu. Mahasiswa wajib memastikan variasi ukuran file dan isi data tidak boleh ada yang identik.
53,Sedang,721,"[224251] Software engineering principles emphasize clean code, documentation, and thorough testing. Cloud computing provides scalable resources over the internet for modern applications. Mahasiswa wajib memastikan variasi ukuran file dan isi data tidak boleh ada yang identik. Implementasi fungsi hash membantu menjaga integritas data dari manipulasi pihak ketiga."
53,Sedang,722,"[463960] Protokol jaringan bertugas mengatur komunikasi data antar perangkat agar berjalan lancar. The quick brown fox jumps over the lazy dog to test typography and rendering speeds. Sistem kriptografi ini digunakan untuk mengamankan data sensitif dari akses yang tidak sah. Data science combines statistical analysis, machine learning, and domain expertise to solve problems."
53,Sedang,723,[814467] Analisis data skala besar memerlukan infrastruktur komputasi yang kuat dan efisien. Cloud computing provides scalable resources over the internet for modern applications. Kombinasi antara metode simetris dan asimetris menghasilkan sistem keamanan yang hibrida. Sistem kriptografi ini digunakan untuk mengamankan data sensitif dari akses yang tidak sah.
53,Sedang,724,[722065] Implementasi fungsi hash membantu menjaga integritas data dari manipulasi pihak ketiga. Kombinasi antara metode simetris dan asimetris menghasilkan sistem keamanan yang hibrida. Keamanan informasi menjadi pilar utama dalam pengembangan aplikasi berbasis web saat ini. Analisis data skala besar memerlukan infrastruktur komputasi yang kuat dan efisien.
53,Sedang,725,[757734] Analisis data skala besar memerlukan infrastruktur komputasi yang kuat dan efisien. The quick brown fox jumps over the lazy dog to test typography and rendering speeds. Mahasiswa wajib memastikan variasi ukuran file dan isi data tidak boleh ada yang identik. Kombinasi antara metode simetris dan asimetris menghasilkan sistem keamanan yang hibrida.
53,Sedang,726,[514780] The quick brown fox jumps over the lazy dog to test typography and rendering speeds. Proses enkripsi mengubah plaintext menjadi ciphertext menggunakan kunci rahasia tertentu. Artificial intelligence models require structured training datasets to improve accuracy. Implementasi fungsi hash membantu menjaga integritas data dari manipulasi pihak ketiga.
53,Sedang,727,"[217511] Sistem kriptografi ini digunakan untuk mengamankan data sensitif dari akses yang tidak sah. Artificial intelligence models require structured training datasets to improve accuracy. Software engineering principles emphasize clean code, documentation, and thorough testing. Mahasiswa wajib memastikan variasi ukuran file dan isi data tidak boleh ada yang identik."
53,Sedang,728,[776402] Mahasiswa wajib memastikan variasi ukuran file dan isi data tidak boleh ada yang identik. Artificial intelligence models require structured training datasets to improve accuracy. Implementasi fungsi hash membantu menjaga integritas data dari manipulasi pihak ketiga. Sistem kriptografi ini digunakan untuk mengamankan data sensitif dari akses yang tidak sah.
53,Sedang,729,[557723] Cloud computing provides scalable resources over the internet for modern applications. Kombinasi antara metode simetris dan asimetris menghasilkan sistem keamanan yang hibrida. Proses enkripsi mengubah plaintext menjadi ciphertext menggunakan kunci rahasia tertentu. Sistem kriptografi ini digunakan untuk mengamankan data sensitif dari akses yang tidak sah.
53,Sedang,730,[978811] Protokol jaringan bertugas mengatur komunikasi data antar perangkat agar berjalan lancar. Artificial intelligence models require structured training datasets to improve accuracy. Sistem kriptografi ini digunakan untuk mengamankan data sensitif dari akses yang tidak sah. Pengujian performa algoritma dilakukan dengan mengukur waktu eksekusi dan penggunaan memori.
53,Sedang,731,[550136] Pengujian performa algoritma dilakukan dengan mengukur waktu eksekusi dan penggunaan memori. Optimasi kode pemrograman dapat meningkatkan kecepatan pemrosesan data secara signifikan. Artificial intelligence models require structured training datasets to improve accuracy. Protokol jaringan bertugas mengatur komunikasi data antar perangkat agar berjalan lancar.
53,Sedang,732,[337955] Pengujian performa algoritma dilakukan dengan mengukur waktu eksekusi dan penggunaan memori. Artificial intelligence models require structured training datasets to improve accuracy. Cloud computing provides scalable resources over the internet for modern applications. Pengujian performa algoritma dilakukan dengan mengukur waktu eksekusi dan penggunaan memori.
53,Sedang,733,[605401] Analisis data skala besar memerlukan infrastruktur komputasi yang kuat dan efisien. The quick brown fox jumps over the lazy dog to test typography and rendering speeds. Optimasi kode pemrograman dapat meningkatkan kecepatan pemrosesan data secara signifikan. Proses enkripsi mengubah plaintext menjadi ciphertext menggunakan kunci rahasia tertentu.
53,Sedang,734,"[773014] Kombinasi antara metode simetris dan asimetris menghasilkan sistem keamanan yang hibrida. Sistem kriptografi ini digunakan untuk mengamankan data sensitif dari akses yang tidak sah. Analisis data skala besar memerlukan infrastruktur komputasi yang kuat dan efisien. Data science combines statistical analysis, machine learning, and domain expertise to solve problems."
53,Sedang,735,"[911250] Data science combines statistical analysis, machine learning, and domain expertise to solve problems. Artificial intelligence models require structured training datasets to improve accuracy. Cloud computing provides scalable resources over the internet for modern applications. Software engineering principles emphasize clean code, documentation, and thorough testing."
53,Sedang,736,[228173] Pengujian performa algoritma dilakukan dengan mengukur waktu eksekusi dan penggunaan memori. Implementasi fungsi hash membantu menjaga integritas data dari manipulasi pihak ketiga. Pengujian performa algoritma dilakukan dengan mengukur waktu eksekusi dan penggunaan memori. Keamanan informasi menjadi pilar utama dalam pengembangan aplikasi berbasis web saat ini.
53,Sedang,737,[805133] Implementasi fungsi hash membantu menjaga integritas data dari manipulasi pihak ketiga. The quick brown fox jumps over the lazy dog to test typography and rendering speeds. Sistem kriptografi ini digunakan untuk mengamankan data sensitif dari akses yang tidak sah. The quick brown fox jumps over the lazy dog to test typography and rendering speeds.
53,Sedang,738,"[200533] Mahasiswa wajib memastikan variasi ukuran file dan isi data tidak boleh ada yang identik. Mahasiswa wajib memastikan variasi ukuran file dan isi data tidak boleh ada yang identik. Data science combines statistical analysis, machine learning, and domain expertise to solve problems. The quick brown fox jumps over the lazy dog to test typography and rendering speeds."
53,Sedang,739,"[945962] Optimasi kode pemrograman dapat meningkatkan kecepatan pemrosesan data secara signifikan. Pengujian performa algoritma dilakukan dengan mengukur waktu eksekusi dan penggunaan memori. Protokol jaringan bertugas mengatur komunikasi data antar perangkat agar berjalan lancar. Data science combines statistical analysis, machine learning, and domain expertise to solve problems."
53,Sedang,740,[904233] Cloud computing provides scalable resources over the internet for modern applications. Artificial intelligence models require structured training datasets to improve accuracy. Optimasi kode pemrograman dapat meningkatkan kecepatan pemrosesan data secara signifikan. The quick brown fox jumps over the lazy dog to test typography and rendering speeds.
53,Sedang,741,[946167] Mahasiswa wajib memastikan variasi ukuran file dan isi data tidak boleh ada yang identik. Pengujian performa algoritma dilakukan dengan mengukur waktu eksekusi dan penggunaan memori. Artificial intelligence models require structured training datasets to improve accuracy. The quick brown fox jumps over the lazy dog to test typography and rendering speeds.
53,Sedang,742,[853426] Optimasi kode pemrograman dapat meningkatkan kecepatan pemrosesan data secara signifikan. Keamanan informasi menjadi pilar utama dalam pengembangan aplikasi berbasis web saat ini. Kombinasi antara metode simetris dan asimetris menghasilkan sistem keamanan yang hibrida. The quick brown fox jumps over the lazy dog to test typography and rendering speeds.
53,Sedang,743,[772734] Protokol jaringan bertugas mengatur komunikasi data antar perangkat agar berjalan lancar. Artificial intelligence models require structured training datasets to improve accuracy. Sistem kriptografi ini digunakan untuk mengamankan data sensitif dari akses yang tidak sah. Analisis data skala besar memerlukan infrastruktur komputasi yang kuat dan efisien.
53,Sedang,744,[869967] Proses enkripsi mengubah plaintext menjadi ciphertext menggunakan kunci rahasia tertentu. Protokol jaringan bertugas mengatur komunikasi data antar perangkat agar berjalan lancar. Artificial intelligence models require structured training datasets to improve accuracy. Implementasi fungsi hash membantu menjaga integritas data dari manipulasi pihak ketiga.
53,Sedang,745,[378867] Sistem kriptografi ini digunakan untuk mengamankan data sensitif dari akses yang tidak sah. Pengujian performa algoritma dilakukan dengan mengukur waktu eksekusi dan penggunaan memori. Sistem kriptografi ini digunakan untuk mengamankan data sensitif dari akses yang tidak sah. Proses enkripsi mengubah plaintext menjadi ciphertext menggunakan kunci rahasia tertentu.
53,Sedang,746,[611677] Proses enkripsi mengubah plaintext menjadi ciphertext menggunakan kunci rahasia tertentu. Sistem kriptografi ini digunakan untuk mengamankan data sensitif dari akses yang tidak sah. Mahasiswa wajib memastikan variasi ukuran file dan isi data tidak boleh ada yang identik. Analisis data skala besar memerlukan infrastruktur komputasi yang kuat dan efisien.
53,Sedang,747,[599684] The quick brown fox jumps over the lazy dog to test typography and rendering speeds. Cloud computing provides scalable resources over the internet for modern applications. Analisis data skala besar memerlukan infrastruktur komputasi yang kuat dan efisien. Cloud computing provides scalable resources over the internet for modern applications.
53,Sedang,748,[993001] Artificial intelligence models require structured training datasets to improve accuracy. Cloud computing provides scalable resources over the internet for modern applications. The quick brown fox jumps over the lazy dog to test typography and rendering speeds. Artificial intelligence models require structured training datasets to improve accuracy.
53,Sedang,749,[313077] Sistem kriptografi ini digunakan untuk mengamankan data sensitif dari akses yang tidak sah. Analisis data skala besar memerlukan infrastruktur komputasi yang kuat dan efisien. Kombinasi antara metode simetris dan asimetris menghasilkan sistem keamanan yang hibrida. Analisis data skala besar memerlukan infrastruktur komputasi yang kuat dan efisien.
53,Sedang,750,[369376] Artificial intelligence models require structured training datasets to improve accuracy. Sistem kriptografi ini digunakan untuk mengamankan data sensitif dari akses yang tidak sah. Protokol jaringan bertugas mengatur komunikasi data antar perangkat agar berjalan lancar. Artificial intelligence models require structured training datasets to improve accuracy.
53,Sedang,751,[986748] The quick brown fox jumps over the lazy dog to test typography and rendering speeds. Cloud computing provides scalable resources over the internet for modern applications. Proses enkripsi mengubah plaintext menjadi ciphertext menggunakan kunci rahasia tertentu. Optimasi kode pemrograman dapat meningkatkan kecepatan pemrosesan data secara signifikan.
53,Sedang,752,"[153822] Software engineering principles emphasize clean code, documentation, and thorough testing. Keamanan informasi menjadi pilar utama dalam pengembangan aplikasi berbasis web saat ini. Keamanan informasi menjadi pilar utama dalam pengembangan aplikasi berbasis web saat ini. Optimasi kode pemrograman dapat meningkatkan kecepatan pemrosesan data secara signifikan."
53,Sedang,753,[132695] Protokol jaringan bertugas mengatur komunikasi data antar perangkat agar berjalan lancar. Kombinasi antara metode simetris dan asimetris menghasilkan sistem keamanan yang hibrida. The quick brown fox jumps over the lazy dog to test typography and rendering speeds. Artificial intelligence models require structured training datasets to improve accuracy.
53,Sedang,754,"[920987] Software engineering principles emphasize clean code, documentation, and thorough testing. Pengujian performa algoritma dilakukan dengan mengukur waktu eksekusi dan penggunaan memori. Sistem kriptografi ini digunakan untuk mengamankan data sensitif dari akses yang tidak sah. Data science combines statistical analysis, machine learning, and domain expertise to solve problems."
53,Sedang,755,[804811] Analisis data skala besar memerlukan infrastruktur komputasi yang kuat dan efisien. Pengujian performa algoritma dilakukan dengan mengukur waktu eksekusi dan penggunaan memori. Protokol jaringan bertugas mengatur komunikasi data antar perangkat agar berjalan lancar. Implementasi fungsi hash membantu menjaga integritas data dari manipulasi pihak ketiga.
53,Sedang,756,[845864] The quick brown fox jumps over the lazy dog to test typography and rendering speeds. Keamanan informasi menjadi pilar utama dalam pengembangan aplikasi berbasis web saat ini. Optimasi kode pemrograman dapat meningkatkan kecepatan pemrosesan data secara signifikan. Implementasi fungsi hash membantu menjaga integritas data dari manipulasi pihak ketiga.
53,Sedang,757,[200504] Proses enkripsi mengubah plaintext menjadi ciphertext menggunakan kunci rahasia tertentu. Cloud computing provides scalable resources over the internet for modern applications. The quick brown fox jumps over the lazy dog to test typography and rendering speeds. Cloud computing provides scalable resources over the internet for modern applications.
53,Sedang,758,[845378] Artificial intelligence models require structured training datasets to improve accuracy. Implementasi fungsi hash membantu menjaga integritas data dari manipulasi pihak ketiga. Protokol jaringan bertugas mengatur komunikasi data antar perangkat agar berjalan lancar. The quick brown fox jumps over the lazy dog to test typography and rendering speeds.
53,Sedang,759,"[634673] Mahasiswa wajib memastikan variasi ukuran file dan isi data tidak boleh ada yang identik. Pengujian performa algoritma dilakukan dengan mengukur waktu eksekusi dan penggunaan memori. Data science combines statistical analysis, machine learning, and domain expertise to solve problems. Data science combines statistical analysis, machine learning, and domain expertise to solve problems."
53,Sedang,760,"[832361] Analisis data skala besar memerlukan infrastruktur komputasi yang kuat dan efisien. Data science combines statistical analysis, machine learning, and domain expertise to solve problems. Software engineering principles emphasize clean code, documentation, and thorough testing. Software engineering principles emphasize clean code, documentation, and thorough testing."
53,Sedang,761,[708680] Kombinasi antara metode simetris dan asimetris menghasilkan sistem keamanan yang hibrida. Proses enkripsi mengubah plaintext menjadi ciphertext menggunakan kunci rahasia tertentu. Analisis data skala besar memerlukan infrastruktur komputasi yang kuat dan efisien. Artificial intelligence models require structured training datasets to improve accuracy.
53,Sedang,762,[833345] Pengujian performa algoritma dilakukan dengan mengukur waktu eksekusi dan penggunaan memori. Optimasi kode pemrograman dapat meningkatkan kecepatan pemrosesan data secara signifikan. Cloud computing provides scalable resources over the internet for modern applications. Pengujian performa algoritma dilakukan dengan mengukur waktu eksekusi dan penggunaan memori.
53,Sedang,763,"[419843] Optimasi kode pemrograman dapat meningkatkan kecepatan pemrosesan data secara signifikan. Keamanan informasi menjadi pilar utama dalam pengembangan aplikasi berbasis web saat ini. Software engineering principles emphasize clean code, documentation, and thorough testing. Kombinasi antara metode simetris dan asimetris menghasilkan sistem keamanan yang hibrida."
53,Sedang,764,[880244] Cloud computing provides scalable resources over the internet for modern applications. Analisis data skala besar memerlukan infrastruktur komputasi yang kuat dan efisien. Analisis data skala besar memerlukan infrastruktur komputasi yang kuat dan efisien. Kombinasi antara metode simetris dan asimetris menghasilkan sistem keamanan yang hibrida.
53,Sedang,765,[267755] Keamanan informasi menjadi pilar utama dalam pengembangan aplikasi berbasis web saat ini. Protokol jaringan bertugas mengatur komunikasi data antar perangkat agar berjalan lancar. Artificial intelligence models require structured training datasets to improve accuracy. Implementasi fungsi hash membantu menjaga integritas data dari manipulasi pihak ketiga.
53,Sedang,766,"[949700] Artificial intelligence models require structured training datasets to improve accuracy. Data science combines statistical analysis, machine learning, and domain expertise to solve problems. The quick brown fox jumps over the lazy dog to test typography and rendering speeds. The quick brown fox jumps over the lazy dog to test typography and rendering speeds."
53,Sedang,767,[725912] Sistem kriptografi ini digunakan untuk mengamankan data sensitif dari akses yang tidak sah. Pengujian performa algoritma dilakukan dengan mengukur waktu eksekusi dan penggunaan memori. Mahasiswa wajib memastikan variasi ukuran file dan isi data tidak boleh ada yang identik. Protokol jaringan bertugas mengatur komunikasi data antar perangkat agar berjalan lancar.
53,Sedang,768,"[976916] Kombinasi antara metode simetris dan asimetris menghasilkan sistem keamanan yang hibrida. Mahasiswa wajib memastikan variasi ukuran file dan isi data tidak boleh ada yang identik. Software engineering principles emphasize clean code, documentation, and thorough testing. Analisis data skala besar memerlukan infrastruktur komputasi yang kuat dan efisien."
53,Sedang,769,"[882935] Implementasi fungsi hash membantu menjaga integritas data dari manipulasi pihak ketiga. Proses enkripsi mengubah plaintext menjadi ciphertext menggunakan kunci rahasia tertentu. Sistem kriptografi ini digunakan untuk mengamankan data sensitif dari akses yang tidak sah. Data science combines statistical analysis, machine learning, and domain expertise to solve problems."
53,Sedang,770,"[521691] Software engineering principles emphasize clean code, documentation, and thorough testing. Protokol jaringan bertugas mengatur komunikasi data antar perangkat agar berjalan lancar. Implementasi fungsi hash membantu menjaga integritas data dari manipulasi pihak ketiga. Mahasiswa wajib memastikan variasi ukuran file dan isi data tidak boleh ada yang identik."
53,Sedang,771,[871580] Proses enkripsi mengubah plaintext menjadi ciphertext menggunakan kunci rahasia tertentu. Analisis data skala besar memerlukan infrastruktur komputasi yang kuat dan efisien. Implementasi fungsi hash membantu menjaga integritas data dari manipulasi pihak ketiga. Protokol jaringan bertugas mengatur komunikasi data antar perangkat agar berjalan lancar.
53,Sedang,772,[152198] Optimasi kode pemrograman dapat meningkatkan kecepatan pemrosesan data secara signifikan. The quick brown fox jumps over the lazy dog to test typography and rendering speeds. Protokol jaringan bertugas mengatur komunikasi data antar perangkat agar berjalan lancar. Kombinasi antara metode simetris dan asimetris menghasilkan sistem keamanan yang hibrida.
53,Sedang,773,"[343553] Data science combines statistical analysis, machine learning, and domain expertise to solve problems. Analisis data skala besar memerlukan infrastruktur komputasi yang kuat dan efisien. Keamanan informasi menjadi pilar utama dalam pengembangan aplikasi berbasis web saat ini. Analisis data skala besar memerlukan infrastruktur komputasi yang kuat dan efisien."
53,Sedang,774,[686935] The quick brown fox jumps over the lazy dog to test typography and rendering speeds. Proses enkripsi mengubah plaintext menjadi ciphertext menggunakan kunci rahasia tertentu. Protokol jaringan bertugas mengatur komunikasi data antar perangkat agar berjalan lancar. Kombinasi antara metode simetris dan asimetris menghasilkan sistem keamanan yang hibrida.
53,Sedang,775,"[111012] Data science combines statistical analysis, machine learning, and domain expertise to solve problems. Data science combines statistical analysis, machine learning, and domain expertise to solve problems. Mahasiswa wajib memastikan variasi ukuran file dan isi data tidak boleh ada yang identik. Mahasiswa wajib memastikan variasi ukuran file dan isi data tidak boleh ada yang identik."
53,Sedang,776,"[429581] Sistem kriptografi ini digunakan untuk mengamankan data sensitif dari akses yang tidak sah. Data science combines statistical analysis, machine learning, and domain expertise to solve problems. Proses enkripsi mengubah plaintext menjadi ciphertext menggunakan kunci rahasia tertentu. Data science combines statistical analysis, machine learning, and domain expertise to solve problems."
53,Sedang,777,[904875] Sistem kriptografi ini digunakan untuk mengamankan data sensitif dari akses yang tidak sah. Sistem kriptografi ini digunakan untuk mengamankan data sensitif dari akses yang tidak sah. Pengujian performa algoritma dilakukan dengan mengukur waktu eksekusi dan penggunaan memori. Protokol jaringan bertugas mengatur komunikasi data antar perangkat agar berjalan lancar.
53,Sedang,778,[226263] Artificial intelligence models require structured training datasets to improve accuracy. Proses enkripsi mengubah plaintext menjadi ciphertext menggunakan kunci rahasia tertentu. Implementasi fungsi hash membantu menjaga integritas data dari manipulasi pihak ketiga. Implementasi fungsi hash membantu menjaga integritas data dari manipulasi pihak ketiga.
53,Sedang,779,"[100626] Software engineering principles emphasize clean code, documentation, and thorough testing. Mahasiswa wajib memastikan variasi ukuran file dan isi data tidak boleh ada yang identik. Implementasi fungsi hash membantu menjaga integritas data dari manipulasi pihak ketiga. Analisis data skala besar memerlukan infrastruktur komputasi yang kuat dan efisien."
53,Sedang,780,[290139] Artificial intelligence models require structured training datasets to improve accuracy. Implementasi fungsi hash membantu menjaga integritas data dari manipulasi pihak ketiga. Analisis data skala besar memerlukan infrastruktur komputasi yang kuat dan efisien. Artificial intelligence models require structured training datasets to improve accuracy.
53,Sedang,781,"[397649] Protokol jaringan bertugas mengatur komunikasi data antar perangkat agar berjalan lancar. Artificial intelligence models require structured training datasets to improve accuracy. Software engineering principles emphasize clean code, documentation, and thorough testing. Cloud computing provides scalable resources over the internet for modern applications."
53,Sedang,782,[692920] Protokol jaringan bertugas mengatur komunikasi data antar perangkat agar berjalan lancar. Proses enkripsi mengubah plaintext menjadi ciphertext menggunakan kunci rahasia tertentu. Protokol jaringan bertugas mengatur komunikasi data antar perangkat agar berjalan lancar. Implementasi fungsi hash membantu menjaga integritas data dari manipulasi pihak ketiga.
53,Sedang,783,"[359111] Artificial intelligence models require structured training datasets to improve accuracy. Keamanan informasi menjadi pilar utama dalam pengembangan aplikasi berbasis web saat ini. Data science combines statistical analysis, machine learning, and domain expertise to solve problems. Sistem kriptografi ini digunakan untuk mengamankan data sensitif dari akses yang tidak sah."
53,Sedang,784,[616130] Pengujian performa algoritma dilakukan dengan mengukur waktu eksekusi dan penggunaan memori. Implementasi fungsi hash membantu menjaga integritas data dari manipulasi pihak ketiga. Implementasi fungsi hash membantu menjaga integritas data dari manipulasi pihak ketiga. The quick brown fox jumps over the lazy dog to test typography and rendering speeds.
53,Sedang,785,"[816485] Proses enkripsi mengubah plaintext menjadi ciphertext menggunakan kunci rahasia tertentu. Software engineering principles emphasize clean code, documentation, and thorough testing. Implementasi fungsi hash membantu menjaga integritas data dari manipulasi pihak ketiga. The quick brown fox jumps over the lazy dog to test typography and rendering speeds."
53,Sedang,786,[636520] Optimasi kode pemrograman dapat meningkatkan kecepatan pemrosesan data secara signifikan. Sistem kriptografi ini digunakan untuk mengamankan data sensitif dari akses yang tidak sah. Kombinasi antara metode simetris dan asimetris menghasilkan sistem keamanan yang hibrida. Kombinasi antara metode simetris dan asimetris menghasilkan sistem keamanan yang hibrida.
53,Sedang,787,"[166339] Cloud computing provides scalable resources over the internet for modern applications. Keamanan informasi menjadi pilar utama dalam pengembangan aplikasi berbasis web saat ini. Analisis data skala besar memerlukan infrastruktur komputasi yang kuat dan efisien. Data science combines statistical analysis, machine learning, and domain expertise to solve problems."
53,Sedang,788,"[449367] Optimasi kode pemrograman dapat meningkatkan kecepatan pemrosesan data secara signifikan. Software engineering principles emphasize clean code, documentation, and thorough testing. Kombinasi antara metode simetris dan asimetris menghasilkan sistem keamanan yang hibrida. Cloud computing provides scalable resources over the internet for modern applications."
53,Sedang,789,[362728] Protokol jaringan bertugas mengatur komunikasi data antar perangkat agar berjalan lancar. Implementasi fungsi hash membantu menjaga integritas data dari manipulasi pihak ketiga. Analisis data skala besar memerlukan infrastruktur komputasi yang kuat dan efisien. Mahasiswa wajib memastikan variasi ukuran file dan isi data tidak boleh ada yang identik.
53,Sedang,790,[238381] Mahasiswa wajib memastikan variasi ukuran file dan isi data tidak boleh ada yang identik. Kombinasi antara metode simetris dan asimetris menghasilkan sistem keamanan yang hibrida. Keamanan informasi menjadi pilar utama dalam pengembangan aplikasi berbasis web saat ini. Optimasi kode pemrograman dapat meningkatkan kecepatan pemrosesan data secara signifikan.
53,Sedang,791,[873640] Pengujian performa algoritma dilakukan dengan mengukur waktu eksekusi dan penggunaan memori. Mahasiswa wajib memastikan variasi ukuran file dan isi data tidak boleh ada yang identik. Analisis data skala besar memerlukan infrastruktur komputasi yang kuat dan efisien. Artificial intelligence models require structured training datasets to improve accuracy.
53,Sedang,792,[121220] Sistem kriptografi ini digunakan untuk mengamankan data sensitif dari akses yang tidak sah. Analisis data skala besar memerlukan infrastruktur komputasi yang kuat dan efisien. Pengujian performa algoritma dilakukan dengan mengukur waktu eksekusi dan penggunaan memori. Analisis data skala besar memerlukan infrastruktur komputasi yang kuat dan efisien.
53,Sedang,793,[123862] Proses enkripsi mengubah plaintext menjadi ciphertext menggunakan kunci rahasia tertentu. Artificial intelligence models require structured training datasets to improve accuracy. Optimasi kode pemrograman dapat meningkatkan kecepatan pemrosesan data secara signifikan. Optimasi kode pemrograman dapat meningkatkan kecepatan pemrosesan data secara signifikan.
53,Sedang,794,[765609] Protokol jaringan bertugas mengatur komunikasi data antar perangkat agar berjalan lancar. Implementasi fungsi hash membantu menjaga integritas data dari manipulasi pihak ketiga. Implementasi fungsi hash membantu menjaga integritas data dari manipulasi pihak ketiga. Proses enkripsi mengubah plaintext menjadi ciphertext menggunakan kunci rahasia tertentu.
53,Sedang,795,"[513296] Optimasi kode pemrograman dapat meningkatkan kecepatan pemrosesan data secara signifikan. Data science combines statistical analysis, machine learning, and domain expertise to solve problems. Data science combines statistical analysis, machine learning, and domain expertise to solve problems. Data science combines statistical analysis, machine learning, and domain expertise to solve problems."
53,Sedang,796,[606943] Keamanan informasi menjadi pilar utama dalam pengembangan aplikasi berbasis web saat ini. Pengujian performa algoritma dilakukan dengan mengukur waktu eksekusi dan penggunaan memori. Keamanan informasi menjadi pilar utama dalam pengembangan aplikasi berbasis web saat ini. Proses enkripsi mengubah plaintext menjadi ciphertext menggunakan kunci rahasia tertentu.
53,Sedang,797,"[635044] Pengujian performa algoritma dilakukan dengan mengukur waktu eksekusi dan penggunaan memori. Optimasi kode pemrograman dapat meningkatkan kecepatan pemrosesan data secara signifikan. Mahasiswa wajib memastikan variasi ukuran file dan isi data tidak boleh ada yang identik. Data science combines statistical analysis, machine learning, and domain expertise to solve problems."
53,Sedang,798,[888983] Proses enkripsi mengubah plaintext menjadi ciphertext menggunakan kunci rahasia tertentu. Artificial intelligence models require structured training datasets to improve accuracy. Implementasi fungsi hash membantu menjaga integritas data dari manipulasi pihak ketiga. Protokol jaringan bertugas mengatur komunikasi data antar perangkat agar berjalan lancar.
53,Sedang,799,[808152] Optimasi kode pemrograman dapat meningkatkan kecepatan pemrosesan data secara signifikan. Proses enkripsi mengubah plaintext menjadi ciphertext menggunakan kunci rahasia tertentu. Protokol jaringan bertugas mengatur komunikasi data antar perangkat agar berjalan lancar. Proses enkripsi mengubah plaintext menjadi ciphertext menggunakan kunci rahasia tertentu.
53,Sedang,800,"[352027] Analisis data skala besar memerlukan infrastruktur komputasi yang kuat dan efisien. Data science combines statistical analysis, machine learning, and domain expertise to solve problems. Implementasi fungsi hash membantu menjaga integritas data dari manipulasi pihak ketiga. Data science combines statistical analysis, machine learning, and domain expertise to solve problems."
53,Sedang,801,[904082] Implementasi fungsi hash membantu menjaga integritas data dari manipulasi pihak ketiga. Mahasiswa wajib memastikan variasi ukuran file dan isi data tidak boleh ada yang identik. Keamanan informasi menjadi pilar utama dalam pengembangan aplikasi berbasis web saat ini. Keamanan informasi menjadi pilar utama dalam pengembangan aplikasi berbasis web saat ini.
53,Sedang,802,[982150] Artificial intelligence models require structured training datasets to improve accuracy. Sistem kriptografi ini digunakan untuk mengamankan data sensitif dari akses yang tidak sah. The quick brown fox jumps over the lazy dog to test typography and rendering speeds. Protokol jaringan bertugas mengatur komunikasi data antar perangkat agar berjalan lancar.
53,Sedang,803,[271362] Mahasiswa wajib memastikan variasi ukuran file dan isi data tidak boleh ada yang identik. Sistem kriptografi ini digunakan untuk mengamankan data sensitif dari akses yang tidak sah. Optimasi kode pemrograman dapat meningkatkan kecepatan pemrosesan data secara signifikan. Analisis data skala besar memerlukan infrastruktur komputasi yang kuat dan efisien.
53,Sedang,804,[569329] Artificial intelligence models require structured training datasets to improve accuracy. Implementasi fungsi hash membantu menjaga integritas data dari manipulasi pihak ketiga. Artificial intelligence models require structured training datasets to improve accuracy. Implementasi fungsi hash membantu menjaga integritas data dari manipulasi pihak ketiga.
53,Sedang,805,[712877] Analisis data skala besar memerlukan infrastruktur komputasi yang kuat dan efisien. Protokol jaringan bertugas mengatur komunikasi data antar perangkat agar berjalan lancar. Kombinasi antara metode simetris dan asimetris menghasilkan sistem keamanan yang hibrida. Optimasi kode pemrograman dapat meningkatkan kecepatan pemrosesan data secara signifikan.
53,Sedang,806,"[713014] Cloud computing provides scalable resources over the internet for modern applications. Software engineering principles emphasize clean code, documentation, and thorough testing. Protokol jaringan bertugas mengatur komunikasi data antar perangkat agar berjalan lancar. Pengujian performa algoritma dilakukan dengan mengukur waktu eksekusi dan penggunaan memori."
53,Sedang,807,"[863630] Sistem kriptografi ini digunakan untuk mengamankan data sensitif dari akses yang tidak sah. The quick brown fox jumps over the lazy dog to test typography and rendering speeds. Software engineering principles emphasize clean code, documentation, and thorough testing. Pengujian performa algoritma dilakukan dengan mengukur waktu eksekusi dan penggunaan memori."
53,Sedang,808,[786335] Analisis data skala besar memerlukan infrastruktur komputasi yang kuat dan efisien. Mahasiswa wajib memastikan variasi ukuran file dan isi data tidak boleh ada yang identik. Optimasi kode pemrograman dapat meningkatkan kecepatan pemrosesan data secara signifikan. Cloud computing provides scalable resources over the internet for modern applications.
53,Sedang,809,"[609881] Software engineering principles emphasize clean code, documentation, and thorough testing. Cloud computing provides scalable resources over the internet for modern applications. Cloud computing provides scalable resources over the internet for modern applications. Analisis data skala besar memerlukan infrastruktur komputasi yang kuat dan efisien."
53,Sedang,810,[867273] Analisis data skala besar memerlukan infrastruktur komputasi yang kuat dan efisien. Cloud computing provides scalable resources over the internet for modern applications. Analisis data skala besar memerlukan infrastruktur komputasi yang kuat dan efisien. Pengujian performa algoritma dilakukan dengan mengukur waktu eksekusi dan penggunaan memori.
53,Sedang,811,"[961899] Implementasi fungsi hash membantu menjaga integritas data dari manipulasi pihak ketiga. Sistem kriptografi ini digunakan untuk mengamankan data sensitif dari akses yang tidak sah. Pengujian performa algoritma dilakukan dengan mengukur waktu eksekusi dan penggunaan memori. Software engineering principles emphasize clean code, documentation, and thorough testing."
53,Sedang,812,[545784] Optimasi kode pemrograman dapat meningkatkan kecepatan pemrosesan data secara signifikan. Mahasiswa wajib memastikan variasi ukuran file dan isi data tidak boleh ada yang identik. Mahasiswa wajib memastikan variasi ukuran file dan isi data tidak boleh ada yang identik. Sistem kriptografi ini digunakan untuk mengamankan data sensitif dari akses yang tidak sah.
53,Sedang,813,[380924] Analisis data skala besar memerlukan infrastruktur komputasi yang kuat dan efisien. Sistem kriptografi ini digunakan untuk mengamankan data sensitif dari akses yang tidak sah. Optimasi kode pemrograman dapat meningkatkan kecepatan pemrosesan data secara signifikan. Kombinasi antara metode simetris dan asimetris menghasilkan sistem keamanan yang hibrida.
53,Sedang,814,[720683] Proses enkripsi mengubah plaintext menjadi ciphertext menggunakan kunci rahasia tertentu. Artificial intelligence models require structured training datasets to improve accuracy. Sistem kriptografi ini digunakan untuk mengamankan data sensitif dari akses yang tidak sah. Proses enkripsi mengubah plaintext menjadi ciphertext menggunakan kunci rahasia tertentu.
53,Sedang,815,"[101631] Sistem kriptografi ini digunakan untuk mengamankan data sensitif dari akses yang tidak sah. Kombinasi antara metode simetris dan asimetris menghasilkan sistem keamanan yang hibrida. Software engineering principles emphasize clean code, documentation, and thorough testing. Mahasiswa wajib memastikan variasi ukuran file dan isi data tidak boleh ada yang identik."
53,Sedang,816,"[931879] Data science combines statistical analysis, machine learning, and domain expertise to solve problems. Kombinasi antara metode simetris dan asimetris menghasilkan sistem keamanan yang hibrida. Implementasi fungsi hash membantu menjaga integritas data dari manipulasi pihak ketiga. Artificial intelligence models require structured training datasets to improve accuracy."
53,Sedang,817,[631715] Proses enkripsi mengubah plaintext menjadi ciphertext menggunakan kunci rahasia tertentu. Cloud computing provides scalable resources over the internet for modern applications. Implementasi fungsi hash membantu menjaga integritas data dari manipulasi pihak ketiga. Pengujian performa algoritma dilakukan dengan mengukur waktu eksekusi dan penggunaan memori.
53,Sedang,818,[217295] Proses enkripsi mengubah plaintext menjadi ciphertext menggunakan kunci rahasia tertentu. Mahasiswa wajib memastikan variasi ukuran file dan isi data tidak boleh ada yang identik. Mahasiswa wajib memastikan variasi ukuran file dan isi data tidak boleh ada yang identik. Keamanan informasi menjadi pilar utama dalam pengembangan aplikasi berbasis web saat ini.
53,Sedang,819,"[945451] Protokol jaringan bertugas mengatur komunikasi data antar perangkat agar berjalan lancar. Data science combines statistical analysis, machine learning, and domain expertise to solve problems. Analisis data skala besar memerlukan infrastruktur komputasi yang kuat dan efisien. Keamanan informasi menjadi pilar utama dalam pengembangan aplikasi berbasis web saat ini."
53,Sedang,820,"[674765] Cloud computing provides scalable resources over the internet for modern applications. Protokol jaringan bertugas mengatur komunikasi data antar perangkat agar berjalan lancar. Software engineering principles emphasize clean code, documentation, and thorough testing. Proses enkripsi mengubah plaintext menjadi ciphertext menggunakan kunci rahasia tertentu."
53,Sedang,821,[207395] Pengujian performa algoritma dilakukan dengan mengukur waktu eksekusi dan penggunaan memori. Kombinasi antara metode simetris dan asimetris menghasilkan sistem keamanan yang hibrida. The quick brown fox jumps over the lazy dog to test typography and rendering speeds. Mahasiswa wajib memastikan variasi ukuran file dan isi data tidak boleh ada yang identik.
53,Sedang,822,[161488] Pengujian performa algoritma dilakukan dengan mengukur waktu eksekusi dan penggunaan memori. Cloud computing provides scalable resources over the internet for modern applications. Implementasi fungsi hash membantu menjaga integritas data dari manipulasi pihak ketiga. Pengujian performa algoritma dilakukan dengan mengukur waktu eksekusi dan penggunaan memori.
53,Sedang,823,"[516783] Data science combines statistical analysis, machine learning, and domain expertise to solve problems. Mahasiswa wajib memastikan variasi ukuran file dan isi data tidak boleh ada yang identik. Data science combines statistical analysis, machine learning, and domain expertise to solve problems. Data science combines statistical analysis, machine learning, and domain expertise to solve problems."
53,Sedang,824,[450584] Sistem kriptografi ini digunakan untuk mengamankan data sensitif dari akses yang tidak sah. Pengujian performa algoritma dilakukan dengan mengukur waktu eksekusi dan penggunaan memori. Optimasi kode pemrograman dapat meningkatkan kecepatan pemrosesan data secara signifikan. Optimasi kode pemrograman dapat meningkatkan kecepatan pemrosesan data secara signifikan.
53,Sedang,825,[656666] Optimasi kode pemrograman dapat meningkatkan kecepatan pemrosesan data secara signifikan. Analisis data skala besar memerlukan infrastruktur komputasi yang kuat dan efisien. Analisis data skala besar memerlukan infrastruktur komputasi yang kuat dan efisien. Optimasi kode pemrograman dapat meningkatkan kecepatan pemrosesan data secara signifikan.
53,Sedang,826,[820706] Sistem kriptografi ini digunakan untuk mengamankan data sensitif dari akses yang tidak sah. Optimasi kode pemrograman dapat meningkatkan kecepatan pemrosesan data secara signifikan. Optimasi kode pemrograman dapat meningkatkan kecepatan pemrosesan data secara signifikan. Artificial intelligence models require structured training datasets to improve accuracy.
53,Sedang,827,[247779] Cloud computing provides scalable resources over the internet for modern applications. Pengujian performa algoritma dilakukan dengan mengukur waktu eksekusi dan penggunaan memori. Optimasi kode pemrograman dapat meningkatkan kecepatan pemrosesan data secara signifikan. Pengujian performa algoritma dilakukan dengan mengukur waktu eksekusi dan penggunaan memori.
53,Sedang,828,[649314] Implementasi fungsi hash membantu menjaga integritas data dari manipulasi pihak ketiga. Optimasi kode pemrograman dapat meningkatkan kecepatan pemrosesan data secara signifikan. Implementasi fungsi hash membantu menjaga integritas data dari manipulasi pihak ketiga. Optimasi kode pemrograman dapat meningkatkan kecepatan pemrosesan data secara signifikan.
53,Sedang,829,"[474656] Kombinasi antara metode simetris dan asimetris menghasilkan sistem keamanan yang hibrida. Sistem kriptografi ini digunakan untuk mengamankan data sensitif dari akses yang tidak sah. Data science combines statistical analysis, machine learning, and domain expertise to solve problems. Software engineering principles emphasize clean code, documentation, and thorough testing."
53,Sedang,830,"[870631] Cloud computing provides scalable resources over the internet for modern applications. Protokol jaringan bertugas mengatur komunikasi data antar perangkat agar berjalan lancar. Optimasi kode pemrograman dapat meningkatkan kecepatan pemrosesan data secara signifikan. Data science combines statistical analysis, machine learning, and domain expertise to solve problems."
53,Sedang,831,"[406379] Keamanan informasi menjadi pilar utama dalam pengembangan aplikasi berbasis web saat ini. Optimasi kode pemrograman dapat meningkatkan kecepatan pemrosesan data secara signifikan. Sistem kriptografi ini digunakan untuk mengamankan data sensitif dari akses yang tidak sah. Data science combines statistical analysis, machine learning, and domain expertise to solve problems."
53,Sedang,832,[627856] Sistem kriptografi ini digunakan untuk mengamankan data sensitif dari akses yang tidak sah. Protokol jaringan bertugas mengatur komunikasi data antar perangkat agar berjalan lancar. Kombinasi antara metode simetris dan asimetris menghasilkan sistem keamanan yang hibrida. Cloud computing provides scalable resources over the internet for modern applications.
53,Sedang,833,"[133092] Artificial intelligence models require structured training datasets to improve accuracy. Artificial intelligence models require structured training datasets to improve accuracy. Software engineering principles emphasize clean code, documentation, and thorough testing. Artificial intelligence models require structured training datasets to improve accuracy."
53,Sedang,834,[840611] Proses enkripsi mengubah plaintext menjadi ciphertext menggunakan kunci rahasia tertentu. Mahasiswa wajib memastikan variasi ukuran file dan isi data tidak boleh ada yang identik. Analisis data skala besar memerlukan infrastruktur komputasi yang kuat dan efisien. Keamanan informasi menjadi pilar utama dalam pengembangan aplikasi berbasis web saat ini.
53,Sedang,835,[624910] Cloud computing provides scalable resources over the internet for modern applications. Artificial intelligence models require structured training datasets to improve accuracy. Protokol jaringan bertugas mengatur komunikasi data antar perangkat agar berjalan lancar. Implementasi fungsi hash membantu menjaga integritas data dari manipulasi pihak ketiga.
53,Sedang,836,"[136033] Software engineering principles emphasize clean code, documentation, and thorough testing. Protokol jaringan bertugas mengatur komunikasi data antar perangkat agar berjalan lancar. Sistem kriptografi ini digunakan untuk mengamankan data sensitif dari akses yang tidak sah. Protokol jaringan bertugas mengatur komunikasi data antar perangkat agar berjalan lancar."
53,Sedang,837,[766233] The quick brown fox jumps over the lazy dog to test typography and rendering speeds. Pengujian performa algoritma dilakukan dengan mengukur waktu eksekusi dan penggunaan memori. Implementasi fungsi hash membantu menjaga integritas data dari manipulasi pihak ketiga. Implementasi fungsi hash membantu menjaga integritas data dari manipulasi pihak ketiga.
53,Sedang,838,"[370767] Analisis data skala besar memerlukan infrastruktur komputasi yang kuat dan efisien. Proses enkripsi mengubah plaintext menjadi ciphertext menggunakan kunci rahasia tertentu. Software engineering principles emphasize clean code, documentation, and thorough testing. Data science combines statistical analysis, machine learning, and domain expertise to solve problems."
53,Sedang,839,[726446] Implementasi fungsi hash membantu menjaga integritas data dari manipulasi pihak ketiga. Pengujian performa algoritma dilakukan dengan mengukur waktu eksekusi dan penggunaan memori. Protokol jaringan bertugas mengatur komunikasi data antar perangkat agar berjalan lancar. Cloud computing provides scalable resources over the internet for modern applications.
53,Sedang,840,"[933472] Data science combines statistical analysis, machine learning, and domain expertise to solve problems. Artificial intelligence models require structured training datasets to improve accuracy. The quick brown fox jumps over the lazy dog to test typography and rendering speeds. The quick brown fox jumps over the lazy dog to test typography and rendering speeds."
53,Sedang,841,[552344] Cloud computing provides scalable resources over the internet for modern applications. Artificial intelligence models require structured training datasets to improve accuracy. Implementasi fungsi hash membantu menjaga integritas data dari manipulasi pihak ketiga. Keamanan informasi menjadi pilar utama dalam pengembangan aplikasi berbasis web saat ini.
53,Sedang,842,[201914] Kombinasi antara metode simetris dan asimetris menghasilkan sistem keamanan yang hibrida. Protokol jaringan bertugas mengatur komunikasi data antar perangkat agar berjalan lancar. Optimasi kode pemrograman dapat meningkatkan kecepatan pemrosesan data secara signifikan. Protokol jaringan bertugas mengatur komunikasi data antar perangkat agar berjalan lancar.
53,Sedang,843,[216940] Kombinasi antara metode simetris dan asimetris menghasilkan sistem keamanan yang hibrida. Proses enkripsi mengubah plaintext menjadi ciphertext menggunakan kunci rahasia tertentu. Kombinasi antara metode simetris dan asimetris menghasilkan sistem keamanan yang hibrida. Implementasi fungsi hash membantu menjaga integritas data dari manipulasi pihak ketiga.
53,Sedang,844,"[720767] Data science combines statistical analysis, machine learning, and domain expertise to solve problems. The quick brown fox jumps over the lazy dog to test typography and rendering speeds. Proses enkripsi mengubah plaintext menjadi ciphertext menggunakan kunci rahasia tertentu. Pengujian performa algoritma dilakukan dengan mengukur waktu eksekusi dan penggunaan memori."
53,Sedang,845,"[227242] Protokol jaringan bertugas mengatur komunikasi data antar perangkat agar berjalan lancar. Data science combines statistical analysis, machine learning, and domain expertise to solve problems. Software engineering principles emphasize clean code, documentation, and thorough testing. Implementasi fungsi hash membantu menjaga integritas data dari manipulasi pihak ketiga."
53,Sedang,846,[659285] Artificial intelligence models require structured training datasets to improve accuracy. Keamanan informasi menjadi pilar utama dalam pengembangan aplikasi berbasis web saat ini. Implementasi fungsi hash membantu menjaga integritas data dari manipulasi pihak ketiga. Proses enkripsi mengubah plaintext menjadi ciphertext menggunakan kunci rahasia tertentu.
53,Sedang,847,[524302] Proses enkripsi mengubah plaintext menjadi ciphertext menggunakan kunci rahasia tertentu. Implementasi fungsi hash membantu menjaga integritas data dari manipulasi pihak ketiga. Pengujian performa algoritma dilakukan dengan mengukur waktu eksekusi dan penggunaan memori. Implementasi fungsi hash membantu menjaga integritas data dari manipulasi pihak ketiga.
53,Sedang,848,"[834378] Keamanan informasi menjadi pilar utama dalam pengembangan aplikasi berbasis web saat ini. The quick brown fox jumps over the lazy dog to test typography and rendering speeds. Optimasi kode pemrograman dapat meningkatkan kecepatan pemrosesan data secara signifikan. Software engineering principles emphasize clean code, documentation, and thorough testing."
53,Sedang,849,[596945] Mahasiswa wajib memastikan variasi ukuran file dan isi data tidak boleh ada yang identik. Artificial intelligence models require structured training datasets to improve accuracy. Analisis data skala besar memerlukan infrastruktur komputasi yang kuat dan efisien. Optimasi kode pemrograman dapat meningkatkan kecepatan pemrosesan data secara signifikan.
53,Sedang,850,[979713] Sistem kriptografi ini digunakan untuk mengamankan data sensitif dari akses yang tidak sah. Cloud computing provides scalable resources over the internet for modern applications. Cloud computing provides scalable resources over the internet for modern applications. Pengujian performa algoritma dilakukan dengan mengukur waktu eksekusi dan penggunaan memori.
53,Sedang,851,[987651] Mahasiswa wajib memastikan variasi ukuran file dan isi data tidak boleh ada yang identik. The quick brown fox jumps over the lazy dog to test typography and rendering speeds. Cloud computing provides scalable resources over the internet for modern applications. Keamanan informasi menjadi pilar utama dalam pengembangan aplikasi berbasis web saat ini.
53,Sedang,852,[796471] Kombinasi antara metode simetris dan asimetris menghasilkan sistem keamanan yang hibrida. The quick brown fox jumps over the lazy dog to test typography and rendering speeds. Artificial intelligence models require structured training datasets to improve accuracy. Optimasi kode pemrograman dapat meningkatkan kecepatan pemrosesan data secara signifikan.
53,Sedang,853,"[869712] Data science combines statistical analysis, machine learning, and domain expertise to solve problems. Analisis data skala besar memerlukan infrastruktur komputasi yang kuat dan efisien. Protokol jaringan bertugas mengatur komunikasi data antar perangkat agar berjalan lancar. Implementasi fungsi hash membantu menjaga integritas data dari manipulasi pihak ketiga."
53,Sedang,854,"[435771] Sistem kriptografi ini digunakan untuk mengamankan data sensitif dari akses yang tidak sah. Kombinasi antara metode simetris dan asimetris menghasilkan sistem keamanan yang hibrida. Software engineering principles emphasize clean code, documentation, and thorough testing. Data science combines statistical analysis, machine learning, and domain expertise to solve problems."
53,Sedang,855,[585914] Protokol jaringan bertugas mengatur komunikasi data antar perangkat agar berjalan lancar. Analisis data skala besar memerlukan infrastruktur komputasi yang kuat dan efisien. Mahasiswa wajib memastikan variasi ukuran file dan isi data tidak boleh ada yang identik. Mahasiswa wajib memastikan variasi ukuran file dan isi data tidak boleh ada yang identik.
53,Sedang,856,"[551212] Optimasi kode pemrograman dapat meningkatkan kecepatan pemrosesan data secara signifikan. Pengujian performa algoritma dilakukan dengan mengukur waktu eksekusi dan penggunaan memori. Cloud computing provides scalable resources over the internet for modern applications. Software engineering principles emphasize clean code, documentation, and thorough testing."
53,Sedang,857,"[111647] Data science combines statistical analysis, machine learning, and domain expertise to solve problems. Proses enkripsi mengubah plaintext menjadi ciphertext menggunakan kunci rahasia tertentu. Proses enkripsi mengubah plaintext menjadi ciphertext menggunakan kunci rahasia tertentu. Software engineering principles emphasize clean code, documentation, and thorough testing."
53,Sedang,858,[646290] Mahasiswa wajib memastikan variasi ukuran file dan isi data tidak boleh ada yang identik. Implementasi fungsi hash membantu menjaga integritas data dari manipulasi pihak ketiga. Mahasiswa wajib memastikan variasi ukuran file dan isi data tidak boleh ada yang identik. Keamanan informasi menjadi pilar utama dalam pengembangan aplikasi berbasis web saat ini.
53,Sedang,859,[725073] Cloud computing provides scalable resources over the internet for modern applications. Sistem kriptografi ini digunakan untuk mengamankan data sensitif dari akses yang tidak sah. Protokol jaringan bertugas mengatur komunikasi data antar perangkat agar berjalan lancar. Implementasi fungsi hash membantu menjaga integritas data dari manipulasi pihak ketiga.
53,Sedang,860,"[673302] Kombinasi antara metode simetris dan asimetris menghasilkan sistem keamanan yang hibrida. Software engineering principles emphasize clean code, documentation, and thorough testing. Keamanan informasi menjadi pilar utama dalam pengembangan aplikasi berbasis web saat ini. Sistem kriptografi ini digunakan untuk mengamankan data sensitif dari akses yang tidak sah."
53,Sedang,861,"[659515] Software engineering principles emphasize clean code, documentation, and thorough testing. Optimasi kode pemrograman dapat meningkatkan kecepatan pemrosesan data secara signifikan. Sistem kriptografi ini digunakan untuk mengamankan data sensitif dari akses yang tidak sah. Keamanan informasi menjadi pilar utama dalam pengembangan aplikasi berbasis web saat ini."
53,Sedang,862,[857035] Cloud computing provides scalable resources over the internet for modern applications. The quick brown fox jumps over the lazy dog to test typography and rendering speeds. Protokol jaringan bertugas mengatur komunikasi data antar perangkat agar berjalan lancar. Analisis data skala besar memerlukan infrastruktur komputasi yang kuat dan efisien.
53,Sedang,863,"[153013] Software engineering principles emphasize clean code, documentation, and thorough testing. Protokol jaringan bertugas mengatur komunikasi data antar perangkat agar berjalan lancar. The quick brown fox jumps over the lazy dog to test typography and rendering speeds. Pengujian performa algoritma dilakukan dengan mengukur waktu eksekusi dan penggunaan memori."
53,Sedang,864,"[277693] Data science combines statistical analysis, machine learning, and domain expertise to solve problems. Software engineering principles emphasize clean code, documentation, and thorough testing. Data science combines statistical analysis, machine learning, and domain expertise to solve problems. Data science combines statistical analysis, machine learning, and domain expertise to solve problems."
53,Sedang,865,[841323] Keamanan informasi menjadi pilar utama dalam pengembangan aplikasi berbasis web saat ini. Cloud computing provides scalable resources over the internet for modern applications. Analisis data skala besar memerlukan infrastruktur komputasi yang kuat dan efisien. Analisis data skala besar memerlukan infrastruktur komputasi yang kuat dan efisien.
53,Sedang,866,"[985681] Protokol jaringan bertugas mengatur komunikasi data antar perangkat agar berjalan lancar. Software engineering principles emphasize clean code, documentation, and thorough testing. Analisis data skala besar memerlukan infrastruktur komputasi yang kuat dan efisien. Kombinasi antara metode simetris dan asimetris menghasilkan sistem keamanan yang hibrida."
53,Sedang,867,[270947] The quick brown fox jumps over the lazy dog to test typography and rendering speeds. Sistem kriptografi ini digunakan untuk mengamankan data sensitif dari akses yang tidak sah. Proses enkripsi mengubah plaintext menjadi ciphertext menggunakan kunci rahasia tertentu. Keamanan informasi menjadi pilar utama dalam pengembangan aplikasi berbasis web saat ini.
53,Sedang,868,"[969477] Proses enkripsi mengubah plaintext menjadi ciphertext menggunakan kunci rahasia tertentu. Data science combines statistical analysis, machine learning, and domain expertise to solve problems. Artificial intelligence models require structured training datasets to improve accuracy. The quick brown fox jumps over the lazy dog to test typography and rendering speeds."
53,Sedang,869,[354251] Keamanan informasi menjadi pilar utama dalam pengembangan aplikasi berbasis web saat ini. Kombinasi antara metode simetris dan asimetris menghasilkan sistem keamanan yang hibrida. Keamanan informasi menjadi pilar utama dalam pengembangan aplikasi berbasis web saat ini. Cloud computing provides scalable resources over the internet for modern applications.
53,Sedang,870,"[379393] Optimasi kode pemrograman dapat meningkatkan kecepatan pemrosesan data secara signifikan. Software engineering principles emphasize clean code, documentation, and thorough testing. Protokol jaringan bertugas mengatur komunikasi data antar perangkat agar berjalan lancar. Analisis data skala besar memerlukan infrastruktur komputasi yang kuat dan efisien."
53,Sedang,871,"[614281] Optimasi kode pemrograman dapat meningkatkan kecepatan pemrosesan data secara signifikan. Analisis data skala besar memerlukan infrastruktur komputasi yang kuat dan efisien. Pengujian performa algoritma dilakukan dengan mengukur waktu eksekusi dan penggunaan memori. Data science combines statistical analysis, machine learning, and domain expertise to solve problems."
53,Sedang,872,[256150] Mahasiswa wajib memastikan variasi ukuran file dan isi data tidak boleh ada yang identik. Protokol jaringan bertugas mengatur komunikasi data antar perangkat agar berjalan lancar. Kombinasi antara metode simetris dan asimetris menghasilkan sistem keamanan yang hibrida. Keamanan informasi menjadi pilar utama dalam pengembangan aplikasi berbasis web saat ini.
53,Sedang,873,[368978] Pengujian performa algoritma dilakukan dengan mengukur waktu eksekusi dan penggunaan memori. Analisis data skala besar memerlukan infrastruktur komputasi yang kuat dan efisien. Sistem kriptografi ini digunakan untuk mengamankan data sensitif dari akses yang tidak sah. Sistem kriptografi ini digunakan untuk mengamankan data sensitif dari akses yang tidak sah.
53,Sedang,874,[656964] Analisis data skala besar memerlukan infrastruktur komputasi yang kuat dan efisien. Artificial intelligence models require structured training datasets to improve accuracy. The quick brown fox jumps over the lazy dog to test typography and rendering speeds. Protokol jaringan bertugas mengatur komunikasi data antar perangkat agar berjalan lancar.
53,Sedang,875,"[910218] Data science combines statistical analysis, machine learning, and domain expertise to solve problems. The quick brown fox jumps over the lazy dog to test typography and rendering speeds. Implementasi fungsi hash membantu menjaga integritas data dari manipulasi pihak ketiga. Data science combines statistical analysis, machine learning, and domain expertise to solve problems."
53,Sedang,876,"[732803] Proses enkripsi mengubah plaintext menjadi ciphertext menggunakan kunci rahasia tertentu. Protokol jaringan bertugas mengatur komunikasi data antar perangkat agar berjalan lancar. Software engineering principles emphasize clean code, documentation, and thorough testing. Artificial intelligence models require structured training datasets to improve accuracy."
53,Sedang,877,[547966] Keamanan informasi menjadi pilar utama dalam pengembangan aplikasi berbasis web saat ini. Optimasi kode pemrograman dapat meningkatkan kecepatan pemrosesan data secara signifikan. Implementasi fungsi hash membantu menjaga integritas data dari manipulasi pihak ketiga. Mahasiswa wajib memastikan variasi ukuran file dan isi data tidak boleh ada yang identik.
53,Sedang,878,[917397] Protokol jaringan bertugas mengatur komunikasi data antar perangkat agar berjalan lancar. The quick brown fox jumps over the lazy dog to test typography and rendering speeds. Keamanan informasi menjadi pilar utama dalam pengembangan aplikasi berbasis web saat ini. Optimasi kode pemrograman dapat meningkatkan kecepatan pemrosesan data secara signifikan.
53,Sedang,879,"[218883] Pengujian performa algoritma dilakukan dengan mengukur waktu eksekusi dan penggunaan memori. Optimasi kode pemrograman dapat meningkatkan kecepatan pemrosesan data secara signifikan. Mahasiswa wajib memastikan variasi ukuran file dan isi data tidak boleh ada yang identik. Software engineering principles emphasize clean code, documentation, and thorough testing."
53,Sedang,880,"[695617] Data science combines statistical analysis, machine learning, and domain expertise to solve problems. The quick brown fox jumps over the lazy dog to test typography and rendering speeds. Proses enkripsi mengubah plaintext menjadi ciphertext menggunakan kunci rahasia tertentu. Analisis data skala besar memerlukan infrastruktur komputasi yang kuat dan efisien."
53,Sedang,881,"[375587] Proses enkripsi mengubah plaintext menjadi ciphertext menggunakan kunci rahasia tertentu. Software engineering principles emphasize clean code, documentation, and thorough testing. Pengujian performa algoritma dilakukan dengan mengukur waktu eksekusi dan penggunaan memori. Analisis data skala besar memerlukan infrastruktur komputasi yang kuat dan efisien."
53,Sedang,882,[182884] Sistem kriptografi ini digunakan untuk mengamankan data sensitif dari akses yang tidak sah. Analisis data skala besar memerlukan infrastruktur komputasi yang kuat dan efisien. Pengujian performa algoritma dilakukan dengan mengukur waktu eksekusi dan penggunaan memori. Keamanan informasi menjadi pilar utama dalam pengembangan aplikasi berbasis web saat ini.
53,Sedang,883,"[580937] Protokol jaringan bertugas mengatur komunikasi data antar perangkat agar berjalan lancar. Mahasiswa wajib memastikan variasi ukuran file dan isi data tidak boleh ada yang identik. Data science combines statistical analysis, machine learning, and domain expertise to solve problems. Data science combines statistical analysis, machine learning, and domain expertise to solve problems."
53,Sedang,884,"[498132] Data science combines statistical analysis, machine learning, and domain expertise to solve problems. Kombinasi antara metode simetris dan asimetris menghasilkan sistem keamanan yang hibrida. Keamanan informasi menjadi pilar utama dalam pengembangan aplikasi berbasis web saat ini. Data science combines statistical analysis, machine learning, and domain expertise to solve problems."
53,Sedang,885,[738352] Cloud computing provides scalable resources over the internet for modern applications. Optimasi kode pemrograman dapat meningkatkan kecepatan pemrosesan data secara signifikan. Analisis data skala besar memerlukan infrastruktur komputasi yang kuat dan efisien. Analisis data skala besar memerlukan infrastruktur komputasi yang kuat dan efisien.
53,Sedang,886,[479321] Analisis data skala besar memerlukan infrastruktur komputasi yang kuat dan efisien. Artificial intelligence models require structured training datasets to improve accuracy. Kombinasi antara metode simetris dan asimetris menghasilkan sistem keamanan yang hibrida. Mahasiswa wajib memastikan variasi ukuran file dan isi data tidak boleh ada yang identik.
53,Sedang,887,[701434] Implementasi fungsi hash membantu menjaga integritas data dari manipulasi pihak ketiga. Mahasiswa wajib memastikan variasi ukuran file dan isi data tidak boleh ada yang identik. Cloud computing provides scalable resources over the internet for modern applications. Implementasi fungsi hash membantu menjaga integritas data dari manipulasi pihak ketiga.
53,Sedang,888,"[342960] Software engineering principles emphasize clean code, documentation, and thorough testing. Data science combines statistical analysis, machine learning, and domain expertise to solve problems. Proses enkripsi mengubah plaintext menjadi ciphertext menggunakan kunci rahasia tertentu. Implementasi fungsi hash membantu menjaga integritas data dari manipulasi pihak ketiga."
53,Sedang,889,[991752] Optimasi kode pemrograman dapat meningkatkan kecepatan pemrosesan data secara signifikan. Cloud computing provides scalable resources over the internet for modern applications. Implementasi fungsi hash membantu menjaga integritas data dari manipulasi pihak ketiga. Analisis data skala besar memerlukan infrastruktur komputasi yang kuat dan efisien.
53,Sedang,890,[601123] Keamanan informasi menjadi pilar utama dalam pengembangan aplikasi berbasis web saat ini. The quick brown fox jumps over the lazy dog to test typography and rendering speeds. Optimasi kode pemrograman dapat meningkatkan kecepatan pemrosesan data secara signifikan. Optimasi kode pemrograman dapat meningkatkan kecepatan pemrosesan data secara signifikan.
53,Sedang,891,[737824] Optimasi kode pemrograman dapat meningkatkan kecepatan pemrosesan data secara signifikan. Implementasi fungsi hash membantu menjaga integritas data dari manipulasi pihak ketiga. Sistem kriptografi ini digunakan untuk mengamankan data sensitif dari akses yang tidak sah. Protokol jaringan bertugas mengatur komunikasi data antar perangkat agar berjalan lancar.
53,Sedang,892,[974026] Sistem kriptografi ini digunakan untuk mengamankan data sensitif dari akses yang tidak sah. Sistem kriptografi ini digunakan untuk mengamankan data sensitif dari akses yang tidak sah. Protokol jaringan bertugas mengatur komunikasi data antar perangkat agar berjalan lancar. Proses enkripsi mengubah plaintext menjadi ciphertext menggunakan kunci rahasia tertentu.
53,Sedang,893,[931334] Artificial intelligence models require structured training datasets to improve accuracy. Analisis data skala besar memerlukan infrastruktur komputasi yang kuat dan efisien. Artificial intelligence models require structured training datasets to improve accuracy. Keamanan informasi menjadi pilar utama dalam pengembangan aplikasi berbasis web saat ini.
53,Sedang,894,"[828281] Keamanan informasi menjadi pilar utama dalam pengembangan aplikasi berbasis web saat ini. The quick brown fox jumps over the lazy dog to test typography and rendering speeds. Data science combines statistical analysis, machine learning, and domain expertise to solve problems. Pengujian performa algoritma dilakukan dengan mengukur waktu eksekusi dan penggunaan memori."
53,Sedang,895,[222684] Proses enkripsi mengubah plaintext menjadi ciphertext menggunakan kunci rahasia tertentu. Keamanan informasi menjadi pilar utama dalam pengembangan aplikasi berbasis web saat ini. Protokol jaringan bertugas mengatur komunikasi data antar perangkat agar berjalan lancar. Pengujian performa algoritma dilakukan dengan mengukur waktu eksekusi dan penggunaan memori.
53,Sedang,896,"[310217] Implementasi fungsi hash membantu menjaga integritas data dari manipulasi pihak ketiga. Data science combines statistical analysis, machine learning, and domain expertise to solve problems. Kombinasi antara metode simetris dan asimetris menghasilkan sistem keamanan yang hibrida. Analisis data skala besar memerlukan infrastruktur komputasi yang kuat dan efisien."
53,Sedang,897,"[311702] Data science combines statistical analysis, machine learning, and domain expertise to solve problems. Kombinasi antara metode simetris dan asimetris menghasilkan sistem keamanan yang hibrida. Software engineering principles emphasize clean code, documentation, and thorough testing. Kombinasi antara metode simetris dan asimetris menghasilkan sistem keamanan yang hibrida."
53,Sedang,898,[306004] Analisis data skala besar memerlukan infrastruktur komputasi yang kuat dan efisien. Protokol jaringan bertugas mengatur komunikasi data antar perangkat agar berjalan lancar. Optimasi kode pemrograman dapat meningkatkan kecepatan pemrosesan data secara signifikan. Keamanan informasi menjadi pilar utama dalam pengembangan aplikasi berbasis web saat ini.
53,Sedang,899,[912516] Analisis data skala besar memerlukan infrastruktur komputasi yang kuat dan efisien. The quick brown fox jumps over the lazy dog to test typography and rendering speeds. Protokol jaringan bertugas mengatur komunikasi data antar perangkat agar berjalan lancar. Optimasi kode pemrograman dapat meningkatkan kecepatan pemrosesan data secara signifikan.
53,Sedang,900,"[687152] Keamanan informasi menjadi pilar utama dalam pengembangan aplikasi berbasis web saat ini. Protokol jaringan bertugas mengatur komunikasi data antar perangkat agar berjalan lancar. Software engineering principles emphasize clean code, documentation, and thorough testing. Kombinasi antara metode simetris dan asimetris menghasilkan sistem keamanan yang hibrida."
53,Sedang,901,[217373] Implementasi fungsi hash membantu menjaga integritas data dari manipulasi pihak ketiga. Cloud computing provides scalable resources over the internet for modern applications. Analisis data skala besar memerlukan infrastruktur komputasi yang kuat dan efisien. Proses enkripsi mengubah plaintext menjadi ciphertext menggunakan kunci rahasia tertentu.
53,Sedang,902,"[402147] Cloud computing provides scalable resources over the internet for modern applications. Cloud computing provides scalable resources over the internet for modern applications. Analisis data skala besar memerlukan infrastruktur komputasi yang kuat dan efisien. Software engineering principles emphasize clean code, documentation, and thorough testing."
53,Sedang,903,[629361] Analisis data skala besar memerlukan infrastruktur komputasi yang kuat dan efisien. Proses enkripsi mengubah plaintext menjadi ciphertext menggunakan kunci rahasia tertentu. Optimasi kode pemrograman dapat meningkatkan kecepatan pemrosesan data secara signifikan. Implementasi fungsi hash membantu menjaga integritas data dari manipulasi pihak ketiga.
53,Sedang,904,[658961] Implementasi fungsi hash membantu menjaga integritas data dari manipulasi pihak ketiga. Analisis data skala besar memerlukan infrastruktur komputasi yang kuat dan efisien. Optimasi kode pemrograman dapat meningkatkan kecepatan pemrosesan data secara signifikan. Optimasi kode pemrograman dapat meningkatkan kecepatan pemrosesan data secara signifikan.
53,Sedang,905,[747046] Cloud computing provides scalable resources over the internet for modern applications. Analisis data skala besar memerlukan infrastruktur komputasi yang kuat dan efisien. Kombinasi antara metode simetris dan asimetris menghasilkan sistem keamanan yang hibrida. Optimasi kode pemrograman dapat meningkatkan kecepatan pemrosesan data secara signifikan.
53,Sedang,906,[974215] Analisis data skala besar memerlukan infrastruktur komputasi yang kuat dan efisien. The quick brown fox jumps over the lazy dog to test typography and rendering speeds. Artificial intelligence models require structured training datasets to improve accuracy. Analisis data skala besar memerlukan infrastruktur komputasi yang kuat dan efisien.
53,Sedang,907,"[672782] Data science combines statistical analysis, machine learning, and domain expertise to solve problems. Software engineering principles emphasize clean code, documentation, and thorough testing. The quick brown fox jumps over the lazy dog to test typography and rendering speeds. Data science combines statistical analysis, machine learning, and domain expertise to solve problems."
53,Sedang,908,"[475933] Cloud computing provides scalable resources over the internet for modern applications. Software engineering principles emphasize clean code, documentation, and thorough testing. Keamanan informasi menjadi pilar utama dalam pengembangan aplikasi berbasis web saat ini. Mahasiswa wajib memastikan variasi ukuran file dan isi data tidak boleh ada yang identik."
53,Sedang,909,[799069] Protokol jaringan bertugas mengatur komunikasi data antar perangkat agar berjalan lancar. Proses enkripsi mengubah plaintext menjadi ciphertext menggunakan kunci rahasia tertentu. Kombinasi antara metode simetris dan asimetris menghasilkan sistem keamanan yang hibrida. Implementasi fungsi hash membantu menjaga integritas data dari manipulasi pihak ketiga.
53,Sedang,910,[502174] Artificial intelligence models require structured training datasets to improve accuracy. Mahasiswa wajib memastikan variasi ukuran file dan isi data tidak boleh ada yang identik. Pengujian performa algoritma dilakukan dengan mengukur waktu eksekusi dan penggunaan memori. Proses enkripsi mengubah plaintext menjadi ciphertext menggunakan kunci rahasia tertentu.
53,Sedang,911,[172767] Kombinasi antara metode simetris dan asimetris menghasilkan sistem keamanan yang hibrida. Artificial intelligence models require structured training datasets to improve accuracy. Optimasi kode pemrograman dapat meningkatkan kecepatan pemrosesan data secara signifikan. Proses enkripsi mengubah plaintext menjadi ciphertext menggunakan kunci rahasia tertentu.
53,Sedang,912,[996411] Proses enkripsi mengubah plaintext menjadi ciphertext menggunakan kunci rahasia tertentu. Pengujian performa algoritma dilakukan dengan mengukur waktu eksekusi dan penggunaan memori. Analisis data skala besar memerlukan infrastruktur komputasi yang kuat dan efisien. Proses enkripsi mengubah plaintext menjadi ciphertext menggunakan kunci rahasia tertentu.
53,Sedang,913,[949153] Sistem kriptografi ini digunakan untuk mengamankan data sensitif dari akses yang tidak sah. Mahasiswa wajib memastikan variasi ukuran file dan isi data tidak boleh ada yang identik. Implementasi fungsi hash membantu menjaga integritas data dari manipulasi pihak ketiga. Artificial intelligence models require structured training datasets to improve accuracy.
53,Sedang,914,"[332037] Cloud computing provides scalable resources over the internet for modern applications. Data science combines statistical analysis, machine learning, and domain expertise to solve problems. The quick brown fox jumps over the lazy dog to test typography and rendering speeds. Implementasi fungsi hash membantu menjaga integritas data dari manipulasi pihak ketiga."
53,Sedang,915,"[451091] Artificial intelligence models require structured training datasets to improve accuracy. Proses enkripsi mengubah plaintext menjadi ciphertext menggunakan kunci rahasia tertentu. Software engineering principles emphasize clean code, documentation, and thorough testing. Implementasi fungsi hash membantu menjaga integritas data dari manipulasi pihak ketiga."
53,Sedang,916,[522387] Analisis data skala besar memerlukan infrastruktur komputasi yang kuat dan efisien. Cloud computing provides scalable resources over the internet for modern applications. Optimasi kode pemrograman dapat meningkatkan kecepatan pemrosesan data secara signifikan. Protokol jaringan bertugas mengatur komunikasi data antar perangkat agar berjalan lancar.
53,Sedang,917,"[701870] Analisis data skala besar memerlukan infrastruktur komputasi yang kuat dan efisien. Software engineering principles emphasize clean code, documentation, and thorough testing. Keamanan informasi menjadi pilar utama dalam pengembangan aplikasi berbasis web saat ini. Artificial intelligence models require structured training datasets to improve accuracy."
53,Sedang,918,[200905] Analisis data skala besar memerlukan infrastruktur komputasi yang kuat dan efisien. The quick brown fox jumps over the lazy dog to test typography and rendering speeds. The quick brown fox jumps over the lazy dog to test typography and rendering speeds. Kombinasi antara metode simetris dan asimetris menghasilkan sistem keamanan yang hibrida.
53,Sedang,919,"[816212] Optimasi kode pemrograman dapat meningkatkan kecepatan pemrosesan data secara signifikan. Software engineering principles emphasize clean code, documentation, and thorough testing. Analisis data skala besar memerlukan infrastruktur komputasi yang kuat dan efisien. Proses enkripsi mengubah plaintext menjadi ciphertext menggunakan kunci rahasia tertentu."
53,Sedang,920,"[677889] Data science combines statistical analysis, machine learning, and domain expertise to solve problems. Pengujian performa algoritma dilakukan dengan mengukur waktu eksekusi dan penggunaan memori. Protokol jaringan bertugas mengatur komunikasi data antar perangkat agar berjalan lancar. Protokol jaringan bertugas mengatur komunikasi data antar perangkat agar berjalan lancar."
53,Sedang,921,[109733] Keamanan informasi menjadi pilar utama dalam pengembangan aplikasi berbasis web saat ini. The quick brown fox jumps over the lazy dog to test typography and rendering speeds. Pengujian performa algoritma dilakukan dengan mengukur waktu eksekusi dan penggunaan memori. Optimasi kode pemrograman dapat meningkatkan kecepatan pemrosesan data secara signifikan.
53,Sedang,922,[516543] Pengujian performa algoritma dilakukan dengan mengukur waktu eksekusi dan penggunaan memori. Protokol jaringan bertugas mengatur komunikasi data antar perangkat agar berjalan lancar. Implementasi fungsi hash membantu menjaga integritas data dari manipulasi pihak ketiga. Optimasi kode pemrograman dapat meningkatkan kecepatan pemrosesan data secara signifikan.
53,Sedang,923,"[771257] Protokol jaringan bertugas mengatur komunikasi data antar perangkat agar berjalan lancar. Artificial intelligence models require structured training datasets to improve accuracy. The quick brown fox jumps over the lazy dog to test typography and rendering speeds. Software engineering principles emphasize clean code, documentation, and thorough testing."
53,Sedang,924,[704919] Implementasi fungsi hash membantu menjaga integritas data dari manipulasi pihak ketiga. Optimasi kode pemrograman dapat meningkatkan kecepatan pemrosesan data secara signifikan. Optimasi kode pemrograman dapat meningkatkan kecepatan pemrosesan data secara signifikan. Mahasiswa wajib memastikan variasi ukuran file dan isi data tidak boleh ada yang identik.
53,Sedang,925,[654786] Proses enkripsi mengubah plaintext menjadi ciphertext menggunakan kunci rahasia tertentu. Pengujian performa algoritma dilakukan dengan mengukur waktu eksekusi dan penggunaan memori. Pengujian performa algoritma dilakukan dengan mengukur waktu eksekusi dan penggunaan memori. Artificial intelligence models require structured training datasets to improve accuracy.
53,Sedang,926,[413653] Kombinasi antara metode simetris dan asimetris menghasilkan sistem keamanan yang hibrida. Kombinasi antara metode simetris dan asimetris menghasilkan sistem keamanan yang hibrida. Artificial intelligence models require structured training datasets to improve accuracy. Mahasiswa wajib memastikan variasi ukuran file dan isi data tidak boleh ada yang identik.
53,Sedang,927,[364872] Mahasiswa wajib memastikan variasi ukuran file dan isi data tidak boleh ada yang identik. Implementasi fungsi hash membantu menjaga integritas data dari manipulasi pihak ketiga. Keamanan informasi menjadi pilar utama dalam pengembangan aplikasi berbasis web saat ini. Mahasiswa wajib memastikan variasi ukuran file dan isi data tidak boleh ada yang identik.
53,Sedang,928,"[924519] Kombinasi antara metode simetris dan asimetris menghasilkan sistem keamanan yang hibrida. Keamanan informasi menjadi pilar utama dalam pengembangan aplikasi berbasis web saat ini. Software engineering principles emphasize clean code, documentation, and thorough testing. Optimasi kode pemrograman dapat meningkatkan kecepatan pemrosesan data secara signifikan."
53,Sedang,929,"[424010] Proses enkripsi mengubah plaintext menjadi ciphertext menggunakan kunci rahasia tertentu. Data science combines statistical analysis, machine learning, and domain expertise to solve problems. Cloud computing provides scalable resources over the internet for modern applications. Sistem kriptografi ini digunakan untuk mengamankan data sensitif dari akses yang tidak sah."
53,Sedang,930,[913804] Protokol jaringan bertugas mengatur komunikasi data antar perangkat agar berjalan lancar. Implementasi fungsi hash membantu menjaga integritas data dari manipulasi pihak ketiga. Kombinasi antara metode simetris dan asimetris menghasilkan sistem keamanan yang hibrida. Optimasi kode pemrograman dapat meningkatkan kecepatan pemrosesan data secara signifikan.
53,Sedang,931,[441222] Analisis data skala besar memerlukan infrastruktur komputasi yang kuat dan efisien. Mahasiswa wajib memastikan variasi ukuran file dan isi data tidak boleh ada yang identik. Pengujian performa algoritma dilakukan dengan mengukur waktu eksekusi dan penggunaan memori. Analisis data skala besar memerlukan infrastruktur komputasi yang kuat dan efisien.
53,Sedang,932,[164418] Pengujian performa algoritma dilakukan dengan mengukur waktu eksekusi dan penggunaan memori. Analisis data skala besar memerlukan infrastruktur komputasi yang kuat dan efisien. Proses enkripsi mengubah plaintext menjadi ciphertext menggunakan kunci rahasia tertentu. Pengujian performa algoritma dilakukan dengan mengukur waktu eksekusi dan penggunaan memori.
53,Sedang,933,[564222] Optimasi kode pemrograman dapat meningkatkan kecepatan pemrosesan data secara signifikan. Kombinasi antara metode simetris dan asimetris menghasilkan sistem keamanan yang hibrida. Pengujian performa algoritma dilakukan dengan mengukur waktu eksekusi dan penggunaan memori. Keamanan informasi menjadi pilar utama dalam pengembangan aplikasi berbasis web saat ini.
53,Sedang,934,"[480690] The quick brown fox jumps over the lazy dog to test typography and rendering speeds. Proses enkripsi mengubah plaintext menjadi ciphertext menggunakan kunci rahasia tertentu. Software engineering principles emphasize clean code, documentation, and thorough testing. Analisis data skala besar memerlukan infrastruktur komputasi yang kuat dan efisien."
53,Sedang,935,[621565] Sistem kriptografi ini digunakan untuk mengamankan data sensitif dari akses yang tidak sah. Keamanan informasi menjadi pilar utama dalam pengembangan aplikasi berbasis web saat ini. Proses enkripsi mengubah plaintext menjadi ciphertext menggunakan kunci rahasia tertentu. Analisis data skala besar memerlukan infrastruktur komputasi yang kuat dan efisien.
53,Sedang,936,[827427] Analisis data skala besar memerlukan infrastruktur komputasi yang kuat dan efisien. Optimasi kode pemrograman dapat meningkatkan kecepatan pemrosesan data secara signifikan. Optimasi kode pemrograman dapat meningkatkan kecepatan pemrosesan data secara signifikan. Optimasi kode pemrograman dapat meningkatkan kecepatan pemrosesan data secara signifikan.
53,Sedang,937,"[403684] Data science combines statistical analysis, machine learning, and domain expertise to solve problems. Analisis data skala besar memerlukan infrastruktur komputasi yang kuat dan efisien. Optimasi kode pemrograman dapat meningkatkan kecepatan pemrosesan data secara signifikan. Data science combines statistical analysis, machine learning, and domain expertise to solve problems."
53,Sedang,938,[739216] Proses enkripsi mengubah plaintext menjadi ciphertext menggunakan kunci rahasia tertentu. Artificial intelligence models require structured training datasets to improve accuracy. Implementasi fungsi hash membantu menjaga integritas data dari manipulasi pihak ketiga. Keamanan informasi menjadi pilar utama dalam pengembangan aplikasi berbasis web saat ini.
53,Sedang,939,[659986] Mahasiswa wajib memastikan variasi ukuran file dan isi data tidak boleh ada yang identik. Kombinasi antara metode simetris dan asimetris menghasilkan sistem keamanan yang hibrida. Cloud computing provides scalable resources over the internet for modern applications. Pengujian performa algoritma dilakukan dengan mengukur waktu eksekusi dan penggunaan memori.
53,Sedang,940,"[942880] Software engineering principles emphasize clean code, documentation, and thorough testing. Analisis data skala besar memerlukan infrastruktur komputasi yang kuat dan efisien. Proses enkripsi mengubah plaintext menjadi ciphertext menggunakan kunci rahasia tertentu. Proses enkripsi mengubah plaintext menjadi ciphertext menggunakan kunci rahasia tertentu."
53,Sedang,941,"[368201] Keamanan informasi menjadi pilar utama dalam pengembangan aplikasi berbasis web saat ini. Proses enkripsi mengubah plaintext menjadi ciphertext menggunakan kunci rahasia tertentu. Software engineering principles emphasize clean code, documentation, and thorough testing. Sistem kriptografi ini digunakan untuk mengamankan data sensitif dari akses yang tidak sah."
53,Sedang,942,"[170126] Artificial intelligence models require structured training datasets to improve accuracy. Software engineering principles emphasize clean code, documentation, and thorough testing. Cloud computing provides scalable resources over the internet for modern applications. Artificial intelligence models require structured training datasets to improve accuracy."
53,Sedang,943,"[405919] Software engineering principles emphasize clean code, documentation, and thorough testing. Sistem kriptografi ini digunakan untuk mengamankan data sensitif dari akses yang tidak sah. Optimasi kode pemrograman dapat meningkatkan kecepatan pemrosesan data secara signifikan. Sistem kriptografi ini digunakan untuk mengamankan data sensitif dari akses yang tidak sah."
53,Sedang,944,[953734] Optimasi kode pemrograman dapat meningkatkan kecepatan pemrosesan data secara signifikan. Optimasi kode pemrograman dapat meningkatkan kecepatan pemrosesan data secara signifikan. The quick brown fox jumps over the lazy dog to test typography and rendering speeds. Sistem kriptografi ini digunakan untuk mengamankan data sensitif dari akses yang tidak sah.
53,Sedang,945,[112720] Artificial intelligence models require structured training datasets to improve accuracy. The quick brown fox jumps over the lazy dog to test typography and rendering speeds. Pengujian performa algoritma dilakukan dengan mengukur waktu eksekusi dan penggunaan memori. Pengujian performa algoritma dilakukan dengan mengukur waktu eksekusi dan penggunaan memori.
53,Sedang,946,[223935] The quick brown fox jumps over the lazy dog to test typography and rendering speeds. Artificial intelligence models require structured training datasets to improve accuracy. Artificial intelligence models require structured training datasets to improve accuracy. Sistem kriptografi ini digunakan untuk mengamankan data sensitif dari akses yang tidak sah.
53,Sedang,947,[335612] Analisis data skala besar memerlukan infrastruktur komputasi yang kuat dan efisien. Artificial intelligence models require structured training datasets to improve accuracy. Proses enkripsi mengubah plaintext menjadi ciphertext menggunakan kunci rahasia tertentu. Kombinasi antara metode simetris dan asimetris menghasilkan sistem keamanan yang hibrida.
53,Sedang,948,[127173] Artificial intelligence models require structured training datasets to improve accuracy. Analisis data skala besar memerlukan infrastruktur komputasi yang kuat dan efisien. Mahasiswa wajib memastikan variasi ukuran file dan isi data tidak boleh ada yang identik. Proses enkripsi mengubah plaintext menjadi ciphertext menggunakan kunci rahasia tertentu.
53,Sedang,949,"[209308] Implementasi fungsi hash membantu menjaga integritas data dari manipulasi pihak ketiga. Protokol jaringan bertugas mengatur komunikasi data antar perangkat agar berjalan lancar. Software engineering principles emphasize clean code, documentation, and thorough testing. Proses enkripsi mengubah plaintext menjadi ciphertext menggunakan kunci rahasia tertentu."
53,Sedang,950,[899003] Pengujian performa algoritma dilakukan dengan mengukur waktu eksekusi dan penggunaan memori. Sistem kriptografi ini digunakan untuk mengamankan data sensitif dari akses yang tidak sah. Pengujian performa algoritma dilakukan dengan mengukur waktu eksekusi dan penggunaan memori. Pengujian performa algoritma dilakukan dengan mengukur waktu eksekusi dan penggunaan memori.
53,Sedang,951,[170775] Mahasiswa wajib memastikan variasi ukuran file dan isi data tidak boleh ada yang identik. The quick brown fox jumps over the lazy dog to test typography and rendering speeds. Proses enkripsi mengubah plaintext menjadi ciphertext menggunakan kunci rahasia tertentu. Sistem kriptografi ini digunakan untuk mengamankan data sensitif dari akses yang tidak sah.
53,Sedang,952,[357044] Kombinasi antara metode simetris dan asimetris menghasilkan sistem keamanan yang hibrida. Optimasi kode pemrograman dapat meningkatkan kecepatan pemrosesan data secara signifikan. Mahasiswa wajib memastikan variasi ukuran file dan isi data tidak boleh ada yang identik. Kombinasi antara metode simetris dan asimetris menghasilkan sistem keamanan yang hibrida.
53,Sedang,953,[612704] Optimasi kode pemrograman dapat meningkatkan kecepatan pemrosesan data secara signifikan. Analisis data skala besar memerlukan infrastruktur komputasi yang kuat dan efisien. Mahasiswa wajib memastikan variasi ukuran file dan isi data tidak boleh ada yang identik. Keamanan informasi menjadi pilar utama dalam pengembangan aplikasi berbasis web saat ini.
53,Sedang,954,[712087] Pengujian performa algoritma dilakukan dengan mengukur waktu eksekusi dan penggunaan memori. Kombinasi antara metode simetris dan asimetris menghasilkan sistem keamanan yang hibrida. Optimasi kode pemrograman dapat meningkatkan kecepatan pemrosesan data secara signifikan. Sistem kriptografi ini digunakan untuk mengamankan data sensitif dari akses yang tidak sah.
53,Sedang,955,"[532670] Software engineering principles emphasize clean code, documentation, and thorough testing. Implementasi fungsi hash membantu menjaga integritas data dari manipulasi pihak ketiga. Kombinasi antara metode simetris dan asimetris menghasilkan sistem keamanan yang hibrida. Kombinasi antara metode simetris dan asimetris menghasilkan sistem keamanan yang hibrida."
53,Sedang,956,"[534158] Artificial intelligence models require structured training datasets to improve accuracy. Kombinasi antara metode simetris dan asimetris menghasilkan sistem keamanan yang hibrida. Software engineering principles emphasize clean code, documentation, and thorough testing. Software engineering principles emphasize clean code, documentation, and thorough testing."
53,Sedang,957,[159831] Kombinasi antara metode simetris dan asimetris menghasilkan sistem keamanan yang hibrida. The quick brown fox jumps over the lazy dog to test typography and rendering speeds. Pengujian performa algoritma dilakukan dengan mengukur waktu eksekusi dan penggunaan memori. Analisis data skala besar memerlukan infrastruktur komputasi yang kuat dan efisien.
53,Sedang,958,[835905] Protokol jaringan bertugas mengatur komunikasi data antar perangkat agar berjalan lancar. Mahasiswa wajib memastikan variasi ukuran file dan isi data tidak boleh ada yang identik. Artificial intelligence models require structured training datasets to improve accuracy. Mahasiswa wajib memastikan variasi ukuran file dan isi data tidak boleh ada yang identik.
53,Sedang,959,"[870276] Software engineering principles emphasize clean code, documentation, and thorough testing. Artificial intelligence models require structured training datasets to improve accuracy. Optimasi kode pemrograman dapat meningkatkan kecepatan pemrosesan data secara signifikan. Keamanan informasi menjadi pilar utama dalam pengembangan aplikasi berbasis web saat ini."
53,Sedang,960,[848112] Pengujian performa algoritma dilakukan dengan mengukur waktu eksekusi dan penggunaan memori. Kombinasi antara metode simetris dan asimetris menghasilkan sistem keamanan yang hibrida. The quick brown fox jumps over the lazy dog to test typography and rendering speeds. Mahasiswa wajib memastikan variasi ukuran file dan isi data tidak boleh ada yang identik.
53,Sedang,961,"[169909] Software engineering principles emphasize clean code, documentation, and thorough testing. Sistem kriptografi ini digunakan untuk mengamankan data sensitif dari akses yang tidak sah. Analisis data skala besar memerlukan infrastruktur komputasi yang kuat dan efisien. Sistem kriptografi ini digunakan untuk mengamankan data sensitif dari akses yang tidak sah."
53,Sedang,962,"[994518] The quick brown fox jumps over the lazy dog to test typography and rendering speeds. Mahasiswa wajib memastikan variasi ukuran file dan isi data tidak boleh ada yang identik. Software engineering principles emphasize clean code, documentation, and thorough testing. Sistem kriptografi ini digunakan untuk mengamankan data sensitif dari akses yang tidak sah."
53,Sedang,963,"[479267] Data science combines statistical analysis, machine learning, and domain expertise to solve problems. Proses enkripsi mengubah plaintext menjadi ciphertext menggunakan kunci rahasia tertentu. Sistem kriptografi ini digunakan untuk mengamankan data sensitif dari akses yang tidak sah. Implementasi fungsi hash membantu menjaga integritas data dari manipulasi pihak ketiga."
53,Sedang,964,"[845826] Artificial intelligence models require structured training datasets to improve accuracy. The quick brown fox jumps over the lazy dog to test typography and rendering speeds. Artificial intelligence models require structured training datasets to improve accuracy. Data science combines statistical analysis, machine learning, and domain expertise to solve problems."
53,Sedang,965,"[686572] Data science combines statistical analysis, machine learning, and domain expertise to solve problems. Kombinasi antara metode simetris dan asimetris menghasilkan sistem keamanan yang hibrida. Software engineering principles emphasize clean code, documentation, and thorough testing. Data science combines statistical analysis, machine learning, and domain expertise to solve problems."
53,Sedang,966,"[345703] Data science combines statistical analysis, machine learning, and domain expertise to solve problems. Sistem kriptografi ini digunakan untuk mengamankan data sensitif dari akses yang tidak sah. Optimasi kode pemrograman dapat meningkatkan kecepatan pemrosesan data secara signifikan. Mahasiswa wajib memastikan variasi ukuran file dan isi data tidak boleh ada yang identik."
53,Sedang,967,[189254] Proses enkripsi mengubah plaintext menjadi ciphertext menggunakan kunci rahasia tertentu. Protokol jaringan bertugas mengatur komunikasi data antar perangkat agar berjalan lancar. Protokol jaringan bertugas mengatur komunikasi data antar perangkat agar berjalan lancar. Keamanan informasi menjadi pilar utama dalam pengembangan aplikasi berbasis web saat ini.
53,Sedang,968,[931394] Sistem kriptografi ini digunakan untuk mengamankan data sensitif dari akses yang tidak sah. Artificial intelligence models require structured training datasets to improve accuracy. Mahasiswa wajib memastikan variasi ukuran file dan isi data tidak boleh ada yang identik. Pengujian performa algoritma dilakukan dengan mengukur waktu eksekusi dan penggunaan memori.
53,Sedang,969,"[791722] Sistem kriptografi ini digunakan untuk mengamankan data sensitif dari akses yang tidak sah. Analisis data skala besar memerlukan infrastruktur komputasi yang kuat dan efisien. Data science combines statistical analysis, machine learning, and domain expertise to solve problems. Pengujian performa algoritma dilakukan dengan mengukur waktu eksekusi dan penggunaan memori."
53,Sedang,970,[124683] Mahasiswa wajib memastikan variasi ukuran file dan isi data tidak boleh ada yang identik. Implementasi fungsi hash membantu menjaga integritas data dari manipulasi pihak ketiga. Protokol jaringan bertugas mengatur komunikasi data antar perangkat agar berjalan lancar. Implementasi fungsi hash membantu menjaga integritas data dari manipulasi pihak ketiga.
53,Sedang,971,[734133] Mahasiswa wajib memastikan variasi ukuran file dan isi data tidak boleh ada yang identik. Keamanan informasi menjadi pilar utama dalam pengembangan aplikasi berbasis web saat ini. Cloud computing provides scalable resources over the internet for modern applications. Kombinasi antara metode simetris dan asimetris menghasilkan sistem keamanan yang hibrida.
53,Sedang,972,[113827] Keamanan informasi menjadi pilar utama dalam pengembangan aplikasi berbasis web saat ini. Analisis data skala besar memerlukan infrastruktur komputasi yang kuat dan efisien. Protokol jaringan bertugas mengatur komunikasi data antar perangkat agar berjalan lancar. The quick brown fox jumps over the lazy dog to test typography and rendering speeds.
53,Sedang,973,[773629] Artificial intelligence models require structured training datasets to improve accuracy. The quick brown fox jumps over the lazy dog to test typography and rendering speeds. Kombinasi antara metode simetris dan asimetris menghasilkan sistem keamanan yang hibrida. Kombinasi antara metode simetris dan asimetris menghasilkan sistem keamanan yang hibrida.
53,Sedang,974,"[761881] Data science combines statistical analysis, machine learning, and domain expertise to solve problems. Protokol jaringan bertugas mengatur komunikasi data antar perangkat agar berjalan lancar. Kombinasi antara metode simetris dan asimetris menghasilkan sistem keamanan yang hibrida. Implementasi fungsi hash membantu menjaga integritas data dari manipulasi pihak ketiga."
53,Sedang,975,"[388910] Software engineering principles emphasize clean code, documentation, and thorough testing. Sistem kriptografi ini digunakan untuk mengamankan data sensitif dari akses yang tidak sah. Pengujian performa algoritma dilakukan dengan mengukur waktu eksekusi dan penggunaan memori. Kombinasi antara metode simetris dan asimetris menghasilkan sistem keamanan yang hibrida."
53,Sedang,976,[309924] Analisis data skala besar memerlukan infrastruktur komputasi yang kuat dan efisien. Implementasi fungsi hash membantu menjaga integritas data dari manipulasi pihak ketiga. Pengujian performa algoritma dilakukan dengan mengukur waktu eksekusi dan penggunaan memori. Sistem kriptografi ini digunakan untuk mengamankan data sensitif dari akses yang tidak sah.
53,Sedang,977,[198297] Protokol jaringan bertugas mengatur komunikasi data antar perangkat agar berjalan lancar. Keamanan informasi menjadi pilar utama dalam pengembangan aplikasi berbasis web saat ini. Sistem kriptografi ini digunakan untuk mengamankan data sensitif dari akses yang tidak sah. Mahasiswa wajib memastikan variasi ukuran file dan isi data tidak boleh ada yang identik.
53,Sedang,978,[895232] Cloud computing provides scalable resources over the internet for modern applications. Keamanan informasi menjadi pilar utama dalam pengembangan aplikasi berbasis web saat ini. The quick brown fox jumps over the lazy dog to test typography and rendering speeds. Analisis data skala besar memerlukan infrastruktur komputasi yang kuat dan efisien.
53,Sedang,979,[251388] Artificial intelligence models require structured training datasets to improve accuracy. Mahasiswa wajib memastikan variasi ukuran file dan isi data tidak boleh ada yang identik. Keamanan informasi menjadi pilar utama dalam pengembangan aplikasi berbasis web saat ini. Sistem kriptografi ini digunakan untuk mengamankan data sensitif dari akses yang tidak sah.
53,Sedang,980,"[718135] Analisis data skala besar memerlukan infrastruktur komputasi yang kuat dan efisien. Keamanan informasi menjadi pilar utama dalam pengembangan aplikasi berbasis web saat ini. Protokol jaringan bertugas mengatur komunikasi data antar perangkat agar berjalan lancar. Software engineering principles emphasize clean code, documentation, and thorough testing."
53,Sedang,981,"[140512] Optimasi kode pemrograman dapat meningkatkan kecepatan pemrosesan data secara signifikan. Software engineering principles emphasize clean code, documentation, and thorough testing. Data science combines statistical analysis, machine learning, and domain expertise to solve problems. Proses enkripsi mengubah plaintext menjadi ciphertext menggunakan kunci rahasia tertentu."
53,Sedang,982,[856104] Proses enkripsi mengubah plaintext menjadi ciphertext menggunakan kunci rahasia tertentu. Proses enkripsi mengubah plaintext menjadi ciphertext menggunakan kunci rahasia tertentu. Sistem kriptografi ini digunakan untuk mengamankan data sensitif dari akses yang tidak sah. Mahasiswa wajib memastikan variasi ukuran file dan isi data tidak boleh ada yang identik.
53,Sedang,983,[946125] Artificial intelligence models require structured training datasets to improve accuracy. Cloud computing provides scalable resources over the internet for modern applications. Keamanan informasi menjadi pilar utama dalam pengembangan aplikasi berbasis web saat ini. Proses enkripsi mengubah plaintext menjadi ciphertext menggunakan kunci rahasia tertentu.
53,Sedang,984,[771615] Cloud computing provides scalable resources over the internet for modern applications. Implementasi fungsi hash membantu menjaga integritas data dari manipulasi pihak ketiga. The quick brown fox jumps over the lazy dog to test typography and rendering speeds. Optimasi kode pemrograman dapat meningkatkan kecepatan pemrosesan data secara signifikan.
53,Sedang,985,[108037] Mahasiswa wajib memastikan variasi ukuran file dan isi data tidak boleh ada yang identik. Implementasi fungsi hash membantu menjaga integritas data dari manipulasi pihak ketiga. Kombinasi antara metode simetris dan asimetris menghasilkan sistem keamanan yang hibrida. Sistem kriptografi ini digunakan untuk mengamankan data sensitif dari akses yang tidak sah.
53,Sedang,986,[334197] Kombinasi antara metode simetris dan asimetris menghasilkan sistem keamanan yang hibrida. Kombinasi antara metode simetris dan asimetris menghasilkan sistem keamanan yang hibrida. Pengujian performa algoritma dilakukan dengan mengukur waktu eksekusi dan penggunaan memori. Protokol jaringan bertugas mengatur komunikasi data antar perangkat agar berjalan lancar.
53,Sedang,987,[453419] Keamanan informasi menjadi pilar utama dalam pengembangan aplikasi berbasis web saat ini. The quick brown fox jumps over the lazy dog to test typography and rendering speeds. Implementasi fungsi hash membantu menjaga integritas data dari manipulasi pihak ketiga. Proses enkripsi mengubah plaintext menjadi ciphertext menggunakan kunci rahasia tertentu.
53,Sedang,988,"[753988] The quick brown fox jumps over the lazy dog to test typography and rendering speeds. Implementasi fungsi hash membantu menjaga integritas data dari manipulasi pihak ketiga. Data science combines statistical analysis, machine learning, and domain expertise to solve problems. Pengujian performa algoritma dilakukan dengan mengukur waktu eksekusi dan penggunaan memori."
53,Sedang,989,"[570231] Software engineering principles emphasize clean code, documentation, and thorough testing. Artificial intelligence models require structured training datasets to improve accuracy. Pengujian performa algoritma dilakukan dengan mengukur waktu eksekusi dan penggunaan memori. Proses enkripsi mengubah plaintext menjadi ciphertext menggunakan kunci rahasia tertentu."
53,Sedang,990,"[167773] Proses enkripsi mengubah plaintext menjadi ciphertext menggunakan kunci rahasia tertentu. Sistem kriptografi ini digunakan untuk mengamankan data sensitif dari akses yang tidak sah. Data science combines statistical analysis, machine learning, and domain expertise to solve problems. Sistem kriptografi ini digunakan untuk mengamankan data sensitif dari akses yang tidak sah."
53,Sedang,991,[743571] Kombinasi antara metode simetris dan asimetris menghasilkan sistem keamanan yang hibrida. Proses enkripsi mengubah plaintext menjadi ciphertext menggunakan kunci rahasia tertentu. Protokol jaringan bertugas mengatur komunikasi data antar perangkat agar berjalan lancar. Sistem kriptografi ini digunakan untuk mengamankan data sensitif dari akses yang tidak sah.
53,Sedang,992,[922322] The quick brown fox jumps over the lazy dog to test typography and rendering speeds. Sistem kriptografi ini digunakan untuk mengamankan data sensitif dari akses yang tidak sah. Keamanan informasi menjadi pilar utama dalam pengembangan aplikasi berbasis web saat ini. Pengujian performa algoritma dilakukan dengan mengukur waktu eksekusi dan penggunaan memori.
53,Sedang,993,[194643] Analisis data skala besar memerlukan infrastruktur komputasi yang kuat dan efisien. Proses enkripsi mengubah plaintext menjadi ciphertext menggunakan kunci rahasia tertentu. The quick brown fox jumps over the lazy dog to test typography and rendering speeds. Artificial intelligence models require structured training datasets to improve accuracy.
53,Sedang,994,[823139] Analisis data skala besar memerlukan infrastruktur komputasi yang kuat dan efisien. Pengujian performa algoritma dilakukan dengan mengukur waktu eksekusi dan penggunaan memori. Proses enkripsi mengubah plaintext menjadi ciphertext menggunakan kunci rahasia tertentu. The quick brown fox jumps over the lazy dog to test typography and rendering speeds.
53,Sedang,995,"[860910] Mahasiswa wajib memastikan variasi ukuran file dan isi data tidak boleh ada yang identik. Mahasiswa wajib memastikan variasi ukuran file dan isi data tidak boleh ada yang identik. Data science combines statistical analysis, machine learning, and domain expertise to solve problems. Pengujian performa algoritma dilakukan dengan mengukur waktu eksekusi dan penggunaan memori."
53,Sedang,996,[940275] Cloud computing provides scalable resources over the internet for modern applications. The quick brown fox jumps over the lazy dog to test typography and rendering speeds. Sistem kriptografi ini digunakan untuk mengamankan data sensitif dari akses yang tidak sah. Kombinasi antara metode simetris dan asimetris menghasilkan sistem keamanan yang hibrida.
53,Sedang,997,"[704138] Proses enkripsi mengubah plaintext menjadi ciphertext menggunakan kunci rahasia tertentu. Artificial intelligence models require structured training datasets to improve accuracy. The quick brown fox jumps over the lazy dog to test typography and rendering speeds. Data science combines statistical analysis, machine learning, and domain expertise to solve problems."
53,Sedang,998,[432884] Protokol jaringan bertugas mengatur komunikasi data antar perangkat agar berjalan lancar. Pengujian performa algoritma dilakukan dengan mengukur waktu eksekusi dan penggunaan memori. Optimasi kode pemrograman dapat meningkatkan kecepatan pemrosesan data secara signifikan. Cloud computing provides scalable resources over the internet for modern applications.
53,Sedang,999,[746701] Proses enkripsi mengubah plaintext menjadi ciphertext menggunakan kunci rahasia tertentu. Sistem kriptografi ini digunakan untuk mengamankan data sensitif dari akses yang tidak sah. The quick brown fox jumps over the lazy dog to test typography and rendering speeds. Protokol jaringan bertugas mengatur komunikasi data antar perangkat agar berjalan lancar.
53,Sedang,1000,"[469445] Cloud computing provides scalable resources over the internet for modern applications. Data science combines statistical analysis, machine learning, and domain expertise to solve problems. Proses enkripsi mengubah plaintext menjadi ciphertext menggunakan kunci rahasia tertentu. Kombinasi antara metode simetris dan asimetris menghasilkan sistem keamanan yang hibrida."
53,Sedang,1001,"[960957] Cloud computing provides scalable resources over the internet for modern applications. Software engineering principles emphasize clean code, documentation, and thorough testing. Proses enkripsi mengubah plaintext menjadi ciphertext menggunakan kunci rahasia tertentu. Mahasiswa wajib memastikan variasi ukuran file dan isi data tidak boleh ada yang identik."
53,Sedang,1002,[565454] Optimasi kode pemrograman dapat meningkatkan kecepatan pemrosesan data secara signifikan. Implementasi fungsi hash membantu menjaga integritas data dari manipulasi pihak ketiga. Kombinasi antara metode simetris dan asimetris menghasilkan sistem keamanan yang hibrida. Analisis data skala besar memerlukan infrastruktur komputasi yang kuat dan efisien.
53,Sedang,1003,"[682976] Proses enkripsi mengubah plaintext menjadi ciphertext menggunakan kunci rahasia tertentu. Software engineering principles emphasize clean code, documentation, and thorough testing. Implementasi fungsi hash membantu menjaga integritas data dari manipulasi pihak ketiga. Artificial intelligence models require structured training datasets to improve accuracy."
53,Sedang,1004,"[935508] Analisis data skala besar memerlukan infrastruktur komputasi yang kuat dan efisien. Sistem kriptografi ini digunakan untuk mengamankan data sensitif dari akses yang tidak sah. Software engineering principles emphasize clean code, documentation, and thorough testing. Kombinasi antara metode simetris dan asimetris menghasilkan sistem keamanan yang hibrida."
53,Sedang,1005,"[573102] Sistem kriptografi ini digunakan untuk mengamankan data sensitif dari akses yang tidak sah. Cloud computing provides scalable resources over the internet for modern applications. Data science combines statistical analysis, machine learning, and domain expertise to solve problems. Analisis data skala besar memerlukan infrastruktur komputasi yang kuat dan efisien."
53,Sedang,1006,"[834457] Keamanan informasi menjadi pilar utama dalam pengembangan aplikasi berbasis web saat ini. Data science combines statistical analysis, machine learning, and domain expertise to solve problems. Sistem kriptografi ini digunakan untuk mengamankan data sensitif dari akses yang tidak sah. Pengujian performa algoritma dilakukan dengan mengukur waktu eksekusi dan penggunaan memori."
53,Sedang,1007,[426264] Kombinasi antara metode simetris dan asimetris menghasilkan sistem keamanan yang hibrida. Keamanan informasi menjadi pilar utama dalam pengembangan aplikasi berbasis web saat ini. Pengujian performa algoritma dilakukan dengan mengukur waktu eksekusi dan penggunaan memori. The quick brown fox jumps over the lazy dog to test typography and rendering speeds.
53,Sedang,1008,[986342] Cloud computing provides scalable resources over the internet for modern applications. Artificial intelligence models require structured training datasets to improve accuracy. Keamanan informasi menjadi pilar utama dalam pengembangan aplikasi berbasis web saat ini. Mahasiswa wajib memastikan variasi ukuran file dan isi data tidak boleh ada yang identik.
53,Sedang,1009,"[319146] Sistem kriptografi ini digunakan untuk mengamankan data sensitif dari akses yang tidak sah. Protokol jaringan bertugas mengatur komunikasi data antar perangkat agar berjalan lancar. Analisis data skala besar memerlukan infrastruktur komputasi yang kuat dan efisien. Software engineering principles emphasize clean code, documentation, and thorough testing."
53,Sedang,1010,"[188158] Protokol jaringan bertugas mengatur komunikasi data antar perangkat agar berjalan lancar. Artificial intelligence models require structured training datasets to improve accuracy. Mahasiswa wajib memastikan variasi ukuran file dan isi data tidak boleh ada yang identik. Data science combines statistical analysis, machine learning, and domain expertise to solve problems."
53,Sedang,1011,[749345] Sistem kriptografi ini digunakan untuk mengamankan data sensitif dari akses yang tidak sah. Sistem kriptografi ini digunakan untuk mengamankan data sensitif dari akses yang tidak sah. Artificial intelligence models require structured training datasets to improve accuracy. Pengujian performa algoritma dilakukan dengan mengukur waktu eksekusi dan penggunaan memori.
53,Sedang,1012,[735807] Protokol jaringan bertugas mengatur komunikasi data antar perangkat agar berjalan lancar. The quick brown fox jumps over the lazy dog to test typography and rendering speeds. Kombinasi antara metode simetris dan asimetris menghasilkan sistem keamanan yang hibrida. Proses enkripsi mengubah plaintext menjadi ciphertext menggunakan kunci rahasia tertentu.
53,Sedang,1013,[477135] Artificial intelligence models require structured training datasets to improve accuracy. Artificial intelligence models require structured training datasets to improve accuracy. Proses enkripsi mengubah plaintext menjadi ciphertext menggunakan kunci rahasia tertentu. Implementasi fungsi hash membantu menjaga integritas data dari manipulasi pihak ketiga.
53,Sedang,1014,[189477] The quick brown fox jumps over the lazy dog to test typography and rendering speeds. Analisis data skala besar memerlukan infrastruktur komputasi yang kuat dan efisien. Implementasi fungsi hash membantu menjaga integritas data dari manipulasi pihak ketiga. The quick brown fox jumps over the lazy dog to test typography and rendering speeds.
53,Sedang,1015,[798999] Cloud computing provides scalable resources over the internet for modern applications. Implementasi fungsi hash membantu menjaga integritas data dari manipulasi pihak ketiga. Proses enkripsi mengubah plaintext menjadi ciphertext menggunakan kunci rahasia tertentu. Implementasi fungsi hash membantu menjaga integritas data dari manipulasi pihak ketiga.
53,Sedang,1016,[891074] Optimasi kode pemrograman dapat meningkatkan kecepatan pemrosesan data secara signifikan. Implementasi fungsi hash membantu menjaga integritas data dari manipulasi pihak ketiga. Kombinasi antara metode simetris dan asimetris menghasilkan sistem keamanan yang hibrida. Protokol jaringan bertugas mengatur komunikasi data antar perangkat agar berjalan lancar.
53,Sedang,1017,[587543] Implementasi fungsi hash membantu menjaga integritas data dari manipulasi pihak ketiga. Protokol jaringan bertugas mengatur komunikasi data antar perangkat agar berjalan lancar. Kombinasi antara metode simetris dan asimetris menghasilkan sistem keamanan yang hibrida. Artificial intelligence models require structured training datasets to improve accuracy.
53,Sedang,1018,"[424896] Proses enkripsi mengubah plaintext menjadi ciphertext menggunakan kunci rahasia tertentu. Data science combines statistical analysis, machine learning, and domain expertise to solve problems. Sistem kriptografi ini digunakan untuk mengamankan data sensitif dari akses yang tidak sah. Software engineering principles emphasize clean code, documentation, and thorough testing."
53,Sedang,1019,[801302] Implementasi fungsi hash membantu menjaga integritas data dari manipulasi pihak ketiga. Sistem kriptografi ini digunakan untuk mengamankan data sensitif dari akses yang tidak sah. Protokol jaringan bertugas mengatur komunikasi data antar perangkat agar berjalan lancar. Kombinasi antara metode simetris dan asimetris menghasilkan sistem keamanan yang hibrida.
53,Sedang,1020,"[787493] Implementasi fungsi hash membantu menjaga integritas data dari manipulasi pihak ketiga. Mahasiswa wajib memastikan variasi ukuran file dan isi data tidak boleh ada yang identik. Proses enkripsi mengubah plaintext menjadi ciphertext menggunakan kunci rahasia tertentu. Software engineering principles emphasize clean code, documentation, and thorough testing."
53,Sedang,1021,"[959800] The quick brown fox jumps over the lazy dog to test typography and rendering speeds. Pengujian performa algoritma dilakukan dengan mengukur waktu eksekusi dan penggunaan memori. Software engineering principles emphasize clean code, documentation, and thorough testing. Kombinasi antara metode simetris dan asimetris menghasilkan sistem keamanan yang hibrida."
53,Sedang,1022,[570493] Mahasiswa wajib memastikan variasi ukuran file dan isi data tidak boleh ada yang identik. The quick brown fox jumps over the lazy dog to test typography and rendering speeds. Protokol jaringan bertugas mengatur komunikasi data antar perangkat agar berjalan lancar. Optimasi kode pemrograman dapat meningkatkan kecepatan pemrosesan data secara signifikan.
53,Sedang,1023,[982449] Proses enkripsi mengubah plaintext menjadi ciphertext menggunakan kunci rahasia tertentu. Keamanan informasi menjadi pilar utama dalam pengembangan aplikasi berbasis web saat ini. Artificial intelligence models require structured training datasets to improve accuracy. Keamanan informasi menjadi pilar utama dalam pengembangan aplikasi berbasis web saat ini.
53,Sedang,1024,[413596] Pengujian performa algoritma dilakukan dengan mengukur waktu eksekusi dan penggunaan memori. Optimasi kode pemrograman dapat meningkatkan kecepatan pemrosesan data secara signifikan. Protokol jaringan bertugas mengatur komunikasi data antar perangkat agar berjalan lancar. Pengujian performa algoritma dilakukan dengan mengukur waktu eksekusi dan penggunaan memori.
53,Sedang,1025,"[613819] Artificial intelligence models require structured training datasets to improve accuracy. Kombinasi antara metode simetris dan asimetris menghasilkan sistem keamanan yang hibrida. Kombinasi antara metode simetris dan asimetris menghasilkan sistem keamanan yang hibrida. Software engineering principles emphasize clean code, documentation, and thorough testing."
53,Sedang,1026,"[446072] Keamanan informasi menjadi pilar utama dalam pengembangan aplikasi berbasis web saat ini. Software engineering principles emphasize clean code, documentation, and thorough testing. Cloud computing provides scalable resources over the internet for modern applications. Protokol jaringan bertugas mengatur komunikasi data antar perangkat agar berjalan lancar."
53,Sedang,1027,[282545] Sistem kriptografi ini digunakan untuk mengamankan data sensitif dari akses yang tidak sah. Proses enkripsi mengubah plaintext menjadi ciphertext menggunakan kunci rahasia tertentu. Cloud computing provides scalable resources over the internet for modern applications. Sistem kriptografi ini digunakan untuk mengamankan data sensitif dari akses yang tidak sah.
53,Sedang,1028,[945932] Cloud computing provides scalable resources over the internet for modern applications. Proses enkripsi mengubah plaintext menjadi ciphertext menggunakan kunci rahasia tertentu. The quick brown fox jumps over the lazy dog to test typography and rendering speeds. Kombinasi antara metode simetris dan asimetris menghasilkan sistem keamanan yang hibrida.
53,Sedang,1029,"[355468] Protokol jaringan bertugas mengatur komunikasi data antar perangkat agar berjalan lancar. Optimasi kode pemrograman dapat meningkatkan kecepatan pemrosesan data secara signifikan. Data science combines statistical analysis, machine learning, and domain expertise to solve problems. Mahasiswa wajib memastikan variasi ukuran file dan isi data tidak boleh ada yang identik."
53,Sedang,1030,[377015] Proses enkripsi mengubah plaintext menjadi ciphertext menggunakan kunci rahasia tertentu. Protokol jaringan bertugas mengatur komunikasi data antar perangkat agar berjalan lancar. Artificial intelligence models require structured training datasets to improve accuracy. Keamanan informasi menjadi pilar utama dalam pengembangan aplikasi berbasis web saat ini.
53,Sedang,1031,[875731] Cloud computing provides scalable resources over the internet for modern applications. The quick brown fox jumps over the lazy dog to test typography and rendering speeds. Analisis data skala besar memerlukan infrastruktur komputasi yang kuat dan efisien. Keamanan informasi menjadi pilar utama dalam pengembangan aplikasi berbasis web saat ini.
53,Sedang,1032,"[883862] Data science combines statistical analysis, machine learning, and domain expertise to solve problems. Optimasi kode pemrograman dapat meningkatkan kecepatan pemrosesan data secara signifikan. Implementasi fungsi hash membantu menjaga integritas data dari manipulasi pihak ketiga. Artificial intelligence models require structured training datasets to improve accuracy."
53,Sedang,1033,[203699] Keamanan informasi menjadi pilar utama dalam pengembangan aplikasi berbasis web saat ini. Keamanan informasi menjadi pilar utama dalam pengembangan aplikasi berbasis web saat ini. Protokol jaringan bertugas mengatur komunikasi data antar perangkat agar berjalan lancar. The quick brown fox jumps over the lazy dog to test typography and rendering speeds.
53,Sedang,1034,"[357445] Data science combines statistical analysis, machine learning, and domain expertise to solve problems. Sistem kriptografi ini digunakan untuk mengamankan data sensitif dari akses yang tidak sah. Sistem kriptografi ini digunakan untuk mengamankan data sensitif dari akses yang tidak sah. The quick brown fox jumps over the lazy dog to test typography and rendering speeds."
53,Sedang,1035,[348817] Analisis data skala besar memerlukan infrastruktur komputasi yang kuat dan efisien. Proses enkripsi mengubah plaintext menjadi ciphertext menggunakan kunci rahasia tertentu. Artificial intelligence models require structured training datasets to improve accuracy. Cloud computing provides scalable resources over the internet for modern applications.
53,Sedang,1036,"[109893] Proses enkripsi mengubah plaintext menjadi ciphertext menggunakan kunci rahasia tertentu. Protokol jaringan bertugas mengatur komunikasi data antar perangkat agar berjalan lancar. The quick brown fox jumps over the lazy dog to test typography and rendering speeds. Data science combines statistical analysis, machine learning, and domain expertise to solve problems."
53,Sedang,1037,[200092] Artificial intelligence models require structured training datasets to improve accuracy. Protokol jaringan bertugas mengatur komunikasi data antar perangkat agar berjalan lancar. Kombinasi antara metode simetris dan asimetris menghasilkan sistem keamanan yang hibrida. Mahasiswa wajib memastikan variasi ukuran file dan isi data tidak boleh ada yang identik.
53,Sedang,1038,[717304] The quick brown fox jumps over the lazy dog to test typography and rendering speeds. Mahasiswa wajib memastikan variasi ukuran file dan isi data tidak boleh ada yang identik. Proses enkripsi mengubah plaintext menjadi ciphertext menggunakan kunci rahasia tertentu. Artificial intelligence models require structured training datasets to improve accuracy.
53,Sedang,1039,"[892021] Kombinasi antara metode simetris dan asimetris menghasilkan sistem keamanan yang hibrida. Data science combines statistical analysis, machine learning, and domain expertise to solve problems. Analisis data skala besar memerlukan infrastruktur komputasi yang kuat dan efisien. Cloud computing provides scalable resources over the internet for modern applications."
53,Sedang,1040,"[767148] Protokol jaringan bertugas mengatur komunikasi data antar perangkat agar berjalan lancar. Sistem kriptografi ini digunakan untuk mengamankan data sensitif dari akses yang tidak sah. Kombinasi antara metode simetris dan asimetris menghasilkan sistem keamanan yang hibrida. Software engineering principles emphasize clean code, documentation, and thorough testing."
53,Sedang,1041,[756127] Mahasiswa wajib memastikan variasi ukuran file dan isi data tidak boleh ada yang identik. Cloud computing provides scalable resources over the internet for modern applications. Sistem kriptografi ini digunakan untuk mengamankan data sensitif dari akses yang tidak sah. Sistem kriptografi ini digunakan untuk mengamankan data sensitif dari akses yang tidak sah.
53,Sedang,1042,"[467611] Software engineering principles emphasize clean code, documentation, and thorough testing. Artificial intelligence models require structured training datasets to improve accuracy. Sistem kriptografi ini digunakan untuk mengamankan data sensitif dari akses yang tidak sah. Analisis data skala besar memerlukan infrastruktur komputasi yang kuat dan efisien."
53,Sedang,1043,[289395] Protokol jaringan bertugas mengatur komunikasi data antar perangkat agar berjalan lancar. Keamanan informasi menjadi pilar utama dalam pengembangan aplikasi berbasis web saat ini. Mahasiswa wajib memastikan variasi ukuran file dan isi data tidak boleh ada yang identik. Proses enkripsi mengubah plaintext menjadi ciphertext menggunakan kunci rahasia tertentu.
53,Sedang,1044,"[302465] Optimasi kode pemrograman dapat meningkatkan kecepatan pemrosesan data secara signifikan. Analisis data skala besar memerlukan infrastruktur komputasi yang kuat dan efisien. Data science combines statistical analysis, machine learning, and domain expertise to solve problems. Optimasi kode pemrograman dapat meningkatkan kecepatan pemrosesan data secara signifikan."
53,Sedang,1045,[796799] Implementasi fungsi hash membantu menjaga integritas data dari manipulasi pihak ketiga. Cloud computing provides scalable resources over the internet for modern applications. Artificial intelligence models require structured training datasets to improve accuracy. Sistem kriptografi ini digunakan untuk mengamankan data sensitif dari akses yang tidak sah.
53,Sedang,1046,"[411199] Keamanan informasi menjadi pilar utama dalam pengembangan aplikasi berbasis web saat ini. The quick brown fox jumps over the lazy dog to test typography and rendering speeds. Data science combines statistical analysis, machine learning, and domain expertise to solve problems. Analisis data skala besar memerlukan infrastruktur komputasi yang kuat dan efisien."
53,Sedang,1047,[560073] Proses enkripsi mengubah plaintext menjadi ciphertext menggunakan kunci rahasia tertentu. Keamanan informasi menjadi pilar utama dalam pengembangan aplikasi berbasis web saat ini. Cloud computing provides scalable resources over the internet for modern applications. Pengujian performa algoritma dilakukan dengan mengukur waktu eksekusi dan penggunaan memori.
53,Sedang,1048,[258447] Cloud computing provides scalable resources over the internet for modern applications. Proses enkripsi mengubah plaintext menjadi ciphertext menggunakan kunci rahasia tertentu. Proses enkripsi mengubah plaintext menjadi ciphertext menggunakan kunci rahasia tertentu. Kombinasi antara metode simetris dan asimetris menghasilkan sistem keamanan yang hibrida.
53,Sedang,1049,"[201583] Optimasi kode pemrograman dapat meningkatkan kecepatan pemrosesan data secara signifikan. Implementasi fungsi hash membantu menjaga integritas data dari manipulasi pihak ketiga. Data science combines statistical analysis, machine learning, and domain expertise to solve problems. Keamanan informasi menjadi pilar utama dalam pengembangan aplikasi berbasis web saat ini."
53,Sedang,1050,[137893] Analisis data skala besar memerlukan infrastruktur komputasi yang kuat dan efisien. Artificial intelligence models require structured training datasets to improve accuracy. Mahasiswa wajib memastikan variasi ukuran file dan isi data tidak boleh ada yang identik. Cloud computing provides scalable resources over the internet for modern applications.
53,Sedang,1051,[878162] Optimasi kode pemrograman dapat meningkatkan kecepatan pemrosesan data secara signifikan. Artificial intelligence models require structured training datasets to improve accuracy. Protokol jaringan bertugas mengatur komunikasi data antar perangkat agar berjalan lancar. Artificial intelligence models require structured training datasets to improve accuracy.
53,Sedang,1052,"[508594] Data science combines statistical analysis, machine learning, and domain expertise to solve problems. Kombinasi antara metode simetris dan asimetris menghasilkan sistem keamanan yang hibrida. Protokol jaringan bertugas mengatur komunikasi data antar perangkat agar berjalan lancar. Proses enkripsi mengubah plaintext menjadi ciphertext menggunakan kunci rahasia tertentu."
53,Sedang,1053,[814964] Proses enkripsi mengubah plaintext menjadi ciphertext menggunakan kunci rahasia tertentu. Implementasi fungsi hash membantu menjaga integritas data dari manipulasi pihak ketiga. Keamanan informasi menjadi pilar utama dalam pengembangan aplikasi berbasis web saat ini. The quick brown fox jumps over the lazy dog to test typography and rendering speeds.
53,Sedang,1054,"[256328] Mahasiswa wajib memastikan variasi ukuran file dan isi data tidak boleh ada yang identik. Software engineering principles emphasize clean code, documentation, and thorough testing. Pengujian performa algoritma dilakukan dengan mengukur waktu eksekusi dan penggunaan memori. Protokol jaringan bertugas mengatur komunikasi data antar perangkat agar berjalan lancar."
53,Sedang,1055,[456079] Implementasi fungsi hash membantu menjaga integritas data dari manipulasi pihak ketiga. Artificial intelligence models require structured training datasets to improve accuracy. Analisis data skala besar memerlukan infrastruktur komputasi yang kuat dan efisien. The quick brown fox jumps over the lazy dog to test typography and rendering speeds.
53,Sedang,1056,"[671010] Protokol jaringan bertugas mengatur komunikasi data antar perangkat agar berjalan lancar. Proses enkripsi mengubah plaintext menjadi ciphertext menggunakan kunci rahasia tertentu. Software engineering principles emphasize clean code, documentation, and thorough testing. Cloud computing provides scalable resources over the internet for modern applications."
53,Sedang,1057,"[218585] Data science combines statistical analysis, machine learning, and domain expertise to solve problems. Cloud computing provides scalable resources over the internet for modern applications. Proses enkripsi mengubah plaintext menjadi ciphertext menggunakan kunci rahasia tertentu. Proses enkripsi mengubah plaintext menjadi ciphertext menggunakan kunci rahasia tertentu."
53,Sedang,1058,"[333584] Data science combines statistical analysis, machine learning, and domain expertise to solve problems. Mahasiswa wajib memastikan variasi ukuran file dan isi data tidak boleh ada yang identik. Implementasi fungsi hash membantu menjaga integritas data dari manipulasi pihak ketiga. Cloud computing provides scalable resources over the internet for modern applications."
53,Sedang,1059,"[897745] Artificial intelligence models require structured training datasets to improve accuracy. Data science combines statistical analysis, machine learning, and domain expertise to solve problems. Data science combines statistical analysis, machine learning, and domain expertise to solve problems. Data science combines statistical analysis, machine learning, and domain expertise to solve problems."
53,Sedang,1060,[180326] Sistem kriptografi ini digunakan untuk mengamankan data sensitif dari akses yang tidak sah. Sistem kriptografi ini digunakan untuk mengamankan data sensitif dari akses yang tidak sah. Kombinasi antara metode simetris dan asimetris menghasilkan sistem keamanan yang hibrida. Cloud computing provides scalable resources over the internet for modern applications.
53,Sedang,1061,"[835804] Optimasi kode pemrograman dapat meningkatkan kecepatan pemrosesan data secara signifikan. Data science combines statistical analysis, machine learning, and domain expertise to solve problems. Analisis data skala besar memerlukan infrastruktur komputasi yang kuat dan efisien. Implementasi fungsi hash membantu menjaga integritas data dari manipulasi pihak ketiga."
53,Sedang,1062,"[551695] Data science combines statistical analysis, machine learning, and domain expertise to solve problems. Mahasiswa wajib memastikan variasi ukuran file dan isi data tidak boleh ada yang identik. Sistem kriptografi ini digunakan untuk mengamankan data sensitif dari akses yang tidak sah. Proses enkripsi mengubah plaintext menjadi ciphertext menggunakan kunci rahasia tertentu."
53,Sedang,1063,"[493432] Sistem kriptografi ini digunakan untuk mengamankan data sensitif dari akses yang tidak sah. Data science combines statistical analysis, machine learning, and domain expertise to solve problems. Mahasiswa wajib memastikan variasi ukuran file dan isi data tidak boleh ada yang identik. Software engineering principles emphasize clean code, documentation, and thorough testing."
53,Sedang,1064,"[886063] Optimasi kode pemrograman dapat meningkatkan kecepatan pemrosesan data secara signifikan. Optimasi kode pemrograman dapat meningkatkan kecepatan pemrosesan data secara signifikan. Data science combines statistical analysis, machine learning, and domain expertise to solve problems. Pengujian performa algoritma dilakukan dengan mengukur waktu eksekusi dan penggunaan memori."
53,Sedang,1065,[595379] Artificial intelligence models require structured training datasets to improve accuracy. Pengujian performa algoritma dilakukan dengan mengukur waktu eksekusi dan penggunaan memori. Cloud computing provides scalable resources over the internet for modern applications. Implementasi fungsi hash membantu menjaga integritas data dari manipulasi pihak ketiga.
53,Sedang,1066,[375179] The quick brown fox jumps over the lazy dog to test typography and rendering speeds. Artificial intelligence models require structured training datasets to improve accuracy. The quick brown fox jumps over the lazy dog to test typography and rendering speeds. Protokol jaringan bertugas mengatur komunikasi data antar perangkat agar berjalan lancar.
53,Sedang,1067,"[443994] The quick brown fox jumps over the lazy dog to test typography and rendering speeds. Software engineering principles emphasize clean code, documentation, and thorough testing. Analisis data skala besar memerlukan infrastruktur komputasi yang kuat dan efisien. Proses enkripsi mengubah plaintext menjadi ciphertext menggunakan kunci rahasia tertentu."
53,Sedang,1068,[107561] Mahasiswa wajib memastikan variasi ukuran file dan isi data tidak boleh ada yang identik. Mahasiswa wajib memastikan variasi ukuran file dan isi data tidak boleh ada yang identik. Kombinasi antara metode simetris dan asimetris menghasilkan sistem keamanan yang hibrida. The quick brown fox jumps over the lazy dog to test typography and rendering speeds.
53,Sedang,1069,"[861036] Sistem kriptografi ini digunakan untuk mengamankan data sensitif dari akses yang tidak sah. Data science combines statistical analysis, machine learning, and domain expertise to solve problems. The quick brown fox jumps over the lazy dog to test typography and rendering speeds. Kombinasi antara metode simetris dan asimetris menghasilkan sistem keamanan yang hibrida."
53,Sedang,1070,"[875850] Software engineering principles emphasize clean code, documentation, and thorough testing. Implementasi fungsi hash membantu menjaga integritas data dari manipulasi pihak ketiga. Cloud computing provides scalable resources over the internet for modern applications. Cloud computing provides scalable resources over the internet for modern applications."
53,Sedang,1071,"[114480] Implementasi fungsi hash membantu menjaga integritas data dari manipulasi pihak ketiga. Software engineering principles emphasize clean code, documentation, and thorough testing. Artificial intelligence models require structured training datasets to improve accuracy. Kombinasi antara metode simetris dan asimetris menghasilkan sistem keamanan yang hibrida."
53,Sedang,1072,"[674804] Software engineering principles emphasize clean code, documentation, and thorough testing. Protokol jaringan bertugas mengatur komunikasi data antar perangkat agar berjalan lancar. Implementasi fungsi hash membantu menjaga integritas data dari manipulasi pihak ketiga. Pengujian performa algoritma dilakukan dengan mengukur waktu eksekusi dan penggunaan memori."
53,Sedang,1073,"[792125] Data science combines statistical analysis, machine learning, and domain expertise to solve problems. The quick brown fox jumps over the lazy dog to test typography and rendering speeds. Keamanan informasi menjadi pilar utama dalam pengembangan aplikasi berbasis web saat ini. Implementasi fungsi hash membantu menjaga integritas data dari manipulasi pihak ketiga."
53,Sedang,1074,"[645890] Implementasi fungsi hash membantu menjaga integritas data dari manipulasi pihak ketiga. Kombinasi antara metode simetris dan asimetris menghasilkan sistem keamanan yang hibrida. Software engineering principles emphasize clean code, documentation, and thorough testing. Kombinasi antara metode simetris dan asimetris menghasilkan sistem keamanan yang hibrida."
53,Sedang,1075,"[726270] Software engineering principles emphasize clean code, documentation, and thorough testing. Cloud computing provides scalable resources over the internet for modern applications. Data science combines statistical analysis, machine learning, and domain expertise to solve problems. Artificial intelligence models require structured training datasets to improve accuracy."
53,Sedang,1076,[405159] Mahasiswa wajib memastikan variasi ukuran file dan isi data tidak boleh ada yang identik. Proses enkripsi mengubah plaintext menjadi ciphertext menggunakan kunci rahasia tertentu. Sistem kriptografi ini digunakan untuk mengamankan data sensitif dari akses yang tidak sah. Sistem kriptografi ini digunakan untuk mengamankan data sensitif dari akses yang tidak sah.
53,Sedang,1077,"[209424] Software engineering principles emphasize clean code, documentation, and thorough testing. Artificial intelligence models require structured training datasets to improve accuracy. Implementasi fungsi hash membantu menjaga integritas data dari manipulasi pihak ketiga. Pengujian performa algoritma dilakukan dengan mengukur waktu eksekusi dan penggunaan memori."
53,Sedang,1078,"[477780] Optimasi kode pemrograman dapat meningkatkan kecepatan pemrosesan data secara signifikan. Sistem kriptografi ini digunakan untuk mengamankan data sensitif dari akses yang tidak sah. Data science combines statistical analysis, machine learning, and domain expertise to solve problems. Analisis data skala besar memerlukan infrastruktur komputasi yang kuat dan efisien."
53,Sedang,1079,[298044] Kombinasi antara metode simetris dan asimetris menghasilkan sistem keamanan yang hibrida. Cloud computing provides scalable resources over the internet for modern applications. Cloud computing provides scalable resources over the internet for modern applications. Kombinasi antara metode simetris dan asimetris menghasilkan sistem keamanan yang hibrida.
53,Sedang,1080,[210335] The quick brown fox jumps over the lazy dog to test typography and rendering speeds. Proses enkripsi mengubah plaintext menjadi ciphertext menggunakan kunci rahasia tertentu. Kombinasi antara metode simetris dan asimetris menghasilkan sistem keamanan yang hibrida. The quick brown fox jumps over the lazy dog to test typography and rendering speeds.
53,Sedang,1081,[887227] Implementasi fungsi hash membantu menjaga integritas data dari manipulasi pihak ketiga. Artificial intelligence models require structured training datasets to improve accuracy. Artificial intelligence models require structured training datasets to improve accuracy. Keamanan informasi menjadi pilar utama dalam pengembangan aplikasi berbasis web saat ini.
53,Sedang,1082,[283907] Mahasiswa wajib memastikan variasi ukuran file dan isi data tidak boleh ada yang identik. Pengujian performa algoritma dilakukan dengan mengukur waktu eksekusi dan penggunaan memori. Kombinasi antara metode simetris dan asimetris menghasilkan sistem keamanan yang hibrida. Sistem kriptografi ini digunakan untuk mengamankan data sensitif dari akses yang tidak sah.
53,Sedang,1083,"[241446] Mahasiswa wajib memastikan variasi ukuran file dan isi data tidak boleh ada yang identik. Optimasi kode pemrograman dapat meningkatkan kecepatan pemrosesan data secara signifikan. Data science combines statistical analysis, machine learning, and domain expertise to solve problems. Kombinasi antara metode simetris dan asimetris menghasilkan sistem keamanan yang hibrida."
53,Sedang,1084,[303670] Proses enkripsi mengubah plaintext menjadi ciphertext menggunakan kunci rahasia tertentu. Sistem kriptografi ini digunakan untuk mengamankan data sensitif dari akses yang tidak sah. Analisis data skala besar memerlukan infrastruktur komputasi yang kuat dan efisien. Protokol jaringan bertugas mengatur komunikasi data antar perangkat agar berjalan lancar.
53,Sedang,1085,[516639] The quick brown fox jumps over the lazy dog to test typography and rendering speeds. Implementasi fungsi hash membantu menjaga integritas data dari manipulasi pihak ketiga. Cloud computing provides scalable resources over the internet for modern applications. Mahasiswa wajib memastikan variasi ukuran file dan isi data tidak boleh ada yang identik.
53,Sedang,1086,[873701] Cloud computing provides scalable resources over the internet for modern applications. Pengujian performa algoritma dilakukan dengan mengukur waktu eksekusi dan penggunaan memori. Cloud computing provides scalable resources over the internet for modern applications. Keamanan informasi menjadi pilar utama dalam pengembangan aplikasi berbasis web saat ini.
53,Sedang,1087,[704874] Optimasi kode pemrograman dapat meningkatkan kecepatan pemrosesan data secara signifikan. Analisis data skala besar memerlukan infrastruktur komputasi yang kuat dan efisien. Kombinasi antara metode simetris dan asimetris menghasilkan sistem keamanan yang hibrida. Cloud computing provides scalable resources over the internet for modern applications.
53,Sedang,1088,"[131037] Mahasiswa wajib memastikan variasi ukuran file dan isi data tidak boleh ada yang identik. Protokol jaringan bertugas mengatur komunikasi data antar perangkat agar berjalan lancar. Data science combines statistical analysis, machine learning, and domain expertise to solve problems. Kombinasi antara metode simetris dan asimetris menghasilkan sistem keamanan yang hibrida."
53,Sedang,1089,[380612] Mahasiswa wajib memastikan variasi ukuran file dan isi data tidak boleh ada yang identik. Analisis data skala besar memerlukan infrastruktur komputasi yang kuat dan efisien. Sistem kriptografi ini digunakan untuk mengamankan data sensitif dari akses yang tidak sah. Cloud computing provides scalable resources over the internet for modern applications.
53,Sedang,1090,[829946] Implementasi fungsi hash membantu menjaga integritas data dari manipulasi pihak ketiga. Proses enkripsi mengubah plaintext menjadi ciphertext menggunakan kunci rahasia tertentu. Analisis data skala besar memerlukan infrastruktur komputasi yang kuat dan efisien. Proses enkripsi mengubah plaintext menjadi ciphertext menggunakan kunci rahasia tertentu.
53,Sedang,1091,"[883381] Artificial intelligence models require structured training datasets to improve accuracy. Kombinasi antara metode simetris dan asimetris menghasilkan sistem keamanan yang hibrida. Proses enkripsi mengubah plaintext menjadi ciphertext menggunakan kunci rahasia tertentu. Data science combines statistical analysis, machine learning, and domain expertise to solve problems."
53,Sedang,1092,"[880434] Software engineering principles emphasize clean code, documentation, and thorough testing. Cloud computing provides scalable resources over the internet for modern applications. Pengujian performa algoritma dilakukan dengan mengukur waktu eksekusi dan penggunaan memori. Data science combines statistical analysis, machine learning, and domain expertise to solve problems."
53,Sedang,1093,"[152086] Implementasi fungsi hash membantu menjaga integritas data dari manipulasi pihak ketiga. Software engineering principles emphasize clean code, documentation, and thorough testing. Data science combines statistical analysis, machine learning, and domain expertise to solve problems. Kombinasi antara metode simetris dan asimetris menghasilkan sistem keamanan yang hibrida."
53,Sedang,1094,[111007] The quick brown fox jumps over the lazy dog to test typography and rendering speeds. The quick brown fox jumps over the lazy dog to test typography and rendering speeds. Pengujian performa algoritma dilakukan dengan mengukur waktu eksekusi dan penggunaan memori. Keamanan informasi menjadi pilar utama dalam pengembangan aplikasi berbasis web saat ini.
53,Sedang,1095,"[850747] Mahasiswa wajib memastikan variasi ukuran file dan isi data tidak boleh ada yang identik. Artificial intelligence models require structured training datasets to improve accuracy. Data science combines statistical analysis, machine learning, and domain expertise to solve problems. Sistem kriptografi ini digunakan untuk mengamankan data sensitif dari akses yang tidak sah."
53,Sedang,1096,[659938] Artificial intelligence models require structured training datasets to improve accuracy. Implementasi fungsi hash membantu menjaga integritas data dari manipulasi pihak ketiga. The quick brown fox jumps over the lazy dog to test typography and rendering speeds. Proses enkripsi mengubah plaintext menjadi ciphertext menggunakan kunci rahasia tertentu.
53,Sedang,1097,"[770205] Implementasi fungsi hash membantu menjaga integritas data dari manipulasi pihak ketiga. Analisis data skala besar memerlukan infrastruktur komputasi yang kuat dan efisien. Pengujian performa algoritma dilakukan dengan mengukur waktu eksekusi dan penggunaan memori. Software engineering principles emphasize clean code, documentation, and thorough testing."
53,Sedang,1098,[867091] Mahasiswa wajib memastikan variasi ukuran file dan isi data tidak boleh ada yang identik. Mahasiswa wajib memastikan variasi ukuran file dan isi data tidak boleh ada yang identik. Mahasiswa wajib memastikan variasi ukuran file dan isi data tidak boleh ada yang identik. Cloud computing provides scalable resources over the internet for modern applications.
53,Sedang,1099,[179962] Keamanan informasi menjadi pilar utama dalam pengembangan aplikasi berbasis web saat ini. Optimasi kode pemrograman dapat meningkatkan kecepatan pemrosesan data secara signifikan. Cloud computing provides scalable resources over the internet for modern applications. Mahasiswa wajib memastikan variasi ukuran file dan isi data tidak boleh ada yang identik.
53,Sedang,1100,"[962968] Cloud computing provides scalable resources over the internet for modern applications. Data science combines statistical analysis, machine learning, and domain expertise to solve problems. Keamanan informasi menjadi pilar utama dalam pengembangan aplikasi berbasis web saat ini. Protokol jaringan bertugas mengatur komunikasi data antar perangkat agar berjalan lancar."
53,Sedang,1101,[832393] Sistem kriptografi ini digunakan untuk mengamankan data sensitif dari akses yang tidak sah. Implementasi fungsi hash membantu menjaga integritas data dari manipulasi pihak ketiga. Proses enkripsi mengubah plaintext menjadi ciphertext menggunakan kunci rahasia tertentu. Protokol jaringan bertugas mengatur komunikasi data antar perangkat agar berjalan lancar.
53,Sedang,1102,"[806442] The quick brown fox jumps over the lazy dog to test typography and rendering speeds. Implementasi fungsi hash membantu menjaga integritas data dari manipulasi pihak ketiga. Data science combines statistical analysis, machine learning, and domain expertise to solve problems. Kombinasi antara metode simetris dan asimetris menghasilkan sistem keamanan yang hibrida."
53,Sedang,1103,"[150337] Keamanan informasi menjadi pilar utama dalam pengembangan aplikasi berbasis web saat ini. Sistem kriptografi ini digunakan untuk mengamankan data sensitif dari akses yang tidak sah. Data science combines statistical analysis, machine learning, and domain expertise to solve problems. Cloud computing provides scalable resources over the internet for modern applications."
53,Sedang,1104,[100832] Pengujian performa algoritma dilakukan dengan mengukur waktu eksekusi dan penggunaan memori. Optimasi kode pemrograman dapat meningkatkan kecepatan pemrosesan data secara signifikan. Artificial intelligence models require structured training datasets to improve accuracy. The quick brown fox jumps over the lazy dog to test typography and rendering speeds.
53,Sedang,1105,[545413] Optimasi kode pemrograman dapat meningkatkan kecepatan pemrosesan data secara signifikan. Mahasiswa wajib memastikan variasi ukuran file dan isi data tidak boleh ada yang identik. Sistem kriptografi ini digunakan untuk mengamankan data sensitif dari akses yang tidak sah. Proses enkripsi mengubah plaintext menjadi ciphertext menggunakan kunci rahasia tertentu.
53,Sedang,1106,[221910] The quick brown fox jumps over the lazy dog to test typography and rendering speeds. Implementasi fungsi hash membantu menjaga integritas data dari manipulasi pihak ketiga. Implementasi fungsi hash membantu menjaga integritas data dari manipulasi pihak ketiga. Pengujian performa algoritma dilakukan dengan mengukur waktu eksekusi dan penggunaan memori.
53,Sedang,1107,[420467] Sistem kriptografi ini digunakan untuk mengamankan data sensitif dari akses yang tidak sah. The quick brown fox jumps over the lazy dog to test typography and rendering speeds. Mahasiswa wajib memastikan variasi ukuran file dan isi data tidak boleh ada yang identik. Keamanan informasi menjadi pilar utama dalam pengembangan aplikasi berbasis web saat ini.
53,Sedang,1108,"[960605] Mahasiswa wajib memastikan variasi ukuran file dan isi data tidak boleh ada yang identik. Artificial intelligence models require structured training datasets to improve accuracy. Data science combines statistical analysis, machine learning, and domain expertise to solve problems. The quick brown fox jumps over the lazy dog to test typography and rendering speeds."
53,Sedang,1109,"[698273] Software engineering principles emphasize clean code, documentation, and thorough testing. Pengujian performa algoritma dilakukan dengan mengukur waktu eksekusi dan penggunaan memori. Data science combines statistical analysis, machine learning, and domain expertise to solve problems. Software engineering principles emphasize clean code, documentation, and thorough testing."
53,Sedang,1110,"[889028] Cloud computing provides scalable resources over the internet for modern applications. Software engineering principles emphasize clean code, documentation, and thorough testing. Kombinasi antara metode simetris dan asimetris menghasilkan sistem keamanan yang hibrida. Artificial intelligence models require structured training datasets to improve accuracy."
53,Sedang,1111,"[505492] The quick brown fox jumps over the lazy dog to test typography and rendering speeds. Pengujian performa algoritma dilakukan dengan mengukur waktu eksekusi dan penggunaan memori. Proses enkripsi mengubah plaintext menjadi ciphertext menggunakan kunci rahasia tertentu. Data science combines statistical analysis, machine learning, and domain expertise to solve problems."
53,Sedang,1112,"[984708] Kombinasi antara metode simetris dan asimetris menghasilkan sistem keamanan yang hibrida. Implementasi fungsi hash membantu menjaga integritas data dari manipulasi pihak ketiga. Mahasiswa wajib memastikan variasi ukuran file dan isi data tidak boleh ada yang identik. Data science combines statistical analysis, machine learning, and domain expertise to solve problems."
53,Sedang,1113,[318523] Mahasiswa wajib memastikan variasi ukuran file dan isi data tidak boleh ada yang identik. Cloud computing provides scalable resources over the internet for modern applications. Sistem kriptografi ini digunakan untuk mengamankan data sensitif dari akses yang tidak sah. Kombinasi antara metode simetris dan asimetris menghasilkan sistem keamanan yang hibrida.
53,Sedang,1114,"[900499] Implementasi fungsi hash membantu menjaga integritas data dari manipulasi pihak ketiga. Mahasiswa wajib memastikan variasi ukuran file dan isi data tidak boleh ada yang identik. Cloud computing provides scalable resources over the internet for modern applications. Data science combines statistical analysis, machine learning, and domain expertise to solve problems."
53,Sedang,1115,"[745223] Proses enkripsi mengubah plaintext menjadi ciphertext menggunakan kunci rahasia tertentu. Data science combines statistical analysis, machine learning, and domain expertise to solve problems. Optimasi kode pemrograman dapat meningkatkan kecepatan pemrosesan data secara signifikan. Optimasi kode pemrograman dapat meningkatkan kecepatan pemrosesan data secara signifikan."
53,Sedang,1116,[133502] Optimasi kode pemrograman dapat meningkatkan kecepatan pemrosesan data secara signifikan. Artificial intelligence models require structured training datasets to improve accuracy. Analisis data skala besar memerlukan infrastruktur komputasi yang kuat dan efisien. Implementasi fungsi hash membantu menjaga integritas data dari manipulasi pihak ketiga.
53,Sedang,1117,[740203] Kombinasi antara metode simetris dan asimetris menghasilkan sistem keamanan yang hibrida. The quick brown fox jumps over the lazy dog to test typography and rendering speeds. Keamanan informasi menjadi pilar utama dalam pengembangan aplikasi berbasis web saat ini. Cloud computing provides scalable resources over the internet for modern applications.
53,Sedang,1118,[657411] Keamanan informasi menjadi pilar utama dalam pengembangan aplikasi berbasis web saat ini. Artificial intelligence models require structured training datasets to improve accuracy. Optimasi kode pemrograman dapat meningkatkan kecepatan pemrosesan data secara signifikan. Cloud computing provides scalable resources over the internet for modern applications.
53,Sedang,1119,"[999563] Cloud computing provides scalable resources over the internet for modern applications. Implementasi fungsi hash membantu menjaga integritas data dari manipulasi pihak ketiga. Data science combines statistical analysis, machine learning, and domain expertise to solve problems. Kombinasi antara metode simetris dan asimetris menghasilkan sistem keamanan yang hibrida."
53,Sedang,1120,"[757959] Cloud computing provides scalable resources over the internet for modern applications. Sistem kriptografi ini digunakan untuk mengamankan data sensitif dari akses yang tidak sah. Optimasi kode pemrograman dapat meningkatkan kecepatan pemrosesan data secara signifikan. Software engineering principles emphasize clean code, documentation, and thorough testing."
53,Sedang,1121,"[404883] Data science combines statistical analysis, machine learning, and domain expertise to solve problems. Artificial intelligence models require structured training datasets to improve accuracy. Kombinasi antara metode simetris dan asimetris menghasilkan sistem keamanan yang hibrida. Data science combines statistical analysis, machine learning, and domain expertise to solve problems."
53,Sedang,1122,"[888313] Kombinasi antara metode simetris dan asimetris menghasilkan sistem keamanan yang hibrida. Software engineering principles emphasize clean code, documentation, and thorough testing. Kombinasi antara metode simetris dan asimetris menghasilkan sistem keamanan yang hibrida. Optimasi kode pemrograman dapat meningkatkan kecepatan pemrosesan data secara signifikan."
53,Sedang,1123,[580899] Mahasiswa wajib memastikan variasi ukuran file dan isi data tidak boleh ada yang identik. Kombinasi antara metode simetris dan asimetris menghasilkan sistem keamanan yang hibrida. Analisis data skala besar memerlukan infrastruktur komputasi yang kuat dan efisien. Keamanan informasi menjadi pilar utama dalam pengembangan aplikasi berbasis web saat ini.
53,Sedang,1124,[412117] Cloud computing provides scalable resources over the internet for modern applications. Pengujian performa algoritma dilakukan dengan mengukur waktu eksekusi dan penggunaan memori. Artificial intelligence models require structured training datasets to improve accuracy. Kombinasi antara metode simetris dan asimetris menghasilkan sistem keamanan yang hibrida.
53,Sedang,1125,"[267930] Data science combines statistical analysis, machine learning, and domain expertise to solve problems. Mahasiswa wajib memastikan variasi ukuran file dan isi data tidak boleh ada yang identik. Sistem kriptografi ini digunakan untuk mengamankan data sensitif dari akses yang tidak sah. Data science combines statistical analysis, machine learning, and domain expertise to solve problems."
53,Sedang,1126,"[286589] Software engineering principles emphasize clean code, documentation, and thorough testing. Artificial intelligence models require structured training datasets to improve accuracy. Data science combines statistical analysis, machine learning, and domain expertise to solve problems. Kombinasi antara metode simetris dan asimetris menghasilkan sistem keamanan yang hibrida."
53,Sedang,1127,[556622] Kombinasi antara metode simetris dan asimetris menghasilkan sistem keamanan yang hibrida. Artificial intelligence models require structured training datasets to improve accuracy. Artificial intelligence models require structured training datasets to improve accuracy. Cloud computing provides scalable resources over the internet for modern applications.
53,Sedang,1128,[441598] Protokol jaringan bertugas mengatur komunikasi data antar perangkat agar berjalan lancar. Artificial intelligence models require structured training datasets to improve accuracy. Sistem kriptografi ini digunakan untuk mengamankan data sensitif dari akses yang tidak sah. Implementasi fungsi hash membantu menjaga integritas data dari manipulasi pihak ketiga.
53,Sedang,1129,[764662] Protokol jaringan bertugas mengatur komunikasi data antar perangkat agar berjalan lancar. Cloud computing provides scalable resources over the internet for modern applications. Implementasi fungsi hash membantu menjaga integritas data dari manipulasi pihak ketiga. Analisis data skala besar memerlukan infrastruktur komputasi yang kuat dan efisien.
53,Sedang,1130,"[175571] Analisis data skala besar memerlukan infrastruktur komputasi yang kuat dan efisien. Cloud computing provides scalable resources over the internet for modern applications. Software engineering principles emphasize clean code, documentation, and thorough testing. Sistem kriptografi ini digunakan untuk mengamankan data sensitif dari akses yang tidak sah."
53,Sedang,1131,[541070] Artificial intelligence models require structured training datasets to improve accuracy. Protokol jaringan bertugas mengatur komunikasi data antar perangkat agar berjalan lancar. Pengujian performa algoritma dilakukan dengan mengukur waktu eksekusi dan penggunaan memori. Proses enkripsi mengubah plaintext menjadi ciphertext menggunakan kunci rahasia tertentu.
53,Sedang,1132,[197899] The quick brown fox jumps over the lazy dog to test typography and rendering speeds. Protokol jaringan bertugas mengatur komunikasi data antar perangkat agar berjalan lancar. Kombinasi antara metode simetris dan asimetris menghasilkan sistem keamanan yang hibrida. Analisis data skala besar memerlukan infrastruktur komputasi yang kuat dan efisien.
53,Sedang,1133,"[989932] Kombinasi antara metode simetris dan asimetris menghasilkan sistem keamanan yang hibrida. Analisis data skala besar memerlukan infrastruktur komputasi yang kuat dan efisien. Data science combines statistical analysis, machine learning, and domain expertise to solve problems. Kombinasi antara metode simetris dan asimetris menghasilkan sistem keamanan yang hibrida."
53,Sedang,1134,"[805513] Data science combines statistical analysis, machine learning, and domain expertise to solve problems. Proses enkripsi mengubah plaintext menjadi ciphertext menggunakan kunci rahasia tertentu. Pengujian performa algoritma dilakukan dengan mengukur waktu eksekusi dan penggunaan memori. Mahasiswa wajib memastikan variasi ukuran file dan isi data tidak boleh ada yang identik."
53,Sedang,1135,[624148] Implementasi fungsi hash membantu menjaga integritas data dari manipulasi pihak ketiga. Sistem kriptografi ini digunakan untuk mengamankan data sensitif dari akses yang tidak sah. Implementasi fungsi hash membantu menjaga integritas data dari manipulasi pihak ketiga. Mahasiswa wajib memastikan variasi ukuran file dan isi data tidak boleh ada yang identik.
53,Sedang,1136,"[855723] Keamanan informasi menjadi pilar utama dalam pengembangan aplikasi berbasis web saat ini. Cloud computing provides scalable resources over the internet for modern applications. Data science combines statistical analysis, machine learning, and domain expertise to solve problems. Cloud computing provides scalable resources over the internet for modern applications."
53,Sedang,1137,"[158106] Sistem kriptografi ini digunakan untuk mengamankan data sensitif dari akses yang tidak sah. The quick brown fox jumps over the lazy dog to test typography and rendering speeds. Software engineering principles emphasize clean code, documentation, and thorough testing. Pengujian performa algoritma dilakukan dengan mengukur waktu eksekusi dan penggunaan memori."
53,Sedang,1138,"[806435] Implementasi fungsi hash membantu menjaga integritas data dari manipulasi pihak ketiga. Sistem kriptografi ini digunakan untuk mengamankan data sensitif dari akses yang tidak sah. Data science combines statistical analysis, machine learning, and domain expertise to solve problems. Keamanan informasi menjadi pilar utama dalam pengembangan aplikasi berbasis web saat ini."
53,Sedang,1139,[693730] Kombinasi antara metode simetris dan asimetris menghasilkan sistem keamanan yang hibrida. Implementasi fungsi hash membantu menjaga integritas data dari manipulasi pihak ketiga. Keamanan informasi menjadi pilar utama dalam pengembangan aplikasi berbasis web saat ini. Kombinasi antara metode simetris dan asimetris menghasilkan sistem keamanan yang hibrida.
53,Sedang,1140,"[235017] Proses enkripsi mengubah plaintext menjadi ciphertext menggunakan kunci rahasia tertentu. Implementasi fungsi hash membantu menjaga integritas data dari manipulasi pihak ketiga. Implementasi fungsi hash membantu menjaga integritas data dari manipulasi pihak ketiga. Data science combines statistical analysis, machine learning, and domain expertise to solve problems."
53,Sedang,1141,[681589] Mahasiswa wajib memastikan variasi ukuran file dan isi data tidak boleh ada yang identik. Optimasi kode pemrograman dapat meningkatkan kecepatan pemrosesan data secara signifikan. Cloud computing provides scalable resources over the internet for modern applications. Mahasiswa wajib memastikan variasi ukuran file dan isi data tidak boleh ada yang identik.
53,Sedang,1142,"[916480] Software engineering principles emphasize clean code, documentation, and thorough testing. Software engineering principles emphasize clean code, documentation, and thorough testing. Protokol jaringan bertugas mengatur komunikasi data antar perangkat agar berjalan lancar. Protokol jaringan bertugas mengatur komunikasi data antar perangkat agar berjalan lancar."
53,Sedang,1143,"[383956] The quick brown fox jumps over the lazy dog to test typography and rendering speeds. Kombinasi antara metode simetris dan asimetris menghasilkan sistem keamanan yang hibrida. Sistem kriptografi ini digunakan untuk mengamankan data sensitif dari akses yang tidak sah. Software engineering principles emphasize clean code, documentation, and thorough testing."
53,Sedang,1144,"[744024] Protokol jaringan bertugas mengatur komunikasi data antar perangkat agar berjalan lancar. Pengujian performa algoritma dilakukan dengan mengukur waktu eksekusi dan penggunaan memori. Keamanan informasi menjadi pilar utama dalam pengembangan aplikasi berbasis web saat ini. Software engineering principles emphasize clean code, documentation, and thorough testing."
53,Sedang,1145,"[746281] Cloud computing provides scalable resources over the internet for modern applications. Optimasi kode pemrograman dapat meningkatkan kecepatan pemrosesan data secara signifikan. Data science combines statistical analysis, machine learning, and domain expertise to solve problems. The quick brown fox jumps over the lazy dog to test typography and rendering speeds."
53,Sedang,1146,"[331224] Kombinasi antara metode simetris dan asimetris menghasilkan sistem keamanan yang hibrida. Software engineering principles emphasize clean code, documentation, and thorough testing. Sistem kriptografi ini digunakan untuk mengamankan data sensitif dari akses yang tidak sah. Protokol jaringan bertugas mengatur komunikasi data antar perangkat agar berjalan lancar."
53,Sedang,1147,[489840] Mahasiswa wajib memastikan variasi ukuran file dan isi data tidak boleh ada yang identik. Keamanan informasi menjadi pilar utama dalam pengembangan aplikasi berbasis web saat ini. Artificial intelligence models require structured training datasets to improve accuracy. Pengujian performa algoritma dilakukan dengan mengukur waktu eksekusi dan penggunaan memori.
53,Sedang,1148,"[474139] Software engineering principles emphasize clean code, documentation, and thorough testing. The quick brown fox jumps over the lazy dog to test typography and rendering speeds. Proses enkripsi mengubah plaintext menjadi ciphertext menggunakan kunci rahasia tertentu. Protokol jaringan bertugas mengatur komunikasi data antar perangkat agar berjalan lancar."
53,Sedang,1149,[639806] Kombinasi antara metode simetris dan asimetris menghasilkan sistem keamanan yang hibrida. Implementasi fungsi hash membantu menjaga integritas data dari manipulasi pihak ketiga. Optimasi kode pemrograman dapat meningkatkan kecepatan pemrosesan data secara signifikan. Mahasiswa wajib memastikan variasi ukuran file dan isi data tidak boleh ada yang identik.
53,Sedang,1150,[554315] Keamanan informasi menjadi pilar utama dalam pengembangan aplikasi berbasis web saat ini. Cloud computing provides scalable resources over the internet for modern applications. Pengujian performa algoritma dilakukan dengan mengukur waktu eksekusi dan penggunaan memori. Sistem kriptografi ini digunakan untuk mengamankan data sensitif dari akses yang tidak sah.
53,Sedang,1151,"[673499] Pengujian performa algoritma dilakukan dengan mengukur waktu eksekusi dan penggunaan memori. Pengujian performa algoritma dilakukan dengan mengukur waktu eksekusi dan penggunaan memori. Artificial intelligence models require structured training datasets to improve accuracy. Software engineering principles emphasize clean code, documentation, and thorough testing."
53,Sedang,1152,"[832027] Keamanan informasi menjadi pilar utama dalam pengembangan aplikasi berbasis web saat ini. Software engineering principles emphasize clean code, documentation, and thorough testing. Data science combines statistical analysis, machine learning, and domain expertise to solve problems. Pengujian performa algoritma dilakukan dengan mengukur waktu eksekusi dan penggunaan memori."
53,Sedang,1153,[283808] Mahasiswa wajib memastikan variasi ukuran file dan isi data tidak boleh ada yang identik. Artificial intelligence models require structured training datasets to improve accuracy. Artificial intelligence models require structured training datasets to improve accuracy. Artificial intelligence models require structured training datasets to improve accuracy.
53,Sedang,1154,[587748] Cloud computing provides scalable resources over the internet for modern applications. Artificial intelligence models require structured training datasets to improve accuracy. Artificial intelligence models require structured training datasets to improve accuracy. Kombinasi antara metode simetris dan asimetris menghasilkan sistem keamanan yang hibrida.
53,Sedang,1155,[781343] Kombinasi antara metode simetris dan asimetris menghasilkan sistem keamanan yang hibrida. Analisis data skala besar memerlukan infrastruktur komputasi yang kuat dan efisien. Sistem kriptografi ini digunakan untuk mengamankan data sensitif dari akses yang tidak sah. Implementasi fungsi hash membantu menjaga integritas data dari manipulasi pihak ketiga.
53,Sedang,1156,"[804348] Protokol jaringan bertugas mengatur komunikasi data antar perangkat agar berjalan lancar. Artificial intelligence models require structured training datasets to improve accuracy. Software engineering principles emphasize clean code, documentation, and thorough testing. Pengujian performa algoritma dilakukan dengan mengukur waktu eksekusi dan penggunaan memori."
53,Sedang,1157,[465858] Sistem kriptografi ini digunakan untuk mengamankan data sensitif dari akses yang tidak sah. Sistem kriptografi ini digunakan untuk mengamankan data sensitif dari akses yang tidak sah. Mahasiswa wajib memastikan variasi ukuran file dan isi data tidak boleh ada yang identik. Kombinasi antara metode simetris dan asimetris menghasilkan sistem keamanan yang hibrida.
53,Sedang,1158,[986554] Kombinasi antara metode simetris dan asimetris menghasilkan sistem keamanan yang hibrida. Mahasiswa wajib memastikan variasi ukuran file dan isi data tidak boleh ada yang identik. Analisis data skala besar memerlukan infrastruktur komputasi yang kuat dan efisien. The quick brown fox jumps over the lazy dog to test typography and rendering speeds.
53,Sedang,1159,[201305] Pengujian performa algoritma dilakukan dengan mengukur waktu eksekusi dan penggunaan memori. Keamanan informasi menjadi pilar utama dalam pengembangan aplikasi berbasis web saat ini. Keamanan informasi menjadi pilar utama dalam pengembangan aplikasi berbasis web saat ini. Protokol jaringan bertugas mengatur komunikasi data antar perangkat agar berjalan lancar.
53,Sedang,1160,"[389376] Mahasiswa wajib memastikan variasi ukuran file dan isi data tidak boleh ada yang identik. Artificial intelligence models require structured training datasets to improve accuracy. Analisis data skala besar memerlukan infrastruktur komputasi yang kuat dan efisien. Data science combines statistical analysis, machine learning, and domain expertise to solve problems."
53,Sedang,1161,[956772] Mahasiswa wajib memastikan variasi ukuran file dan isi data tidak boleh ada yang identik. Mahasiswa wajib memastikan variasi ukuran file dan isi data tidak boleh ada yang identik. Optimasi kode pemrograman dapat meningkatkan kecepatan pemrosesan data secara signifikan. Cloud computing provides scalable resources over the internet for modern applications.
53,Sedang,1162,[543296] Protokol jaringan bertugas mengatur komunikasi data antar perangkat agar berjalan lancar. The quick brown fox jumps over the lazy dog to test typography and rendering speeds. Optimasi kode pemrograman dapat meningkatkan kecepatan pemrosesan data secara signifikan. Protokol jaringan bertugas mengatur komunikasi data antar perangkat agar berjalan lancar.
53,Sedang,1163,"[698725] Cloud computing provides scalable resources over the internet for modern applications. Cloud computing provides scalable resources over the internet for modern applications. Software engineering principles emphasize clean code, documentation, and thorough testing. Kombinasi antara metode simetris dan asimetris menghasilkan sistem keamanan yang hibrida."
53,Sedang,1164,"[954000] The quick brown fox jumps over the lazy dog to test typography and rendering speeds. Sistem kriptografi ini digunakan untuk mengamankan data sensitif dari akses yang tidak sah. Optimasi kode pemrograman dapat meningkatkan kecepatan pemrosesan data secara signifikan. Data science combines statistical analysis, machine learning, and domain expertise to solve problems."
53,Sedang,1165,"[152759] Software engineering principles emphasize clean code, documentation, and thorough testing. Protokol jaringan bertugas mengatur komunikasi data antar perangkat agar berjalan lancar. Protokol jaringan bertugas mengatur komunikasi data antar perangkat agar berjalan lancar. Protokol jaringan bertugas mengatur komunikasi data antar perangkat agar berjalan lancar."
53,Sedang,1166,[359898] Cloud computing provides scalable resources over the internet for modern applications. Sistem kriptografi ini digunakan untuk mengamankan data sensitif dari akses yang tidak sah. Cloud computing provides scalable resources over the internet for modern applications. Optimasi kode pemrograman dapat meningkatkan kecepatan pemrosesan data secara signifikan.
53,Sedang,1167,"[725622] Sistem kriptografi ini digunakan untuk mengamankan data sensitif dari akses yang tidak sah. Data science combines statistical analysis, machine learning, and domain expertise to solve problems. The quick brown fox jumps over the lazy dog to test typography and rendering speeds. Data science combines statistical analysis, machine learning, and domain expertise to solve problems."
53,Sedang,1168,"[522460] Cloud computing provides scalable resources over the internet for modern applications. Mahasiswa wajib memastikan variasi ukuran file dan isi data tidak boleh ada yang identik. Software engineering principles emphasize clean code, documentation, and thorough testing. Optimasi kode pemrograman dapat meningkatkan kecepatan pemrosesan data secara signifikan."
53,Sedang,1169,"[865668] Data science combines statistical analysis, machine learning, and domain expertise to solve problems. Keamanan informasi menjadi pilar utama dalam pengembangan aplikasi berbasis web saat ini. Proses enkripsi mengubah plaintext menjadi ciphertext menggunakan kunci rahasia tertentu. Pengujian performa algoritma dilakukan dengan mengukur waktu eksekusi dan penggunaan memori."
53,Sedang,1170,[278936] Analisis data skala besar memerlukan infrastruktur komputasi yang kuat dan efisien. Analisis data skala besar memerlukan infrastruktur komputasi yang kuat dan efisien. Artificial intelligence models require structured training datasets to improve accuracy. Pengujian performa algoritma dilakukan dengan mengukur waktu eksekusi dan penggunaan memori.
53,Sedang,1171,[975690] Protokol jaringan bertugas mengatur komunikasi data antar perangkat agar berjalan lancar. Optimasi kode pemrograman dapat meningkatkan kecepatan pemrosesan data secara signifikan. Protokol jaringan bertugas mengatur komunikasi data antar perangkat agar berjalan lancar. Keamanan informasi menjadi pilar utama dalam pengembangan aplikasi berbasis web saat ini.
53,Sedang,1172,[584140] Kombinasi antara metode simetris dan asimetris menghasilkan sistem keamanan yang hibrida. Implementasi fungsi hash membantu menjaga integritas data dari manipulasi pihak ketiga. Cloud computing provides scalable resources over the internet for modern applications. Protokol jaringan bertugas mengatur komunikasi data antar perangkat agar berjalan lancar.
53,Sedang,1173,"[614960] Artificial intelligence models require structured training datasets to improve accuracy. Software engineering principles emphasize clean code, documentation, and thorough testing. Data science combines statistical analysis, machine learning, and domain expertise to solve problems. Sistem kriptografi ini digunakan untuk mengamankan data sensitif dari akses yang tidak sah."
53,Sedang,1174,[406087] Kombinasi antara metode simetris dan asimetris menghasilkan sistem keamanan yang hibrida. Pengujian performa algoritma dilakukan dengan mengukur waktu eksekusi dan penggunaan memori. Artificial intelligence models require structured training datasets to improve accuracy. Cloud computing provides scalable resources over the internet for modern applications.
53,Sedang,1175,"[681892] Cloud computing provides scalable resources over the internet for modern applications. Optimasi kode pemrograman dapat meningkatkan kecepatan pemrosesan data secara signifikan. The quick brown fox jumps over the lazy dog to test typography and rendering speeds. Data science combines statistical analysis, machine learning, and domain expertise to solve problems."
53,Sedang,1176,[581029] Proses enkripsi mengubah plaintext menjadi ciphertext menggunakan kunci rahasia tertentu. Analisis data skala besar memerlukan infrastruktur komputasi yang kuat dan efisien. Mahasiswa wajib memastikan variasi ukuran file dan isi data tidak boleh ada yang identik. Kombinasi antara metode simetris dan asimetris menghasilkan sistem keamanan yang hibrida.
53,Sedang,1177,"[434465] Data science combines statistical analysis, machine learning, and domain expertise to solve problems. The quick brown fox jumps over the lazy dog to test typography and rendering speeds. Cloud computing provides scalable resources over the internet for modern applications. The quick brown fox jumps over the lazy dog to test typography and rendering speeds."
53,Sedang,1178,"[980575] Data science combines statistical analysis, machine learning, and domain expertise to solve problems. Optimasi kode pemrograman dapat meningkatkan kecepatan pemrosesan data secara signifikan. The quick brown fox jumps over the lazy dog to test typography and rendering speeds. Kombinasi antara metode simetris dan asimetris menghasilkan sistem keamanan yang hibrida."
53,Sedang,1179,[847430] Artificial intelligence models require structured training datasets to improve accuracy. Implementasi fungsi hash membantu menjaga integritas data dari manipulasi pihak ketiga. Cloud computing provides scalable resources over the internet for modern applications. Proses enkripsi mengubah plaintext menjadi ciphertext menggunakan kunci rahasia tertentu.
53,Sedang,1180,[903831] Implementasi fungsi hash membantu menjaga integritas data dari manipulasi pihak ketiga. Protokol jaringan bertugas mengatur komunikasi data antar perangkat agar berjalan lancar. Protokol jaringan bertugas mengatur komunikasi data antar perangkat agar berjalan lancar. Artificial intelligence models require structured training datasets to improve accuracy.
53,Sedang,1181,"[104901] Artificial intelligence models require structured training datasets to improve accuracy. Software engineering principles emphasize clean code, documentation, and thorough testing. Analisis data skala besar memerlukan infrastruktur komputasi yang kuat dan efisien. Kombinasi antara metode simetris dan asimetris menghasilkan sistem keamanan yang hibrida."
53,Sedang,1182,[942687] The quick brown fox jumps over the lazy dog to test typography and rendering speeds. Keamanan informasi menjadi pilar utama dalam pengembangan aplikasi berbasis web saat ini. Artificial intelligence models require structured training datasets to improve accuracy. Protokol jaringan bertugas mengatur komunikasi data antar perangkat agar berjalan lancar.
53,Sedang,1183,"[126464] Data science combines statistical analysis, machine learning, and domain expertise to solve problems. Protokol jaringan bertugas mengatur komunikasi data antar perangkat agar berjalan lancar. Mahasiswa wajib memastikan variasi ukuran file dan isi data tidak boleh ada yang identik. Kombinasi antara metode simetris dan asimetris menghasilkan sistem keamanan yang hibrida."
53,Sedang,1184,"[999523] Software engineering principles emphasize clean code, documentation, and thorough testing. Cloud computing provides scalable resources over the internet for modern applications. Keamanan informasi menjadi pilar utama dalam pengembangan aplikasi berbasis web saat ini. Protokol jaringan bertugas mengatur komunikasi data antar perangkat agar berjalan lancar."
53,Sedang,1185,[159266] Pengujian performa algoritma dilakukan dengan mengukur waktu eksekusi dan penggunaan memori. Keamanan informasi menjadi pilar utama dalam pengembangan aplikasi berbasis web saat ini. Kombinasi antara metode simetris dan asimetris menghasilkan sistem keamanan yang hibrida. Sistem kriptografi ini digunakan untuk mengamankan data sensitif dari akses yang tidak sah.
53,Sedang,1186,[109151] Keamanan informasi menjadi pilar utama dalam pengembangan aplikasi berbasis web saat ini. Pengujian performa algoritma dilakukan dengan mengukur waktu eksekusi dan penggunaan memori. Artificial intelligence models require structured training datasets to improve accuracy. Sistem kriptografi ini digunakan untuk mengamankan data sensitif dari akses yang tidak sah.
53,Sedang,1187,"[706885] Software engineering principles emphasize clean code, documentation, and thorough testing. Software engineering principles emphasize clean code, documentation, and thorough testing. Implementasi fungsi hash membantu menjaga integritas data dari manipulasi pihak ketiga. The quick brown fox jumps over the lazy dog to test typography and rendering speeds."
53,Sedang,1188,"[755156] Artificial intelligence models require structured training datasets to improve accuracy. Optimasi kode pemrograman dapat meningkatkan kecepatan pemrosesan data secara signifikan. Pengujian performa algoritma dilakukan dengan mengukur waktu eksekusi dan penggunaan memori. Software engineering principles emphasize clean code, documentation, and thorough testing."
53,Sedang,1189,[749998] Proses enkripsi mengubah plaintext menjadi ciphertext menggunakan kunci rahasia tertentu. Protokol jaringan bertugas mengatur komunikasi data antar perangkat agar berjalan lancar. Protokol jaringan bertugas mengatur komunikasi data antar perangkat agar berjalan lancar. Optimasi kode pemrograman dapat meningkatkan kecepatan pemrosesan data secara signifikan.
53,Sedang,1190,"[787448] Optimasi kode pemrograman dapat meningkatkan kecepatan pemrosesan data secara signifikan. Implementasi fungsi hash membantu menjaga integritas data dari manipulasi pihak ketiga. Optimasi kode pemrograman dapat meningkatkan kecepatan pemrosesan data secara signifikan. Data science combines statistical analysis, machine learning, and domain expertise to solve problems."
53,Sedang,1191,[789541] Proses enkripsi mengubah plaintext menjadi ciphertext menggunakan kunci rahasia tertentu. Optimasi kode pemrograman dapat meningkatkan kecepatan pemrosesan data secara signifikan. Optimasi kode pemrograman dapat meningkatkan kecepatan pemrosesan data secara signifikan. Mahasiswa wajib memastikan variasi ukuran file dan isi data tidak boleh ada yang identik.
53,Sedang,1192,[948571] Mahasiswa wajib memastikan variasi ukuran file dan isi data tidak boleh ada yang identik. Implementasi fungsi hash membantu menjaga integritas data dari manipulasi pihak ketiga. Keamanan informasi menjadi pilar utama dalam pengembangan aplikasi berbasis web saat ini. Sistem kriptografi ini digunakan untuk mengamankan data sensitif dari akses yang tidak sah.
53,Sedang,1193,"[323299] The quick brown fox jumps over the lazy dog to test typography and rendering speeds. Analisis data skala besar memerlukan infrastruktur komputasi yang kuat dan efisien. Software engineering principles emphasize clean code, documentation, and thorough testing. Implementasi fungsi hash membantu menjaga integritas data dari manipulasi pihak ketiga."
53,Sedang,1194,[265952] Artificial intelligence models require structured training datasets to improve accuracy. Protokol jaringan bertugas mengatur komunikasi data antar perangkat agar berjalan lancar. Optimasi kode pemrograman dapat meningkatkan kecepatan pemrosesan data secara signifikan. Artificial intelligence models require structured training datasets to improve accuracy.
53,Sedang,1195,[653369] Implementasi fungsi hash membantu menjaga integritas data dari manipulasi pihak ketiga. Mahasiswa wajib memastikan variasi ukuran file dan isi data tidak boleh ada yang identik. Optimasi kode pemrograman dapat meningkatkan kecepatan pemrosesan data secara signifikan. Analisis data skala besar memerlukan infrastruktur komputasi yang kuat dan efisien.
53,Sedang,1196,"[314541] Pengujian performa algoritma dilakukan dengan mengukur waktu eksekusi dan penggunaan memori. The quick brown fox jumps over the lazy dog to test typography and rendering speeds. Artificial intelligence models require structured training datasets to improve accuracy. Software engineering principles emphasize clean code, documentation, and thorough testing."
53,Sedang,1197,[194267] Kombinasi antara metode simetris dan asimetris menghasilkan sistem keamanan yang hibrida. Implementasi fungsi hash membantu menjaga integritas data dari manipulasi pihak ketiga. Keamanan informasi menjadi pilar utama dalam pengembangan aplikasi berbasis web saat ini. Artificial intelligence models require structured training datasets to improve accuracy.
53,Sedang,1198,"[140665] Software engineering principles emphasize clean code, documentation, and thorough testing. Analisis data skala besar memerlukan infrastruktur komputasi yang kuat dan efisien. Keamanan informasi menjadi pilar utama dalam pengembangan aplikasi berbasis web saat ini. The quick brown fox jumps over the lazy dog to test typography and rendering speeds."
53,Sedang,1199,"[956381] Data science combines statistical analysis, machine learning, and domain expertise to solve problems. Cloud computing provides scalable resources over the internet for modern applications. Kombinasi antara metode simetris dan asimetris menghasilkan sistem keamanan yang hibrida. Keamanan informasi menjadi pilar utama dalam pengembangan aplikasi berbasis web saat ini."
53,Sedang,1200,[592392] Analisis data skala besar memerlukan infrastruktur komputasi yang kuat dan efisien. Pengujian performa algoritma dilakukan dengan mengukur waktu eksekusi dan penggunaan memori. Optimasi kode pemrograman dapat meningkatkan kecepatan pemrosesan data secara signifikan. Proses enkripsi mengubah plaintext menjadi ciphertext menggunakan kunci rahasia tertentu.
53,Sedang,1201,[684907] Analisis data skala besar memerlukan infrastruktur komputasi yang kuat dan efisien. Protokol jaringan bertugas mengatur komunikasi data antar perangkat agar berjalan lancar. Pengujian performa algoritma dilakukan dengan mengukur waktu eksekusi dan penggunaan memori. Sistem kriptografi ini digunakan untuk mengamankan data sensitif dari akses yang tidak sah.
53,Sedang,1202,"[782812] Mahasiswa wajib memastikan variasi ukuran file dan isi data tidak boleh ada yang identik. Software engineering principles emphasize clean code, documentation, and thorough testing. Software engineering principles emphasize clean code, documentation, and thorough testing. Keamanan informasi menjadi pilar utama dalam pengembangan aplikasi berbasis web saat ini."
53,Sedang,1203,[576419] Kombinasi antara metode simetris dan asimetris menghasilkan sistem keamanan yang hibrida. Cloud computing provides scalable resources over the internet for modern applications. Kombinasi antara metode simetris dan asimetris menghasilkan sistem keamanan yang hibrida. Pengujian performa algoritma dilakukan dengan mengukur waktu eksekusi dan penggunaan memori.
53,Sedang,1204,[835625] Implementasi fungsi hash membantu menjaga integritas data dari manipulasi pihak ketiga. Pengujian performa algoritma dilakukan dengan mengukur waktu eksekusi dan penggunaan memori. Optimasi kode pemrograman dapat meningkatkan kecepatan pemrosesan data secara signifikan. Kombinasi antara metode simetris dan asimetris menghasilkan sistem keamanan yang hibrida.
53,Sedang,1205,[970573] Optimasi kode pemrograman dapat meningkatkan kecepatan pemrosesan data secara signifikan. Mahasiswa wajib memastikan variasi ukuran file dan isi data tidak boleh ada yang identik. Optimasi kode pemrograman dapat meningkatkan kecepatan pemrosesan data secara signifikan. Analisis data skala besar memerlukan infrastruktur komputasi yang kuat dan efisien.
53,Sedang,1206,[539106] Analisis data skala besar memerlukan infrastruktur komputasi yang kuat dan efisien. Kombinasi antara metode simetris dan asimetris menghasilkan sistem keamanan yang hibrida. Analisis data skala besar memerlukan infrastruktur komputasi yang kuat dan efisien. Optimasi kode pemrograman dapat meningkatkan kecepatan pemrosesan data secara signifikan.
53,Sedang,1207,"[703899] Data science combines statistical analysis, machine learning, and domain expertise to solve problems. Keamanan informasi menjadi pilar utama dalam pengembangan aplikasi berbasis web saat ini. Protokol jaringan bertugas mengatur komunikasi data antar perangkat agar berjalan lancar. Software engineering principles emphasize clean code, documentation, and thorough testing."
53,Sedang,1208,"[804905] Kombinasi antara metode simetris dan asimetris menghasilkan sistem keamanan yang hibrida. Protokol jaringan bertugas mengatur komunikasi data antar perangkat agar berjalan lancar. Data science combines statistical analysis, machine learning, and domain expertise to solve problems. Analisis data skala besar memerlukan infrastruktur komputasi yang kuat dan efisien."
53,Sedang,1209,[810762] Proses enkripsi mengubah plaintext menjadi ciphertext menggunakan kunci rahasia tertentu. Mahasiswa wajib memastikan variasi ukuran file dan isi data tidak boleh ada yang identik. Optimasi kode pemrograman dapat meningkatkan kecepatan pemrosesan data secara signifikan. Pengujian performa algoritma dilakukan dengan mengukur waktu eksekusi dan penggunaan memori.
53,Sedang,1210,"[175669] Data science combines statistical analysis, machine learning, and domain expertise to solve problems. Software engineering principles emphasize clean code, documentation, and thorough testing. Keamanan informasi menjadi pilar utama dalam pengembangan aplikasi berbasis web saat ini. Pengujian performa algoritma dilakukan dengan mengukur waktu eksekusi dan penggunaan memori."
53,Sedang,1211,[196525] Cloud computing provides scalable resources over the internet for modern applications. Mahasiswa wajib memastikan variasi ukuran file dan isi data tidak boleh ada yang identik. The quick brown fox jumps over the lazy dog to test typography and rendering speeds. Keamanan informasi menjadi pilar utama dalam pengembangan aplikasi berbasis web saat ini.
53,Sedang,1212,"[646451] Proses enkripsi mengubah plaintext menjadi ciphertext menggunakan kunci rahasia tertentu. The quick brown fox jumps over the lazy dog to test typography and rendering speeds. Protokol jaringan bertugas mengatur komunikasi data antar perangkat agar berjalan lancar. Data science combines statistical analysis, machine learning, and domain expertise to solve problems."
53,Sedang,1213,"[564603] Software engineering principles emphasize clean code, documentation, and thorough testing. Kombinasi antara metode simetris dan asimetris menghasilkan sistem keamanan yang hibrida. Kombinasi antara metode simetris dan asimetris menghasilkan sistem keamanan yang hibrida. Pengujian performa algoritma dilakukan dengan mengukur waktu eksekusi dan penggunaan memori."
53,Sedang,1214,[471225] Mahasiswa wajib memastikan variasi ukuran file dan isi data tidak boleh ada yang identik. Implementasi fungsi hash membantu menjaga integritas data dari manipulasi pihak ketiga. Artificial intelligence models require structured training datasets to improve accuracy. Mahasiswa wajib memastikan variasi ukuran file dan isi data tidak boleh ada yang identik.
53,Sedang,1215,"[204098] Pengujian performa algoritma dilakukan dengan mengukur waktu eksekusi dan penggunaan memori. Software engineering principles emphasize clean code, documentation, and thorough testing. Mahasiswa wajib memastikan variasi ukuran file dan isi data tidak boleh ada yang identik. Artificial intelligence models require structured training datasets to improve accuracy."
53,Sedang,1216,"[111518] Data science combines statistical analysis, machine learning, and domain expertise to solve problems. Data science combines statistical analysis, machine learning, and domain expertise to solve problems. The quick brown fox jumps over the lazy dog to test typography and rendering speeds. Cloud computing provides scalable resources over the internet for modern applications."
53,Sedang,1217,[886716] Sistem kriptografi ini digunakan untuk mengamankan data sensitif dari akses yang tidak sah. Sistem kriptografi ini digunakan untuk mengamankan data sensitif dari akses yang tidak sah. Mahasiswa wajib memastikan variasi ukuran file dan isi data tidak boleh ada yang identik. Implementasi fungsi hash membantu menjaga integritas data dari manipulasi pihak ketiga.
53,Sedang,1218,[751371] Keamanan informasi menjadi pilar utama dalam pengembangan aplikasi berbasis web saat ini. Analisis data skala besar memerlukan infrastruktur komputasi yang kuat dan efisien. Keamanan informasi menjadi pilar utama dalam pengembangan aplikasi berbasis web saat ini. Artificial intelligence models require structured training datasets to improve accuracy.
53,Sedang,1219,[680114] Implementasi fungsi hash membantu menjaga integritas data dari manipulasi pihak ketiga. Keamanan informasi menjadi pilar utama dalam pengembangan aplikasi berbasis web saat ini. Artificial intelligence models require structured training datasets to improve accuracy. Artificial intelligence models require structured training datasets to improve accuracy.
53,Sedang,1220,[404556] The quick brown fox jumps over the lazy dog to test typography and rendering speeds. Mahasiswa wajib memastikan variasi ukuran file dan isi data tidak boleh ada yang identik. Kombinasi antara metode simetris dan asimetris menghasilkan sistem keamanan yang hibrida. Keamanan informasi menjadi pilar utama dalam pengembangan aplikasi berbasis web saat ini.
53,Sedang,1221,"[294428] Protokol jaringan bertugas mengatur komunikasi data antar perangkat agar berjalan lancar. Sistem kriptografi ini digunakan untuk mengamankan data sensitif dari akses yang tidak sah. The quick brown fox jumps over the lazy dog to test typography and rendering speeds. Data science combines statistical analysis, machine learning, and domain expertise to solve problems."
53,Sedang,1222,[341690] Cloud computing provides scalable resources over the internet for modern applications. Mahasiswa wajib memastikan variasi ukuran file dan isi data tidak boleh ada yang identik. Sistem kriptografi ini digunakan untuk mengamankan data sensitif dari akses yang tidak sah. Cloud computing provides scalable resources over the internet for modern applications.
53,Sedang,1223,[443820] Protokol jaringan bertugas mengatur komunikasi data antar perangkat agar berjalan lancar. Implementasi fungsi hash membantu menjaga integritas data dari manipulasi pihak ketiga. Cloud computing provides scalable resources over the internet for modern applications. Proses enkripsi mengubah plaintext menjadi ciphertext menggunakan kunci rahasia tertentu.
53,Sedang,1224,"[974317] Software engineering principles emphasize clean code, documentation, and thorough testing. Pengujian performa algoritma dilakukan dengan mengukur waktu eksekusi dan penggunaan memori. Kombinasi antara metode simetris dan asimetris menghasilkan sistem keamanan yang hibrida. Pengujian performa algoritma dilakukan dengan mengukur waktu eksekusi dan penggunaan memori."
53,Sedang,1225,[661678] Sistem kriptografi ini digunakan untuk mengamankan data sensitif dari akses yang tidak sah. Implementasi fungsi hash membantu menjaga integritas data dari manipulasi pihak ketiga. Optimasi kode pemrograman dapat meningkatkan kecepatan pemrosesan data secara signifikan. Pengujian performa algoritma dilakukan dengan mengukur waktu eksekusi dan penggunaan memori.
53,Sedang,1226,[416441] Kombinasi antara metode simetris dan asimetris menghasilkan sistem keamanan yang hibrida. Implementasi fungsi hash membantu menjaga integritas data dari manipulasi pihak ketiga. The quick brown fox jumps over the lazy dog to test typography and rendering speeds. Proses enkripsi mengubah plaintext menjadi ciphertext menggunakan kunci rahasia tertentu.
53,Sedang,1227,"[886302] Optimasi kode pemrograman dapat meningkatkan kecepatan pemrosesan data secara signifikan. Protokol jaringan bertugas mengatur komunikasi data antar perangkat agar berjalan lancar. Software engineering principles emphasize clean code, documentation, and thorough testing. Pengujian performa algoritma dilakukan dengan mengukur waktu eksekusi dan penggunaan memori."
53,Sedang,1228,[345827] Pengujian performa algoritma dilakukan dengan mengukur waktu eksekusi dan penggunaan memori. Implementasi fungsi hash membantu menjaga integritas data dari manipulasi pihak ketiga. Keamanan informasi menjadi pilar utama dalam pengembangan aplikasi berbasis web saat ini. Optimasi kode pemrograman dapat meningkatkan kecepatan pemrosesan data secara signifikan.
53,Sedang,1229,[763939] Optimasi kode pemrograman dapat meningkatkan kecepatan pemrosesan data secara signifikan. Implementasi fungsi hash membantu menjaga integritas data dari manipulasi pihak ketiga. Proses enkripsi mengubah plaintext menjadi ciphertext menggunakan kunci rahasia tertentu. Artificial intelligence models require structured training datasets to improve accuracy.
53,Sedang,1230,[957128] Optimasi kode pemrograman dapat meningkatkan kecepatan pemrosesan data secara signifikan. Artificial intelligence models require structured training datasets to improve accuracy. Optimasi kode pemrograman dapat meningkatkan kecepatan pemrosesan data secara signifikan. Optimasi kode pemrograman dapat meningkatkan kecepatan pemrosesan data secara signifikan.
53,Sedang,1231,[438508] Pengujian performa algoritma dilakukan dengan mengukur waktu eksekusi dan penggunaan memori. Protokol jaringan bertugas mengatur komunikasi data antar perangkat agar berjalan lancar. Protokol jaringan bertugas mengatur komunikasi data antar perangkat agar berjalan lancar. Kombinasi antara metode simetris dan asimetris menghasilkan sistem keamanan yang hibrida.
53,Sedang,1232,"[374812] Cloud computing provides scalable resources over the internet for modern applications. Software engineering principles emphasize clean code, documentation, and thorough testing. Protokol jaringan bertugas mengatur komunikasi data antar perangkat agar berjalan lancar. The quick brown fox jumps over the lazy dog to test typography and rendering speeds."
53,Sedang,1233,"[673787] Sistem kriptografi ini digunakan untuk mengamankan data sensitif dari akses yang tidak sah. Software engineering principles emphasize clean code, documentation, and thorough testing. Pengujian performa algoritma dilakukan dengan mengukur waktu eksekusi dan penggunaan memori. Artificial intelligence models require structured training datasets to improve accuracy."
53,Sedang,1234,[869767] Pengujian performa algoritma dilakukan dengan mengukur waktu eksekusi dan penggunaan memori. Keamanan informasi menjadi pilar utama dalam pengembangan aplikasi berbasis web saat ini. Keamanan informasi menjadi pilar utama dalam pengembangan aplikasi berbasis web saat ini. Optimasi kode pemrograman dapat meningkatkan kecepatan pemrosesan data secara signifikan.
53,Sedang,1235,[608174] Sistem kriptografi ini digunakan untuk mengamankan data sensitif dari akses yang tidak sah. Kombinasi antara metode simetris dan asimetris menghasilkan sistem keamanan yang hibrida. Pengujian performa algoritma dilakukan dengan mengukur waktu eksekusi dan penggunaan memori. Optimasi kode pemrograman dapat meningkatkan kecepatan pemrosesan data secara signifikan.
53,Sedang,1236,[671650] Mahasiswa wajib memastikan variasi ukuran file dan isi data tidak boleh ada yang identik. Analisis data skala besar memerlukan infrastruktur komputasi yang kuat dan efisien. Pengujian performa algoritma dilakukan dengan mengukur waktu eksekusi dan penggunaan memori. Pengujian performa algoritma dilakukan dengan mengukur waktu eksekusi dan penggunaan memori.
53,Sedang,1237,[902466] Implementasi fungsi hash membantu menjaga integritas data dari manipulasi pihak ketiga. Pengujian performa algoritma dilakukan dengan mengukur waktu eksekusi dan penggunaan memori. Keamanan informasi menjadi pilar utama dalam pengembangan aplikasi berbasis web saat ini. Kombinasi antara metode simetris dan asimetris menghasilkan sistem keamanan yang hibrida.
53,Sedang,1238,[432334] Proses enkripsi mengubah plaintext menjadi ciphertext menggunakan kunci rahasia tertentu. Proses enkripsi mengubah plaintext menjadi ciphertext menggunakan kunci rahasia tertentu. Kombinasi antara metode simetris dan asimetris menghasilkan sistem keamanan yang hibrida. Proses enkripsi mengubah plaintext menjadi ciphertext menggunakan kunci rahasia tertentu.
53,Sedang,1239,[160776] Optimasi kode pemrograman dapat meningkatkan kecepatan pemrosesan data secara signifikan. Keamanan informasi menjadi pilar utama dalam pengembangan aplikasi berbasis web saat ini. Implementasi fungsi hash membantu menjaga integritas data dari manipulasi pihak ketiga. The quick brown fox jumps over the lazy dog to test typography and rendering speeds.
53,Sedang,1240,[225461] Artificial intelligence models require structured training datasets to improve accuracy. Keamanan informasi menjadi pilar utama dalam pengembangan aplikasi berbasis web saat ini. The quick brown fox jumps over the lazy dog to test typography and rendering speeds. Proses enkripsi mengubah plaintext menjadi ciphertext menggunakan kunci rahasia tertentu.
53,Sedang,metadata,size_bytes=457928
